2.955490946769714355e-01,-3.629190921783447266e+00,-1.882494091987609863e+00
4.065166711807250977e-01,-3.716035842895507812e+00,-1.813338756561279297e+00
8.721126317977905273e-01,-3.620695829391479492e+00,-1.767397880554199219e+00
-1.726677060127258301e+00,-3.489789009094238281e+00,-1.899981379508972168e+00
-2.757999897003173828e+00,-2.561650037765502930e+00,-1.835000038146972656e+00
2.804098606109619141e+00,-2.554972410202026367e+00,-2.030886888504028320e+00
3.115999937057495117e+00,-2.192950010299682617e+00,-2.039000034332275391e+00
-2.929677963256835938e+00,-1.967258453369140625e+00,-1.778726696968078613e+00
-3.206898927688598633e+00,-1.421585559844970703e+00,-1.850201010704040527e+00
-3.106626510620117188e+00,-1.635885953903198242e+00,-1.822191119194030762e+00
3.591702222824096680e+00,-1.686987042427062988e+00,-1.855468630790710449e+00
-3.263449668884277344e+00,-1.283416748046875000e+00,-1.895675778388977051e+00
-3.581714391708374023e+00,-4.883494973182678223e-01,-1.874063134193420410e+00
-3.732296943664550781e+00,-8.810712397098541260e-02,-1.787875175476074219e+00
-3.703890085220336914e+00,3.023734986782073975e-01,-1.839682459831237793e+00
3.789000034332275391e+00,1.089876055717468262e+00,-1.927999973297119141e+00
3.714605569839477539e+00,1.447174668312072754e+00,-1.805172204971313477e+00
-1.777569055557250977e+00,3.359268426895141602e+00,-1.772411942481994629e+00
-1.398651957511901855e+00,3.576257467269897461e+00,-1.843672752380371094e+00
1.156271696090698242e+00,3.832852602005004883e+00,-1.949733853340148926e+00
1.644680857658386230e+00,3.685264348983764648e+00,-1.911946415901184082e+00
6.123474240303039551e-01,3.934589385986328125e+00,-1.814976692199707031e+00
-6.129999756813049316e-01,-3.866950035095214844e+00,-1.552000045776367188e+00
-2.110787779092788696e-01,-4.068490505218505859e+00,-1.623454570770263672e+00
-1.374799728393554688e+00,-3.683784008026123047e+00,-1.459381580352783203e+00
-4.733455181121826172e-01,-3.756093502044677734e+00,-1.608462095260620117e+00
-2.549409270286560059e-01,-3.668206214904785156e+00,-1.741017222404479980e+00
1.542189121246337891e-01,-3.760131835937500000e+00,-1.612531661987304688e+00
5.313104987144470215e-01,-3.690649747848510742e+00,-1.439889192581176758e+00
8.100308179855346680e-01,-3.651103258132934570e+00,-1.616432547569274902e+00
1.076475739479064941e+00,-3.597083806991577148e+00,-1.524013757705688477e+00
-2.195462703704833984e+00,-3.154141187667846680e+00,-1.721305608749389648e+00
-1.930028915405273438e+00,-3.378515005111694336e+00,-1.613482952117919922e+00
-1.717709302902221680e+00,-3.473965406417846680e+00,-1.658603906631469727e+00
1.338530302047729492e+00,-3.454021453857421875e+00,-1.561047792434692383e+00
1.590658903121948242e+00,-3.366829395294189453e+00,-1.426470398902893066e+00
1.907342553138732910e+00,-3.327311277389526367e+00,-1.691959381103515625e+00
-2.205727100372314453e+00,-2.995775699615478516e+00,-1.429654359817504883e+00
2.261333942413330078e+00,-3.030671596527099609e+00,-1.596176505088806152e+00
2.500377178192138672e+00,-2.852686166763305664e+00,-1.606077313423156738e+00
2.677174091339111328e+00,-2.699256181716918945e+00,-1.745066285133361816e+00
2.835191488265991211e+00,-2.560369491577148438e+00,-1.493046998977661133e+00
-2.854878187179565430e+00,-2.363990306854248047e+00,-1.503022909164428711e+00
3.093620300292968750e+00,-2.275374650955200195e+00,-1.533368110656738281e+00
-2.951087474822998047e+00,-1.876331210136413574e+00,-1.501702070236206055e+00
-3.175131320953369141e+00,-1.608860731124877930e+00,-1.499453902244567871e+00
-3.094790458679199219e+00,-1.679636955261230469e+00,-1.598285675048828125e+00
3.696102619171142578e+00,-1.461030840873718262e+00,-1.710172891616821289e+00
-3.252002954483032227e+00,-1.267758369445800781e+00,-1.661042571067810059e+00
3.753444671630859375e+00,-1.350629210472106934e+00,-1.543064713478088379e+00
-3.392718315124511719e+00,-7.915143966674804688e-01,-1.612321257591247559e+00
-3.528138637542724609e+00,-4.207603931427001953e-01,-1.736686229705810547e+00
-3.446909904479980469e+00,-5.811582207679748535e-01,-1.735947132110595703e+00
3.842000007629394531e+00,-4.356499910354614258e-01,-1.493999958038330078e+00
-3.539941072463989258e+00,-2.508837282657623291e-01,-1.646959900856018066e+00
3.917059183120727539e+00,-2.469032555818557739e-01,-1.547714233398437500e+00
3.868708133697509766e+00,1.254351586103439331e-01,-1.519979953765869141e+00
-3.712215662002563477e+00,4.108716249465942383e-01,-1.591127276420593262e+00
3.816029548645019531e+00,5.921953916549682617e-01,-1.491539001464843750e+00
-3.729563951492309570e+00,7.368166446685791016e-01,-1.696541190147399902e+00
-3.566537857055664062e+00,1.259898185729980469e+00,-1.540412902832031250e+00
3.624000072479248047e+00,1.133561968803405762e+00,-1.549000024795532227e+00
3.644432783126831055e+00,1.449967145919799805e+00,-1.460161328315734863e+00
-3.187999963760375977e+00,1.944180011749267578e+00,-1.733000040054321289e+00
3.589913368225097656e+00,1.944683313369750977e+00,-1.599211573600769043e+00
-2.581818819046020508e+00,2.688442468643188477e+00,-1.531005024909973145e+00
-2.332408905029296875e+00,2.936218738555908203e+00,-1.464257001876831055e+00
2.299746990203857422e+00,3.105206966400146484e+00,-1.499873042106628418e+00
-1.694898247718811035e+00,3.321791410446166992e+00,-1.421349167823791504e+00
2.109449863433837891e+00,3.183037757873535156e+00,-1.537427902221679688e+00
-1.506480216979980469e+00,3.583946228027343750e+00,-1.567840099334716797e+00
-9.714276790618896484e-01,3.756341218948364258e+00,-1.532637119293212891e+00
1.043393850326538086e+00,3.813986539840698242e+00,-1.583087086677551270e+00
1.188427686691284180e+00,3.767982482910156250e+00,-1.561503648757934570e+00
1.741379499435424805e+00,3.550302028656005859e+00,-1.464733600616455078e+00
1.750165700912475586e+00,3.571039438247680664e+00,-1.564046621322631836e+00
-7.699999958276748657e-02,3.933949947357177734e+00,-1.631000041961669922e+00
4.100000113248825073e-02,4.021649837493896484e+00,-1.554999947547912598e+00
5.028877258300781250e-01,3.953746318817138672e+00,-1.594768524169921875e+00
8.373159766197204590e-01,3.868380069732666016e+00,-1.653970599174499512e+00
-1.401542305946350098e+00,-3.542203426361083984e+00,-1.379828691482543945e+00
-1.215000033378601074e+00,-3.538949966430664062e+00,-1.108000040054321289e+00
-7.403594851493835449e-01,-3.555426597595214844e+00,-1.251420974731445312e+00
-8.836067467927932739e-02,-3.559438228607177734e+00,-1.131888508796691895e+00
3.136563897132873535e-01,-3.649874210357666016e+00,-1.285329103469848633e+00
5.458508729934692383e-01,-3.737529516220092773e+00,-1.264705181121826172e+00
9.008328318595886230e-01,-3.638278007507324219e+00,-1.241624593734741211e+00
1.214871764183044434e+00,-3.572228431701660156e+00,-1.309821128845214844e+00
-1.810999989509582520e+00,-3.195250034332275391e+00,-1.141000032424926758e+00
1.510743141174316406e+00,-3.417212486267089844e+00,-1.284933567047119141e+00
1.872193694114685059e+00,-3.261062622070312500e+00,-1.158058643341064453e+00
2.125033140182495117e+00,-3.172748088836669922e+00,-1.156974434852600098e+00
-2.375540733337402344e+00,-2.884161472320556641e+00,-1.198733568191528320e+00
2.344290494918823242e+00,-2.972176790237426758e+00,-1.320034623146057129e+00
-2.622043609619140625e+00,-2.594574213027954102e+00,-1.206555843353271484e+00
-2.417394876480102539e+00,-2.784755468368530273e+00,-1.118007540702819824e+00
2.644940376281738281e+00,-2.730349063873291016e+00,-1.188863873481750488e+00
-2.849951505661010742e+00,-2.254424095153808594e+00,-1.367519974708557129e+00
-2.699985265731811523e+00,-2.259983539581298828e+00,-1.155906915664672852e+00
2.940074920654296875e+00,-2.214861869812011719e+00,-1.238003015518188477e+00
-2.949932098388671875e+00,-1.942362785339355469e+00,-1.319116115570068359e+00
3.542493581771850586e+00,-1.528418302536010742e+00,-1.214382648468017578e+00
3.639307498931884766e+00,-1.222631692886352539e+00,-1.153014183044433594e+00
3.861999988555908203e+00,-1.054849982261657715e+00,-1.389999985694885254e+00
3.804514646530151367e+00,-9.373694062232971191e-01,-1.253224134445190430e+00
-3.542838573455810547e+00,-4.623564481735229492e-01,-1.237638473510742188e+00
-3.389329433441162109e+00,-6.288450360298156738e-01,-1.231983304023742676e+00
3.834735393524169922e+00,-4.968626797199249268e-01,-1.065576076507568359e+00
3.839974880218505859e+00,-8.742176741361618042e-02,-1.099849224090576172e+00
3.906364917755126953e+00,-6.262031942605972290e-02,-1.336325287818908691e+00
3.836434602737426758e+00,1.032967120409011841e-01,-1.112125158309936523e+00
3.870346307754516602e+00,1.248739361763000488e-01,-1.280055522918701172e+00
-3.660000085830688477e+00,6.894999742507934570e-01,-1.268000006675720215e+00
3.799093723297119141e+00,5.183894634246826172e-01,-1.064699649810791016e+00
-3.743999958038330078e+00,7.324900031089782715e-01,-1.297999978065490723e+00
3.758158683776855469e+00,1.049597740173339844e+00,-1.368457555770874023e+00
-3.368977069854736328e+00,1.282341003417968750e+00,-1.142724871635437012e+00
-3.381829500198364258e+00,1.655041694641113281e+00,-1.072216987609863281e+00
-3.227999925613403320e+00,1.963140010833740234e+00,-1.243000030517578125e+00
3.479096174240112305e+00,1.948781251907348633e+00,-1.381072878837585449e+00
-2.906000137329101562e+00,2.202650070190429688e+00,-1.164499998092651367e+00
3.149149417877197266e+00,2.313505887985229492e+00,-1.068487644195556641e+00
3.356421470642089844e+00,2.213743925094604492e+00,-1.221829891204833984e+00
3.040281772613525391e+00,2.472025871276855469e+00,-1.238278865814208984e+00
-1.445850849151611328e+00,3.450338125228881836e+00,-1.129061698913574219e+00
1.944296002388000488e+00,3.391323089599609375e+00,-1.186745762825012207e+00
2.279162168502807617e+00,3.259936571121215820e+00,-1.230605244636535645e+00
-1.209423422813415527e+00,3.613404512405395508e+00,-1.209172129631042480e+00
-5.176522135734558105e-01,3.800770998001098633e+00,-1.213122725486755371e+00
-1.947024464607238770e-01,3.720985651016235352e+00,-1.205623745918273926e+00
2.661150991916656494e-01,3.826071977615356445e+00,-1.295892834663391113e+00
4.863665401935577393e-01,3.803346395492553711e+00,-1.259324908256530762e+00
8.930672407150268555e-01,3.792736768722534180e+00,-1.273143053054809570e+00
1.352210283279418945e+00,3.693983078002929688e+00,-1.345743060111999512e+00
1.585188388824462891e+00,3.614535093307495117e+00,-1.206383943557739258e+00
1.772323369979858398e+00,3.510262012481689453e+00,-1.231194853782653809e+00
-7.380011081695556641e-01,4.099381446838378906e+00,-1.149948239326477051e+00
-6.059440970420837402e-01,3.851749420166015625e+00,-1.136168956756591797e+00
3.434648513793945312e-01,3.892992973327636719e+00,-1.363089680671691895e+00
5.305210947990417480e-01,3.853322505950927734e+00,-1.269485354423522949e+00
7.128821611404418945e-01,3.858518362045288086e+00,-1.225239515304565430e+00
-7.017943263053894043e-01,-3.551604270935058594e+00,-9.497560262680053711e-01
-5.776771306991577148e-01,-3.578268051147460938e+00,-1.006581068038940430e+00
1.986751407384872437e-01,-3.598566770553588867e+00,-8.960804939270019531e-01
-1.587890744209289551e+00,-3.275841712951660156e+00,-7.566164731979370117e-01
-1.099639296531677246e+00,-3.481204748153686523e+00,-1.028743743896484375e+00
1.395164012908935547e+00,-3.349179506301879883e+00,-7.255237698554992676e-01
1.549748659133911133e+00,-3.314184904098510742e+00,-8.540132045745849609e-01
1.778569340705871582e+00,-3.219582080841064453e+00,-9.055126905441284180e-01
-2.326533079147338867e+00,-2.807811021804809570e+00,-1.013516187667846680e+00
-2.011998414993286133e+00,-3.042908668518066406e+00,-8.729915022850036621e-01
1.944542407989501953e+00,-3.090560674667358398e+00,-7.847624421119689941e-01
2.272937059402465820e+00,-2.867498636245727539e+00,-8.332439064979553223e-01
-2.423382997512817383e+00,-2.536020278930664062e+00,-8.520035743713378906e-01
2.578783750534057617e+00,-2.724555015563964844e+00,-1.008321166038513184e+00
-2.625597000122070312e+00,-2.260542631149291992e+00,-8.633928894996643066e-01
2.883307456970214844e+00,-2.267969131469726562e+00,-8.375899195671081543e-01
-2.587844133377075195e+00,-2.060450553894042969e+00,-7.596446275711059570e-01
3.104631185531616211e+00,-2.020085573196411133e+00,-8.609414696693420410e-01
3.334984779357910156e+00,-1.947934389114379883e+00,-9.258618354797363281e-01
3.387250661849975586e+00,-1.602324962615966797e+00,-8.371285796165466309e-01
-3.190999984741210938e+00,-1.060050010681152344e+00,-9.900000095367431641e-01
-3.006999969482421875e+00,-1.123450040817260742e+00,-9.539999961853027344e-01
-3.224987030029296875e+00,-1.021635890007019043e+00,-9.255180358886718750e-01
3.650997400283813477e+00,-1.046725273132324219e+00,-9.489161372184753418e-01
-3.369602203369140625e+00,-3.746809363365173340e-01,-7.235430479049682617e-01
3.764256715774536133e+00,-4.814157485961914062e-01,-8.181796073913574219e-01
-3.587599992752075195e+00,-2.709152400493621826e-01,-1.008835554122924805e+00
-3.447016716003417969e+00,-8.130521327257156372e-02,-7.238487601280212402e-01
3.705572605133056641e+00,-1.091198027133941650e-01,-8.724097013473510742e-01
3.703292369842529297e+00,1.437112241983413696e-01,-8.368256688117980957e-01
-3.769000053405761719e+00,3.832800090312957764e-01,-7.440000176429748535e-01
3.713480472564697266e+00,4.099124968051910400e-01,-7.863317131996154785e-01
-3.301150321960449219e+00,1.520436644554138184e+00,-9.178275465965270996e-01
3.622587919235229492e+00,1.616297245025634766e+00,-8.611382246017456055e-01
3.352225780487060547e+00,1.959716439247131348e+00,-7.887758612632751465e-01
3.274092674255371094e+00,2.143040180206298828e+00,-9.257763624191284180e-01
-2.337834835052490234e+00,2.690407991409301758e+00,-9.450264573097229004e-01
2.758487462997436523e+00,2.617395639419555664e+00,-7.040047049522399902e-01
2.955843925476074219e+00,2.557063102722167969e+00,-9.020625948905944824e-01
-2.182823896408081055e+00,2.898649454116821289e+00,-8.250312209129333496e-01
2.427318334579467773e+00,3.037460088729858398e+00,-9.085275530815124512e-01
-1.832700490951538086e+00,3.282674312591552734e+00,-9.581521749496459961e-01
-1.567741751670837402e+00,3.377984285354614258e+00,-8.383212089538574219e-01
-1.299569725990295410e+00,3.479942560195922852e+00,-1.000758886337280273e+00
1.930036306381225586e+00,3.355903625488281250e+00,-8.582178950309753418e-01
-8.783490061759948730e-01,3.676057815551757812e+00,-8.965094685554504395e-01
1.707360893487930298e-01,3.777534484863281250e+00,-7.820355296134948730e-01
3.811996877193450928e-01,3.838560819625854492e+00,-7.009760141372680664e-01
9.432821869850158691e-01,3.771499872207641602e+00,-8.351368904113769531e-01
1.263407349586486816e+00,3.746285200119018555e+00,-9.420712590217590332e-01
1.531203746795654297e+00,3.612143993377685547e+00,-8.153553009033203125e-01
-3.289648592472076416e-01,3.903679609298706055e+00,-1.001000881195068359e+00
-1.716520935297012329e-01,-3.707961797714233398e+00,-6.178652644157409668e-01
-1.585344433784484863e+00,-3.204746246337890625e+00,-5.665418505668640137e-01
-1.327941775321960449e+00,-3.250259876251220703e+00,-4.860984385013580322e-01
-9.487822651863098145e-01,-3.395420551300048828e+00,-5.352894067764282227e-01
-6.489506959915161133e-01,-3.382507085800170898e+00,-4.110751450061798096e-01
6.270081996917724609e-01,-3.390713453292846680e+00,-4.443786740303039551e-01
1.313666820526123047e+00,-3.222065687179565430e+00,-5.561283826828002930e-01
1.545629858970642090e+00,-3.153677701950073242e+00,-3.639857172966003418e-01
1.763919711112976074e+00,-3.158901214599609375e+00,-6.649274230003356934e-01
-2.026999950408935547e+00,-3.000950098037719727e+00,-4.259999990463256836e-01
-1.604359626770019531e+00,-3.103654146194458008e+00,-4.252711534500122070e-01
1.967253446578979492e+00,-2.950859785079956055e+00,-5.206301212310791016e-01
2.334134817123413086e+00,-2.806826591491699219e+00,-5.234870314598083496e-01
-2.243999958038330078e+00,-2.694649934768676758e+00,-6.029999852180480957e-01
2.390425920486450195e+00,-2.693778991699218750e+00,-5.086007714271545410e-01
-2.578062057495117188e+00,-2.229647159576416016e+00,-6.914739608764648438e-01
-2.252779006958007812e+00,-2.269059658050537109e+00,-3.680393397808074951e-01
2.802000045776367188e+00,-2.294850111007690430e+00,-6.809999942779541016e-01
-2.512008666992187500e+00,-2.056667566299438477e+00,-6.298239231109619141e-01
-2.423429250717163086e+00,-1.991972208023071289e+00,-3.885083496570587158e-01
3.041723728179931641e+00,-1.910404801368713379e+00,-5.164762735366821289e-01
3.162289381027221680e+00,-1.810779929161071777e+00,-4.608635008335113525e-01
-3.004259586334228516e+00,-1.497789144515991211e+00,-6.523879170417785645e-01
3.253593444824218750e+00,-1.674556851387023926e+00,-5.322986245155334473e-01
-3.041503667831420898e+00,-1.201553344726562500e+00,-4.820387661457061768e-01
3.561098814010620117e+00,-1.286505222320556641e+00,-5.156594514846801758e-01
-3.232076883316040039e+00,-8.175821304321289062e-01,-6.146861910820007324e-01
-3.110897302627563477e+00,-8.188977241516113281e-01,-4.794403612613677979e-01
3.692461252212524414e+00,-9.284346103668212891e-01,-5.822244882583618164e-01
-3.243024349212646484e+00,-6.126291155815124512e-01,-5.429338812828063965e-01
-3.381620645523071289e+00,-1.765027195215225220e-01,-6.608217954635620117e-01
3.611101150512695312e+00,-7.565657794475555420e-02,-4.410132765769958496e-01
-3.348368644714355469e+00,1.133130714297294617e-01,-4.689117670059204102e-01
3.656755685806274414e+00,2.085744589567184448e-01,-5.292763113975524902e-01
-3.371948480606079102e+00,4.527099728584289551e-01,-5.059652328491210938e-01
3.637939929962158203e+00,4.877460300922393799e-01,-4.076804816722869873e-01
-3.283999919891357422e+00,1.416219949722290039e+00,-6.290000081062316895e-01
3.374247550964355469e+00,1.605656385421752930e+00,-4.852071404457092285e-01
-2.988420724868774414e+00,1.888412475585937500e+00,-4.759937226772308350e-01
3.283272981643676758e+00,2.255641698837280273e+00,-6.019101738929748535e-01
-2.471304655075073242e+00,2.512886524200439453e+00,-5.229945182800292969e-01
-2.408673048019409180e+00,2.577175617218017578e+00,-4.033611416816711426e-01
2.727393150329589844e+00,2.495452880859375000e+00,-4.438544511795043945e-01
-2.138543605804443359e+00,2.897902727127075195e+00,-6.078107357025146484e-01
-1.979532957077026367e+00,3.015102386474609375e+00,-5.494710206985473633e-01
2.309676885604858398e+00,2.974888801574707031e+00,-5.377486348152160645e-01
-1.467927455902099609e+00,3.403682231903076172e+00,-6.563947200775146484e-01
-1.216289043426513672e+00,3.465438127517700195e+00,-4.180115163326263428e-01
-3.140603601932525635e-01,3.488053083419799805e+00,-4.776922464370727539e-01
1.549447894096374512e+00,3.374170303344726562e+00,-4.235279858112335205e-01
1.844436287879943848e+00,3.266319036483764648e+00,-5.504234433174133301e-01
-1.121396899223327637e+00,3.532148838043212891e+00,-5.091660618782043457e-01
-9.656018614768981934e-01,3.578948974609375000e+00,-6.814252138137817383e-01
-5.590434074401855469e-01,3.617111206054687500e+00,-4.255862236022949219e-01
-1.708726435899734497e-01,3.558351993560791016e+00,-5.732857584953308105e-01
1.386037617921829224e-01,3.715658187866210938e+00,-5.539429187774658203e-01
5.296604633331298828e-01,3.733416080474853516e+00,-5.919553041458129883e-01
8.595051765441894531e-01,3.648772716522216797e+00,-5.266819596290588379e-01
1.235249519348144531e+00,3.535123109817504883e+00,-4.369043707847595215e-01
1.438654899597167969e+00,3.563882589340209961e+00,-5.798738002777099609e-01
1.537995934486389160e-01,-3.573326587677001953e+00,-1.412800252437591553e-01
-9.320567250251770020e-01,-3.400944948196411133e+00,-1.712369769811630249e-01
-6.279834508895874023e-01,-3.427494764328002930e+00,-1.505258679389953613e-01
7.187011837959289551e-02,-3.382380247116088867e+00,-4.988586064428091049e-03
5.581064224243164062e-01,-3.377484083175659180e+00,-1.675767749547958374e-01
7.665051817893981934e-01,-3.358716011047363281e+00,-8.404651284217834473e-02
-1.839594125747680664e+00,-2.871066093444824219e+00,-2.984589338302612305e-01
-1.446302890777587891e+00,-2.948477506637573242e+00,-1.707110106945037842e-01
-1.294189929962158203e+00,-3.012398481369018555e+00,-2.081432193517684937e-01
1.617095232009887695e+00,-3.027062654495239258e+00,-2.172150015830993652e-01
1.775229692459106445e+00,-2.895835876464843750e+00,-1.628546416759490967e-01
1.862870097160339355e+00,-2.771938562393188477e+00,-3.589097782969474792e-02
2.353686332702636719e+00,-2.522422552108764648e+00,-2.485581636428833008e-01
2.454615116119384766e+00,-2.452077627182006836e+00,-2.473407387733459473e-01
-2.321515083312988281e+00,-2.257438898086547852e+00,-1.875602900981903076e-01
2.369818210601806641e+00,-2.437937736511230469e+00,-8.759579807519912720e-02
2.558040857315063477e+00,-2.394095659255981445e+00,-2.639790475368499756e-01
-2.490735054016113281e+00,-1.827868700027465820e+00,-1.480256915092468262e-01
-2.354925632476806641e+00,-2.067968368530273438e+00,-2.788792550563812256e-01
2.820760726928710938e+00,-2.038975954055786133e+00,-1.291077286005020142e-01
-2.613236665725708008e+00,-1.587035059928894043e+00,-1.621690094470977783e-01
3.040466070175170898e+00,-1.675001144409179688e+00,-1.737058609724044800e-01
3.181321382522583008e+00,-1.540828227996826172e+00,-2.345168888568878174e-01
-2.809932947158813477e+00,-1.362198472023010254e+00,-1.731761097908020020e-01
-2.787487030029296875e+00,-1.330271363258361816e+00,-4.121109843254089355e-02
3.465343236923217773e+00,-1.083734035491943359e+00,-3.231682479381561279e-01
-2.979136466979980469e+00,-8.687398433685302734e-01,-1.202112585306167603e-01
3.543643474578857422e+00,-9.721734523773193359e-01,-2.957969307899475098e-01
-3.097548723220825195e+00,-5.635079741477966309e-01,-2.002768367528915405e-01
3.438860416412353516e+00,-2.086261957883834839e-01,-7.579040527343750000e-02
3.582649230957031250e+00,-1.250917464494705200e-01,-1.851756125688552856e-01
-3.210649251937866211e+00,7.385187596082687378e-02,-2.682350277900695801e-01
-3.362724781036376953e+00,6.940113306045532227e-01,-3.280607759952545166e-01
-3.115555047988891602e+00,4.077007472515106201e-01,-1.783861219882965088e-01
3.437188148498535156e+00,5.156509876251220703e-01,-3.526091203093528748e-02
-3.227999925613403320e+00,7.653700113296508789e-01,-3.170000016689300537e-01
-2.981583833694458008e+00,1.703499436378479004e+00,-9.904547780752182007e-02
3.318191289901733398e+00,1.545130968093872070e+00,-1.330016851425170898e-01
-2.882780551910400391e+00,1.861068010330200195e+00,-1.452318876981735229e-01
3.087145090103149414e+00,1.918745756149291992e+00,-2.130316495895385742e-01
3.179613590240478516e+00,1.966543674468994141e+00,-3.060679435729980469e-01
-2.493763923645019531e+00,2.320549011230468750e+00,-1.671101301908493042e-01
2.741093397140502930e+00,2.244379043579101562e+00,-1.709719449281692505e-01
2.045825242996215820e+00,2.768685817718505859e+00,-3.087208839133381844e-03
2.613203525543212891e+00,2.470381021499633789e+00,-2.983633279800415039e-01
-1.673092722892761230e+00,3.046048164367675781e+00,-2.683038115501403809e-01
1.818239927291870117e+00,3.131370306015014648e+00,-2.267204225063323975e-01
2.146036624908447266e+00,2.969907999038696289e+00,-1.072359755635261536e-01
-1.192695021629333496e+00,3.273079156875610352e+00,-1.086124405264854431e-01
-9.253407120704650879e-01,3.443114280700683594e+00,-1.736356616020202637e-01
-8.938937634229660034e-02,3.460678577423095703e+00,-4.265366494655609131e-02
8.367096185684204102e-01,3.463750839233398438e+00,-5.858869850635528564e-02
1.310047745704650879e+00,3.439377784729003906e+00,-1.300008744001388550e-01
-8.665517568588256836e-01,3.531091451644897461e+00,-3.334807455539703369e-01
-5.348387956619262695e-01,3.600297451019287109e+00,-2.260564863681793213e-01
-2.347704470157623291e-01,3.511618852615356445e+00,-2.926248908042907715e-01
1.889280080795288086e-01,3.603679656982421875e+00,-1.609064936637878418e-01
5.784805417060852051e-01,3.604335546493530273e+00,-7.301626354455947876e-02
7.565976977348327637e-01,3.612723827362060547e+00,-1.339400112628936768e-01
-8.898629546165466309e-01,-3.275250673294067383e+00,7.496498525142669678e-02
-3.099999949336051941e-02,-3.420000076293945312e+00,9.200000017881393433e-02
7.348591089248657227e-02,-3.376977443695068359e+00,1.162242889404296875e-02
3.778346776962280273e-01,-3.325193881988525391e+00,9.211445227265357971e-03
8.507218360900878906e-01,-3.232620954513549805e+00,3.263939023017883301e-01
-8.679329156875610352e-01,-3.040887832641601562e+00,2.544732987880706787e-01
1.150323033332824707e+00,-3.016693353652954102e+00,2.110961228609085083e-01
1.562096238136291504e+00,-2.875991821289062500e+00,1.646766066551208496e-02
-1.484738945960998535e+00,-2.508788824081420898e+00,2.884252667427062988e-01
-1.374921798706054688e+00,-2.584510326385498047e+00,2.729169130325317383e-01
1.820970416069030762e+00,-2.770204782485961914e+00,1.482514757663011551e-02
2.245644807815551758e+00,-2.457171678543090820e+00,2.290128543972969055e-02
-1.869666218757629395e+00,-2.212281703948974609e+00,3.451420068740844727e-01
2.426546335220336914e+00,-2.309721708297729492e+00,1.254770755767822266e-01
2.479125976562500000e+00,-2.161557912826538086e+00,2.874288856983184814e-01
-2.261134386062622070e+00,-2.004906654357910156e+00,1.257966458797454834e-01
2.686355590820312500e+00,-1.862311124801635742e+00,1.773941665887832642e-01
-2.564976215362548828e+00,-1.415598869323730469e+00,1.725364476442337036e-01
-2.405031919479370117e+00,-1.590414285659790039e+00,2.049487978219985962e-01
3.098570823669433594e+00,-1.557369470596313477e+00,3.408853411674499512e-01
-2.846704959869384766e+00,-1.176474332809448242e+00,8.755540847778320312e-02
-2.665284156799316406e+00,-1.364843845367431641e+00,1.007536277174949646e-01
-2.924844264984130859e+00,-8.088564276695251465e-01,7.152424007654190063e-02
-2.749808549880981445e+00,-9.440774917602539062e-01,2.948451638221740723e-01
3.284631967544555664e+00,-9.902223348617553711e-01,1.556065231561660767e-01
-2.928539514541625977e+00,-4.488670825958251953e-01,1.699170768260955811e-01
3.298441410064697266e+00,-6.361232399940490723e-01,2.575750052928924561e-01
-2.978791952133178711e+00,-3.155934214591979980e-01,7.448600977659225464e-02
3.348698616027832031e+00,-4.759431257843971252e-02,2.524182796478271484e-01
-3.037068605422973633e+00,2.909371852874755859e-01,9.242191910743713379e-02
3.385197877883911133e+00,2.388282269239425659e-01,1.561846584081649780e-01
-2.918000221252441406e+00,4.129899740219116211e-01,8.200000226497650146e-02
3.389158487319946289e+00,4.875381588935852051e-01,2.062571644783020020e-01
3.334585666656494141e+00,8.206399679183959961e-01,2.162429541349411011e-01
3.269831657409667969e+00,1.095149278640747070e+00,1.693746298551559448e-01
3.216770887374877930e+00,1.534271836280822754e+00,1.826721578836441040e-01
2.843127727508544922e+00,2.041913509368896484e+00,3.288253545761108398e-01
-2.056218147277832031e+00,2.359187364578247070e+00,2.732888460159301758e-01
2.357731103897094727e+00,2.357701301574707031e+00,1.378249228000640869e-01
2.633722305297851562e+00,2.285823345184326172e+00,3.342695832252502441e-01
3.002853393554687500e+00,2.346182346343994141e+00,7.037887722253799438e-02
-2.310626506805419922e+00,2.506431579589843750e+00,1.406982839107513428e-01
-1.931333422660827637e+00,2.584150075912475586e+00,2.796666622161865234e-01
1.743002295494079590e+00,2.780337095260620117e+00,2.907166182994842529e-01
2.124179840087890625e+00,2.523997068405151367e+00,1.356089711189270020e-01
-1.613308548927307129e+00,2.959522962570190430e+00,2.399396151304244995e-02
-1.364120841026306152e+00,3.085763692855834961e+00,1.938018798828125000e-01
1.289562940597534180e+00,2.944969654083251953e+00,2.384067773818969727e-01
1.681151747703552246e+00,3.039543151855468750e+00,2.340306490659713745e-01
-1.430070519447326660e+00,3.265076637268066406e+00,1.120108813047409058e-01
-1.192741394042968750e+00,3.222596645355224609e+00,3.564484789967536926e-02
-8.974348306655883789e-01,3.207724094390869141e+00,1.782630980014801025e-01
-4.688078463077545166e-01,3.423534393310546875e+00,9.566150605678558350e-02
-1.258220076560974121e-01,3.324052572250366211e+00,2.276042997837066650e-01
6.045186519622802734e-02,3.373320102691650391e+00,2.021412402391433716e-01
5.567871332168579102e-01,3.400976419448852539e+00,1.895102709531784058e-01
9.628227353096008301e-01,3.398534774780273438e+00,1.556640267372131348e-01
1.082436919212341309e+00,3.456858396530151367e+00,1.278568804264068604e-01
4.153557121753692627e-01,3.547010421752929688e+00,4.711098968982696533e-02
-7.758266925811767578e-01,-3.251232624053955078e+00,3.508415222167968750e-01
-5.365000963211059570e-01,-3.281187295913696289e+00,6.071656346321105957e-01
-9.523954391479492188e-01,-2.877772331237792969e+00,4.344950914382934570e-01
2.130320221185684204e-01,-3.028575181961059570e+00,5.500268340110778809e-01
5.054533481597900391e-01,-2.994332790374755859e+00,5.412702560424804688e-01
9.415889382362365723e-01,-2.941948652267456055e+00,5.850916504859924316e-01
1.225737214088439941e+00,-2.864774227142333984e+00,5.320332646369934082e-01
-1.245272278785705566e+00,-2.544378042221069336e+00,4.791756570339202881e-01
-7.473658919334411621e-01,-2.658158063888549805e+00,6.997103095054626465e-01
1.371575236320495605e+00,-2.756560802459716797e+00,6.279158592224121094e-01
1.539205789566040039e+00,-2.607161760330200195e+00,5.554988384246826172e-01
-1.538933157920837402e+00,-2.318130016326904297e+00,4.533438980579376221e-01
-1.333354473114013672e+00,-2.400300025939941406e+00,5.741153955459594727e-01
1.933523654937744141e+00,-2.343827009201049805e+00,5.703627467155456543e-01
2.267095565795898438e+00,-2.188176155090332031e+00,4.741806387901306152e-01
-1.951516509056091309e+00,-1.953613877296447754e+00,5.026552677154541016e-01
-1.668132305145263672e+00,-2.030928373336791992e+00,6.606659889221191406e-01
2.334719419479370117e+00,-1.935889840126037598e+00,6.316682100296020508e-01
2.545136213302612305e+00,-1.895623564720153809e+00,4.491011202335357666e-01
-2.200487613677978516e+00,-1.503710031509399414e+00,6.630647182464599609e-01
2.774620771408081055e+00,-1.737087011337280273e+00,6.908196210861206055e-01
3.190999984741210938e+00,-1.355350017547607422e+00,5.279999971389770508e-01
-2.648378610610961914e+00,-8.290268778800964355e-01,4.747301042079925537e-01
-2.710642814636230469e+00,-5.689659118652343750e-01,4.537778198719024658e-01
3.114686965942382812e+00,-6.561984419822692871e-01,4.260680377483367920e-01
-2.814349412918090820e+00,-1.252171546220779419e-01,4.613414406776428223e-01
3.235884666442871094e+00,-1.974406689405441284e-01,5.513570308685302734e-01
-2.568442583084106445e+00,3.166953027248382568e-01,6.861048936843872070e-01
3.205392837524414062e+00,1.316476613283157349e-01,4.598488211631774902e-01
-2.736144065856933594e+00,5.445023775100708008e-01,5.475457310676574707e-01
-2.570298671722412109e+00,9.468331336975097656e-01,6.401615142822265625e-01
2.976360321044921875e+00,1.023460865020751953e+00,5.762552022933959961e-01
-2.490141391754150391e+00,1.155925035476684570e+00,6.192843914031982422e-01
-2.381101846694946289e+00,1.395584583282470703e+00,6.982554793357849121e-01
-2.452872753143310547e+00,1.578959107398986816e+00,4.669612944126129150e-01
2.917673826217651367e+00,1.604577064514160156e+00,5.911616683006286621e-01
3.207000017166137695e+00,1.734599947929382324e+00,6.050000190734863281e-01
-2.273338794708251953e+00,1.850289583206176758e+00,6.115971803665161133e-01
2.773692846298217773e+00,1.903326392173767090e+00,3.602347075939178467e-01
2.850560188293457031e+00,1.845574975013732910e+00,5.000571012496948242e-01
-1.591595292091369629e+00,2.684079408645629883e+00,4.005002975463867188e-01
-1.012206077575683594e+00,2.723599910736083984e+00,6.807221174240112305e-01
-1.485228180885314941e+00,2.833190202713012695e+00,6.416549682617187500e-01
-1.118893861770629883e+00,2.873431682586669922e+00,5.553718805313110352e-01
-9.820079207420349121e-01,2.947173595428466797e+00,5.694317221641540527e-01
-3.494529426097869873e-01,3.032768726348876953e+00,6.622743010520935059e-01
5.554248094558715820e-01,3.095086812973022461e+00,6.089650988578796387e-01
1.247776865959167480e+00,2.841102600097656250e+00,5.361678004264831543e-01
1.628358483314514160e+00,2.838351249694824219e+00,3.518343865871429443e-01
-1.214141473174095154e-01,3.218886613845825195e+00,4.939669668674468994e-01
1.742783188819885254e-01,3.226288795471191406e+00,5.354149937629699707e-01
4.859676957130432129e-01,3.251214265823364258e+00,4.380277693271636963e-01
1.127862334251403809e+00,3.152700185775756836e+00,4.005630612373352051e-01
1.718326926231384277e+00,3.205930233001708984e+00,3.580706715583801270e-01
-4.092631042003631592e-01,-2.830943107604980469e+00,7.425069808959960938e-01
-8.294243812561035156e-01,-2.530810594558715820e+00,7.436561584472656250e-01
-5.700285434722900391e-01,-2.507937669754028320e+00,8.195312023162841797e-01
-1.631857007741928101e-01,-2.646437406539916992e+00,8.926950693130493164e-01
2.509320974349975586e-01,-2.768421173095703125e+00,7.340884208679199219e-01
8.516708016395568848e-01,-2.690565586090087891e+00,9.207303524017333984e-01
1.172766208648681641e+00,-2.797464370727539062e+00,7.326462864875793457e-01
1.555193543434143066e+00,-2.778295755386352539e+00,7.715475559234619141e-01
-1.466497182846069336e+00,-2.198999166488647461e+00,7.088426351547241211e-01
-1.181793451309204102e+00,-2.345170259475708008e+00,8.344442844390869141e-01
-8.818034529685974121e-01,-2.345365524291992188e+00,9.054600596427917480e-01
1.740862607955932617e+00,-2.348074674606323242e+00,1.035481572151184082e+00
1.864201068878173828e+00,-2.274335145950317383e+00,8.257554769515991211e-01
2.133290052413940430e+00,-2.133603096008300781e+00,7.302739620208740234e-01
-1.820569872856140137e+00,-1.827254533767700195e+00,7.317063808441162109e-01
-1.591302752494812012e+00,-1.926201701164245605e+00,8.351828455924987793e-01
-1.206300735473632812e+00,-2.049999713897705078e+00,9.821047782897949219e-01
1.802418351173400879e+00,-1.993870854377746582e+00,9.912734627723693848e-01
2.220888137817382812e+00,-1.783419013023376465e+00,8.477067947387695312e-01
2.526506423950195312e+00,-1.780644178390502930e+00,7.479139566421508789e-01
-2.018434762954711914e+00,-1.524904847145080566e+00,7.897275686264038086e-01
-1.694027304649353027e+00,-1.602263450622558594e+00,1.008364796638488770e+00
2.323328971862792969e+00,-1.555751323699951172e+00,9.988083839416503906e-01
2.623641014099121094e+00,-1.660468578338623047e+00,8.075720667839050293e-01
-2.158598661422729492e+00,-1.264340639114379883e+00,8.024953603744506836e-01
-1.993392825126647949e+00,-1.152484774589538574e+00,9.743025898933410645e-01
2.353846311569213867e+00,-1.311372399330139160e+00,1.043228149414062500e+00
2.581578493118286133e+00,-1.329513907432556152e+00,9.291691780090332031e-01
-2.267777919769287109e+00,-8.331708312034606934e-01,1.022563457489013672e+00
2.833179712295532227e+00,-9.046871066093444824e-01,7.854053378105163574e-01
-2.494609594345092773e+00,-4.820017516613006592e-01,1.015081286430358887e+00
-2.440002679824829102e+00,-4.149200320243835449e-01,1.049699783325195312e+00
2.766726732254028320e+00,-5.306788086891174316e-01,8.265118002891540527e-01
2.891058921813964844e+00,-4.255706369876861572e-01,7.725774049758911133e-01
-2.845999956130981445e+00,-6.814999878406524658e-02,7.990000247955322266e-01
-2.682291746139526367e+00,-2.117105722427368164e-01,8.228683471679687500e-01
2.739255428314208984e+00,-2.045176625251770020e-01,9.775502681732177734e-01
2.919606447219848633e+00,-2.865432500839233398e-01,8.074761033058166504e-01
3.497091293334960938e+00,-1.361516863107681274e-01,7.564371824264526367e-01
-2.579376697540283203e+00,2.811093032360076904e-01,7.094087600708007812e-01
-2.377118587493896484e+00,2.310087680816650391e-01,1.042098999023437500e+00
2.736008882522583008e+00,1.925398856401443481e-01,9.938871860504150391e-01
3.009336233139038086e+00,2.060829401016235352e-01,7.818380594253540039e-01
-2.511981248855590820e+00,4.141014814376831055e-01,8.465795516967773438e-01
-2.200569152832031250e+00,5.353421568870544434e-01,1.048329830169677734e+00
2.680701494216918945e+00,5.220513939857482910e-01,9.723535180091857910e-01
2.993412017822265625e+00,5.312826633453369141e-01,8.959012627601623535e-01
3.342000007629394531e+00,6.688699722290039062e-01,7.829999923706054688e-01
-2.465044498443603516e+00,1.041944265365600586e+00,7.190485000610351562e-01
2.642614841461181641e+00,7.068094015121459961e-01,9.694285988807678223e-01
3.094222068786621094e+00,8.038188219070434570e-01,9.219754934310913086e-01
-2.269218206405639648e+00,1.211454749107360840e+00,8.407684564590454102e-01
-2.087860345840454102e+00,1.281776547431945801e+00,1.015484809875488281e+00
2.774153470993041992e+00,1.113178730010986328e+00,7.815461158752441406e-01
2.834871053695678711e+00,1.399850487709045410e+00,7.190516591072082520e-01
-2.272808551788330078e+00,1.557505726814270020e+00,7.693508863449096680e-01
-1.984085798263549805e+00,1.632877707481384277e+00,9.795664548873901367e-01
2.775745868682861328e+00,1.506233692169189453e+00,9.834713935852050781e-01
2.830914497375488281e+00,1.411456942558288574e+00,7.244699597358703613e-01
-1.895186424255371094e+00,1.989497184753417969e+00,8.780167102813720703e-01
-1.712498664855957031e+00,1.992227077484130859e+00,1.030329704284667969e+00
2.137634754180908203e+00,1.969204306602478027e+00,9.894835948944091797e-01
2.656720399856567383e+00,1.826633930206298828e+00,8.610410094261169434e-01
-1.891640901565551758e+00,2.199465513229370117e+00,7.922985553741455078e-01
-1.584261655807495117e+00,2.329610586166381836e+00,8.597242832183837891e-01
-1.235359072685241699e+00,2.371604204177856445e+00,9.725259542465209961e-01
1.389326453208923340e+00,2.394639968872070312e+00,1.017962336540222168e+00
1.654999971389770508e+00,2.375950098037719727e+00,9.319999814033508301e-01
-1.269430041313171387e+00,2.516498327255249023e+00,7.472371459007263184e-01
-8.727557063102722168e-01,2.568891286849975586e+00,9.642682075500488281e-01
-5.976697206497192383e-01,2.798682451248168945e+00,8.799653649330139160e-01
6.489529609680175781e-01,2.728736400604248047e+00,8.618854284286499023e-01
1.003408074378967285e+00,2.611427545547485352e+00,8.530157208442687988e-01
1.185036778450012207e+00,2.544765472412109375e+00,8.242573738098144531e-01
-6.035423874855041504e-01,2.970461130142211914e+00,7.110078334808349609e-01
-1.618611663579940796e-01,2.937384843826293945e+00,7.677088379859924316e-01
1.734505146741867065e-01,2.964951515197753906e+00,8.308613300323486328e-01
4.738408029079437256e-01,3.051040172576904297e+00,7.445961833000183105e-01
8.180370926856994629e-01,2.901742696762084961e+00,8.614180684089660645e-01
7.684484720230102539e-01,-2.529314517974853516e+00,1.136877775192260742e+00
-6.118547320365905762e-01,-2.218092203140258789e+00,1.093114495277404785e+00
-1.889999955892562866e-01,-2.236150026321411133e+00,1.343999981880187988e+00
1.150000020861625671e-01,-2.142849922180175781e+00,1.258999943733215332e+00
6.079683303833007812e-01,-2.202762603759765625e+00,1.289026498794555664e+00
7.325669527053833008e-01,-2.132771492004394531e+00,1.332927584648132324e+00
1.519822120666503906e+00,-2.128284454345703125e+00,1.289155006408691406e+00
-1.227043986320495605e+00,-1.832262277603149414e+00,1.091211080551147461e+00
-7.987968325614929199e-01,-1.901221752166748047e+00,1.308885812759399414e+00
-2.119999974966049194e-01,-1.870450019836425781e+00,1.384999990463256836e+00
1.740630716085433960e-02,-2.097613096237182617e+00,1.313331842422485352e+00
7.413091659545898438e-01,-2.059446573257446289e+00,1.368376255035400391e+00
1.182593107223510742e+00,-1.936907291412353516e+00,1.332265377044677734e+00
1.588308691978454590e+00,-1.910347223281860352e+00,1.156630873680114746e+00
-1.532515048980712891e+00,-1.555866956710815430e+00,1.159453749656677246e+00
-1.221461296081542969e+00,-1.640752196311950684e+00,1.249391555786132812e+00
-7.987425327301025391e-01,-1.475681066513061523e+00,1.389771819114685059e+00
1.952279210090637207e+00,-1.596420645713806152e+00,1.169110417366027832e+00
-1.854615807533264160e+00,-1.113957762718200684e+00,1.115617871284484863e+00
-1.606454133987426758e+00,-1.255327582359313965e+00,1.239873051643371582e+00
2.402393341064453125e+00,-1.198091745376586914e+00,1.084501743316650391e+00
2.649895668029785156e+00,-1.064910650253295898e+00,1.081880092620849609e+00
-2.589116334915161133e+00,-7.075902223587036133e-01,1.143320798873901367e+00
-1.918359637260437012e+00,-8.328495621681213379e-01,1.161129117012023926e+00
-1.702178359031677246e+00,-8.838780522346496582e-01,1.316176652908325195e+00
2.285239934921264648e+00,-9.037650227546691895e-01,1.289404273033142090e+00
-2.150792837142944336e+00,-4.725602567195892334e-01,1.076641559600830078e+00
-1.881442666053771973e+00,-6.001160740852355957e-01,1.222225308418273926e+00
-1.706670761108398438e+00,-6.114519238471984863e-01,1.347000241279602051e+00
2.343853950500488281e+00,-5.720786452293395996e-01,1.285630822181701660e+00
-2.234496116638183594e+00,-2.744272947311401367e-01,1.142721295356750488e+00
2.333805084228515625e+00,-1.400718986988067627e-01,1.289984345436096191e+00
2.678073406219482422e+00,-6.776941567659378052e-02,1.081708312034606934e+00
-2.296276569366455078e+00,2.933239638805389404e-01,1.083348512649536133e+00
-2.091681241989135742e+00,1.567531228065490723e-01,1.188931941986083984e+00
2.598059892654418945e+00,2.484695762395858765e-01,1.102127194404602051e+00
-2.170880079269409180e+00,4.184190332889556885e-01,1.100329518318176270e+00
-1.958838820457458496e+00,5.242229700088500977e-01,1.262339711189270020e+00
-1.693288207054138184e+00,6.880257129669189453e-01,1.386519074440002441e+00
2.371949672698974609e+00,5.287569761276245117e-01,1.210576534271240234e+00
2.498399734497070312e+00,6.800220012664794922e-01,1.057541608810424805e+00
-1.926061987876892090e+00,9.101098775863647461e-01,1.206669569015502930e+00
-1.561878681182861328e+00,9.151905775070190430e-01,1.329292893409729004e+00
-1.336165904998779297e+00,1.015893936157226562e+00,1.338747382164001465e+00
2.027103900909423828e+00,7.726454734802246094e-01,1.282681941986083984e+00
2.305231571197509766e+00,8.355377912521362305e-01,1.145912170410156250e+00
-1.981462121009826660e+00,1.208160161972045898e+00,1.115874171257019043e+00
-1.433948516845703125e+00,1.213349819183349609e+00,1.219133377075195312e+00
-1.194631576538085938e+00,1.185226202011108398e+00,1.356900691986083984e+00
2.254145145416259766e+00,1.226716756820678711e+00,1.215464830398559570e+00
-1.788781166076660156e+00,1.695782065391540527e+00,1.108236312866210938e+00
-1.655261278152465820e+00,1.516658782958984375e+00,1.165614128112792969e+00
-1.128454208374023438e+00,1.697995781898498535e+00,1.347339868545532227e+00
-9.469911456108093262e-01,1.451158761978149414e+00,1.393987178802490234e+00
1.953991770744323730e+00,1.566789388656616211e+00,1.323942422866821289e+00
2.486378669738769531e+00,1.414915442466735840e+00,1.066777229309082031e+00
-1.768406033515930176e+00,1.781095743179321289e+00,1.091935753822326660e+00
-1.604453921318054199e+00,1.916879773139953613e+00,1.129466533660888672e+00
-1.145083308219909668e+00,1.991646766662597656e+00,1.279554843902587891e+00
-9.547324180603027344e-01,1.984982848167419434e+00,1.321447014808654785e+00
1.571169376373291016e+00,1.929232597351074219e+00,1.346702218055725098e+00
1.833132028579711914e+00,1.959114670753479004e+00,1.250560879707336426e+00
-1.221536993980407715e+00,2.202932596206665039e+00,1.149223685264587402e+00
-8.546672463417053223e-01,2.235431671142578125e+00,1.270115852355957031e+00
-4.459482729434967041e-01,2.379027366638183594e+00,1.154903531074523926e+00
-1.735098958015441895e-01,2.277987480163574219e+00,1.309234976768493652e+00
2.098658978939056396e-01,2.250186920166015625e+00,1.302743673324584961e+00
3.825746774673461914e-01,2.307964086532592773e+00,1.202710151672363281e+00
8.381460309028625488e-01,2.226632356643676758e+00,1.266565918922424316e+00
1.175945043563842773e+00,2.359774112701416016e+00,1.255812644958496094e+00
1.465835690498352051e+00,2.177105426788330078e+00,1.201092720031738281e+00
1.884999990463256836e+00,2.152549982070922852e+00,1.116000056266784668e+00
-5.290189385414123535e-01,2.557531595230102539e+00,1.079300045967102051e+00
-2.140302360057830811e-01,2.544763326644897461e+00,1.181906819343566895e+00
1.143346801400184631e-01,2.621017217636108398e+00,1.137030363082885742e+00
5.073468685150146484e-01,-1.964279174804687500e+00,1.455301523208618164e+00
1.168131232261657715e+00,-1.782767891883850098e+00,1.524815201759338379e+00
1.627205133438110352e+00,-1.791823387145996094e+00,1.555721282958984375e+00
-7.116682529449462891e-01,-1.595304965972900391e+00,1.426210284233093262e+00
-6.482665538787841797e-01,-1.640628576278686523e+00,1.426041483879089355e+00
-2.235972583293914795e-01,-1.503522634506225586e+00,1.603957176208496094e+00
2.385926395654678345e-01,-1.493545413017272949e+00,1.740444302558898926e+00
9.304480552673339844e-01,-1.578366518020629883e+00,1.550543069839477539e+00
1.201721191406250000e+00,-1.583692669868469238e+00,1.572485446929931641e+00
-1.413101077079772949e+00,-1.076310992240905762e+00,1.438365697860717773e+00
-1.141545653343200684e+00,-1.313263535499572754e+00,1.438484549522399902e+00
-8.168409466743469238e-01,-1.295576214790344238e+00,1.461069107055664062e+00
-4.442721009254455566e-01,-1.333544492721557617e+00,1.600492835044860840e+00
4.988817870616912842e-01,-1.317234158515930176e+00,1.747153759002685547e+00
9.136530756950378418e-01,-1.270848035812377930e+00,1.690480709075927734e+00
1.216257810592651367e+00,-1.323420524597167969e+00,1.662970185279846191e+00
1.653179526329040527e+00,-1.245207905769348145e+00,1.488712668418884277e+00
1.831974744796752930e+00,-1.080512046813964844e+00,1.441585421562194824e+00
-1.509528756141662598e+00,-7.921317219734191895e-01,1.500486016273498535e+00
-1.397253513336181641e+00,-7.564105391502380371e-01,1.616172194480895996e+00
-1.035233736038208008e+00,-8.562964797019958496e-01,1.535661220550537109e+00
-4.989980161190032959e-01,-9.282405972480773926e-01,1.611117243766784668e+00
-6.816299259662628174e-02,-8.809143304824829102e-01,1.713274955749511719e+00
3.662281483411788940e-02,-1.009101867675781250e+00,1.695406198501586914e+00
1.394505858421325684e+00,-7.488797903060913086e-01,1.691601634025573730e+00
1.422162771224975586e+00,-9.320625662803649902e-01,1.622457742691040039e+00
-1.558791756629943848e+00,-5.340671539306640625e-01,1.501445412635803223e+00
-3.241761624813079834e-01,-5.945686697959899902e-01,1.735038042068481445e+00
1.314787864685058594e+00,-6.735000610351562500e-01,1.726544737815856934e+00
1.599591493606567383e+00,-4.702133834362030029e-01,1.637723326683044434e+00
1.904064178466796875e+00,-5.816662311553955078e-01,1.488533020019531250e+00
2.407094717025756836e+00,-4.415609538555145264e-01,1.575888395309448242e+00
-1.542198419570922852e+00,-2.087793052196502686e-01,1.578988432884216309e+00
-6.859999895095825195e-01,-4.064999893307685852e-02,1.715000033378601074e+00
1.550672173500061035e+00,-2.131502628326416016e-01,1.686865448951721191e+00
1.891518592834472656e+00,-2.265020608901977539e-01,1.584982752799987793e+00
-1.846377849578857422e+00,2.227816432714462280e-01,1.490931510925292969e+00
-1.549840927124023438e+00,2.073790580034255981e-01,1.669108271598815918e+00
-1.206374526023864746e+00,2.151564210653305054e-01,1.645759820938110352e+00
1.549563646316528320e+00,1.372822523117065430e-01,1.687036395072937012e+00
1.866399884223937988e+00,8.379305154085159302e-02,1.630330801010131836e+00
-1.790038824081420898e+00,4.969303309917449951e-01,1.425665855407714844e+00
-1.698053479194641113e+00,5.592551231384277344e-01,1.447436094284057617e+00
-1.336626291275024414e+00,4.093284606933593750e-01,1.651174426078796387e+00
1.360203027725219727e+00,5.247714519500732422e-01,1.739325046539306641e+00
1.706231236457824707e+00,6.839875578880310059e-01,1.575002074241638184e+00
1.767158865928649902e+00,3.922641277313232422e-01,1.603447437286376953e+00
2.243999958038330078e+00,4.449799954891204834e-01,1.501999974250793457e+00
-1.257157444953918457e+00,9.620360136032104492e-01,1.476169228553771973e+00
-8.688111305236816406e-01,7.873415946960449219e-01,1.575275182723999023e+00
-5.965787172317504883e-01,8.864299058914184570e-01,1.703959107398986816e+00
7.861506342887878418e-01,9.992179870605468750e-01,1.707999229431152344e+00
1.221878051757812500e+00,8.082282543182373047e-01,1.707194685935974121e+00
1.529999971389770508e+00,1.028910040855407715e+00,1.549999952316284180e+00
-1.181564211845397949e+00,1.107506513595581055e+00,1.440962195396423340e+00
-7.362091541290283203e-01,1.256461381912231445e+00,1.541169643402099609e+00
-4.442711770534515381e-01,1.315750360488891602e+00,1.668088912963867188e+00
6.944975852966308594e-01,1.109271764755249023e+00,1.736979484558105469e+00
7.854369282722473145e-01,1.127031803131103516e+00,1.709490656852722168e+00
1.093936562538146973e+00,1.282472252845764160e+00,1.703596591949462891e+00
1.540794014930725098e+00,1.051949739456176758e+00,1.549447655677795410e+00
-7.623623013496398926e-01,1.485572338104248047e+00,1.451424241065979004e+00
-6.004512906074523926e-01,1.642211318016052246e+00,1.549120545387268066e+00
9.679650068283081055e-01,1.518023848533630371e+00,1.667462587356567383e+00
1.305596947669982910e+00,1.564597368240356445e+00,1.570390939712524414e+00
1.681858181953430176e+00,1.696484565734863281e+00,1.465381503105163574e+00
1.766602277755737305e+00,1.589205741882324219e+00,1.423871040344238281e+00
-7.807409763336181641e-01,1.814340114593505859e+00,1.402626514434814453e+00
-6.350454688072204590e-01,1.861182689666748047e+00,1.545597076416015625e+00
-6.274304469116032124e-04,2.082032680511474609e+00,1.568399906158447266e+00
8.378320932388305664e-02,1.933481931686401367e+00,1.665788888931274414e+00
4.568568766117095947e-01,2.030084371566772461e+00,1.711316466331481934e+00
1.013476848602294922e+00,1.776353597640991211e+00,1.552710771560668945e+00
1.195844769477844238e+00,1.940912842750549316e+00,1.448900222778320312e+00
1.514021515846252441e+00,1.841810822486877441e+00,1.456568121910095215e+00
2.212499618530273438e+00,1.756407141685485840e+00,1.419982314109802246e+00
2.615015804767608643e-01,2.113092660903930664e+00,1.521412014961242676e+00
1.358000040054321289e+00,2.544950008392333984e+00,1.422000050544738770e+00
5.101053118705749512e-01,-1.149016857147216797e+00,1.797371029853820801e+00
2.453847229480743408e-01,-8.497248888015747070e-01,1.840162396430969238e+00
4.639544785022735596e-01,-9.129014015197753906e-01,1.841856956481933594e+00
8.752468228340148926e-01,-8.481473922729492188e-01,1.825324058532714844e+00
1.104613304138183594e+00,-9.096519351005554199e-01,1.781201481819152832e+00
-1.756000041961669922e+00,-3.916499912738800049e-01,1.875000000000000000e+00
-1.181022167205810547e+00,-4.697527885437011719e-01,1.805724620819091797e+00
-9.074500203132629395e-01,-4.586565494537353516e-01,1.979745149612426758e+00
-2.189382314682006836e-01,-4.323377609252929688e-01,1.800652980804443359e+00
1.322287917137145996e-01,-5.188177824020385742e-01,1.898340463638305664e+00
5.579726099967956543e-01,-4.859898090362548828e-01,1.865668535232543945e+00
8.938383460044860840e-01,-4.874153137207031250e-01,1.872321963310241699e+00
1.183287501335144043e+00,-5.468424558639526367e-01,1.809048533439636230e+00
-1.092671394348144531e+00,-2.020842730998992920e-01,1.809511184692382812e+00
-4.375051856040954590e-01,-8.590564876794815063e-02,1.874705553054809570e+00
-1.834487617015838623e-01,-1.637915968894958496e-01,1.901824235916137695e+00
2.617217227816581726e-02,-1.453005373477935791e-01,1.905541896820068359e+00
7.760134935379028320e-01,-1.721618026494979858e-01,1.942663192749023438e+00
1.299035072326660156e+00,-1.606118530035018921e-01,1.835725903511047363e+00
-7.429999709129333496e-01,4.024999961256980896e-02,1.802999973297119141e+00
-3.073183298110961914e-01,3.240486085414886475e-01,1.811995863914489746e+00
1.536970138549804688e-01,3.387273475527763367e-02,1.912218451499938965e+00
5.126130580902099609e-01,2.343140989542007446e-01,1.920212745666503906e+00
7.783153653144836426e-01,6.376735121011734009e-02,1.967522740364074707e+00
1.193724989891052246e+00,1.193133518099784851e-01,1.841448426246643066e+00
-8.379222750663757324e-01,5.199101567268371582e-01,1.825543999671936035e+00
-1.368639618158340454e-01,6.165994405746459961e-01,1.898994922637939453e+00
1.463372260332107544e-01,4.764211177825927734e-01,1.916130423545837402e+00
4.745321273803710938e-01,5.170379877090454102e-01,1.898565053939819336e+00
8.296538591384887695e-01,6.412223577499389648e-01,1.902289152145385742e+00
1.107917308807373047e+00,6.400151848793029785e-01,1.795301675796508789e+00
-1.592725664377212524e-01,9.315986633300781250e-01,1.768594741821289062e+00
1.601453870534896851e-01,8.600831031799316406e-01,1.900850653648376465e+00
5.921028852462768555e-01,8.847762942314147949e-01,1.869009971618652344e+00
-1.093167439103126526e-01,1.239626288414001465e+00,1.766148090362548828e+00
2.090426683425903320e-01,1.345801353454589844e+00,1.797038555145263672e+00
5.482703447341918945e-01,1.242507338523864746e+00,1.782306075096130371e+00
-2.176469191908836365e-02,1.403492569923400879e+00,1.796310544013977051e+00
2.210817188024520874e-01,1.464441061019897461e+00,1.765785455703735352e+00
7.121132612228393555e-01,1.490905404090881348e+00,1.750896811485290527e+00
