-1.853999972343444824e+00,-2.823699951171875000e+00,-4.560500144958496094e+00
-1.348416090011596680e+00,-2.899750232696533203e+00,-4.683125495910644531e+00
-3.167000055313110352e+00,-7.035999894142150879e-01,-4.798500061035156250e+00
1.230907320976257324e+00,2.699007749557495117e+00,-4.639244079589843750e+00
-9.566996097564697266e-01,3.062436580657958984e+00,-4.739758491516113281e+00
-5.203614830970764160e-01,3.236975669860839844e+00,-4.667088985443115234e+00
-8.001975417137145996e-01,-3.263675689697265625e+00,-4.300683021545410156e+00
-6.230000257492065430e-01,-3.398200035095214844e+00,-4.282499790191650391e+00
-1.552156329154968262e+00,-2.832950592041015625e+00,-4.437999725341796875e+00
-1.137988686561584473e+00,-3.039398431777954102e+00,-4.413518905639648438e+00
1.131999969482421875e+00,-3.064399957656860352e+00,-4.478499889373779297e+00
1.552718758583068848e+00,-2.898501634597778320e+00,-4.422101497650146484e+00
-1.985323548316955566e+00,-2.625619411468505859e+00,-4.314576148986816406e+00
-2.558000087738037109e+00,-2.205699920654296875e+00,-4.343500137329101562e+00
-2.212720870971679688e+00,-2.325819969177246094e+00,-4.395588874816894531e+00
-2.812999963760375977e+00,-1.944300055503845215e+00,-4.479499816894531250e+00
-2.413109540939331055e+00,-2.066782951354980469e+00,-4.322915554046630859e+00
-3.180244207382202148e+00,-8.359901905059814453e-01,-4.326389312744140625e+00
3.000000000000000000e+00,-3.077000081539154053e-01,-4.229499816894531250e+00
2.883599758148193359e+00,4.731439054012298584e-01,-4.268033504486083984e+00
2.592289447784423828e+00,1.487623214721679688e+00,-4.321371078491210938e+00
2.322928905487060547e+00,1.924165725708007812e+00,-4.271262168884277344e+00
1.247990608215332031e+00,2.705865621566772461e+00,-4.411273956298828125e+00
4.399999976158142090e-01,3.087300062179565430e+00,-4.387499809265136719e+00
9.221451282501220703e-01,2.964516878128051758e+00,-4.437950611114501953e+00
1.664999961853027344e+00,2.899100065231323242e+00,-4.501500129699707031e+00
-7.384728789329528809e-01,3.152435541152954102e+00,-4.488708972930908203e+00
-4.828538000583648682e-01,3.288075685501098633e+00,-4.251089572906494141e+00
-2.860000133514404297e-01,3.166599988937377930e+00,-4.405499935150146484e+00
3.305671215057373047e-01,3.223159313201904297e+00,-4.446849346160888672e+00
5.469999909400939941e-01,3.151499986648559570e+00,-4.224500179290771484e+00
-5.939999818801879883e-01,-3.180000066757202148e+00,-3.947499990463256836e+00
-1.197819411754608154e-01,-3.264016628265380859e+00,-3.921039581298828125e+00
-1.579241156578063965e+00,-2.866060256958007812e+00,-3.994707822799682617e+00
-1.274003744125366211e+00,-3.010001659393310547e+00,-3.937616825103759766e+00
1.551346302032470703e+00,-2.880498647689819336e+00,-4.142498970031738281e+00
-1.995398998260498047e+00,-2.507154226303100586e+00,-4.006098270416259766e+00
-1.740861773490905762e+00,-2.768056631088256836e+00,-4.132505416870117188e+00
2.389999866485595703e+00,-2.175250053405761719e+00,-3.996999979019165039e+00
-2.699395656585693359e+00,-1.946041345596313477e+00,-3.939366340637207031e+00
2.757652282714843750e+00,-1.430546760559082031e+00,-3.879617214202880859e+00
-3.186500072479248047e+00,-5.000500082969665527e-01,-3.995500087738037109e+00
3.037466287612915039e+00,-2.802670896053314209e-01,-4.186675548553466797e+00
3.184474945068359375e+00,-2.948090732097625732e-01,-3.999516725540161133e+00
2.950957536697387695e+00,1.899249404668807983e-01,-4.043969631195068359e+00
2.644333124160766602e+00,1.601615548133850098e+00,-4.071097850799560547e+00
2.691606521606445312e+00,1.777698755264282227e+00,-4.037825584411621094e+00
2.169373750686645508e+00,2.234009027481079102e+00,-4.102382183074951172e+00
-1.830999970436096191e+00,2.722199916839599609e+00,-4.105500221252441406e+00
1.298212647438049316e+00,2.681849241256713867e+00,-3.995163679122924805e+00
1.656854987144470215e+00,2.495218038558959961e+00,-3.963649511337280273e+00
-3.037575483322143555e-01,3.147339820861816406e+00,-3.994220018386840820e+00
2.469999939203262329e-01,3.106199979782104492e+00,-4.115499973297119141e+00
1.135506629943847656e+00,2.917796134948730469e+00,-4.024270534515380859e+00
-9.051961898803710938e-01,3.178356170654296875e+00,-3.914758682250976562e+00
-5.182635188102722168e-01,3.213345289230346680e+00,-4.018949031829833984e+00
2.240000069141387939e-01,3.163500070571899414e+00,-4.124499797821044922e+00
-1.576607078313827515e-01,-3.212234735488891602e+00,-3.544484853744506836e+00
2.374443924054503441e-03,-3.402044057846069336e+00,-3.606563568115234375e+00
-1.315483570098876953e+00,-2.958550691604614258e+00,-3.650154113769531250e+00
-1.035785913467407227e+00,-2.984951257705688477e+00,-3.780300140380859375e+00
-6.949999928474426270e-01,-2.968800067901611328e+00,-3.557499885559082031e+00
-3.028705120086669922e-01,-3.144384860992431641e+00,-3.691390991210937500e+00
-1.825241565704345703e+00,-2.624150276184082031e+00,-3.629968643188476562e+00
-1.732938885688781738e+00,-2.688318490982055664e+00,-3.695555925369262695e+00
-2.312548875808715820e+00,-2.338662147521972656e+00,-3.624246120452880859e+00
2.404067754745483398e+00,-2.154285669326782227e+00,-3.663955211639404297e+00
-2.929225206375122070e+00,-1.918420314788818359e+00,-3.792541742324829102e+00
-2.602094650268554688e+00,-1.924657702445983887e+00,-3.705434083938598633e+00
2.510105609893798828e+00,-1.944551110267639160e+00,-3.651931047439575195e+00
2.716170549392700195e+00,-1.623863816261291504e+00,-3.655550718307495117e+00
-3.092640161514282227e+00,-1.296500086784362793e+00,-3.595074892044067383e+00
2.840963363647460938e+00,-1.248864769935607910e+00,-3.687085390090942383e+00
-3.205500125885009766e+00,-5.628499984741210938e-01,-3.611500024795532227e+00
-3.102236747741699219e+00,-6.271248459815979004e-01,-3.806589365005493164e+00
3.185434103012084961e+00,-1.561938524246215820e-01,-3.649274349212646484e+00
2.940996170043945312e+00,3.239357471466064453e-01,-3.635237216949462891e+00
3.058210849761962891e+00,5.196332931518554688e-01,-3.572063684463500977e+00
2.969678878784179688e+00,9.877986907958984375e-01,-3.622931003570556641e+00
2.627694368362426758e+00,1.643362879753112793e+00,-3.838856220245361328e+00
2.257479667663574219e+00,1.915265202522277832e+00,-3.830365657806396484e+00
1.964810848236083984e+00,2.449704408645629883e+00,-3.831377506256103516e+00
-1.980000019073486328e+00,2.460000038146972656e+00,-3.809499979019165039e+00
-1.620000004768371582e+00,2.647200107574462891e+00,-3.743499994277954102e+00
1.591404438018798828e+00,2.755022764205932617e+00,-3.623197078704833984e+00
1.760927796363830566e+00,2.615594387054443359e+00,-3.718623161315917969e+00
-6.487220525741577148e-01,3.149884223937988281e+00,-3.511722564697265625e+00
6.159999966621398926e-01,3.113500118255615234e+00,-3.551500082015991211e+00
8.037343621253967285e-01,3.095477581024169922e+00,-3.589493513107299805e+00
1.170615911483764648e+00,2.857423543930053711e+00,-3.700301885604858398e+00
-7.912759184837341309e-01,3.158011436462402344e+00,-3.643142223358154297e+00
-5.541127920150756836e-01,3.157637834548950195e+00,-3.742588043212890625e+00
3.627803027629852295e-01,3.196111440658569336e+00,-3.748876333236694336e+00
-8.537706136703491211e-01,-3.322696685791015625e+00,-3.401858806610107422e+00
1.272201180458068848e+00,-3.204879999160766602e+00,-3.150112867355346680e+00
-1.858649849891662598e+00,-2.805342435836791992e+00,-3.375955104827880859e+00
-2.049982845783233643e-01,-3.081559896469116211e+00,-3.405201673507690430e+00
5.630000233650207520e-01,-2.993499994277954102e+00,-3.490499973297119141e+00
1.468999981880187988e+00,-2.859299898147583008e+00,-3.466500043869018555e+00
1.782999873161315918e+00,-2.873911857604980469e+00,-3.343677043914794922e+00
-1.830013990402221680e+00,-2.780618429183959961e+00,-3.419435501098632812e+00
-2.395473480224609375e+00,-2.183578729629516602e+00,-3.399293899536132812e+00
-2.012654781341552734e+00,-2.391265392303466797e+00,-3.302474737167358398e+00
2.153121709823608398e+00,-2.377387285232543945e+00,-3.472257375717163086e+00
-2.562920331954956055e+00,-1.938790917396545410e+00,-3.317291498184204102e+00
2.407132625579833984e+00,-2.015182971954345703e+00,-3.182999849319458008e+00
2.504009246826171875e+00,-1.915149450302124023e+00,-3.321212291717529297e+00
-2.866759061813354492e+00,-1.522106409072875977e+00,-3.311131715774536133e+00
-2.724154233932495117e+00,-1.684612989425659180e+00,-3.300488948822021484e+00
2.681033611297607422e+00,-1.629721641540527344e+00,-3.328593730926513672e+00
2.800298452377319336e+00,-1.442019104957580566e+00,-3.450968265533447266e+00
-3.024831771850585938e+00,-1.262267827987670898e+00,-3.328606367111206055e+00
2.880368709564208984e+00,-1.158225059509277344e+00,-3.349282741546630859e+00
-3.064873933792114258e+00,-9.352267384529113770e-01,-3.350873231887817383e+00
3.024679660797119141e+00,-1.037459850311279297e+00,-3.469821691513061523e+00
3.134999990463256836e+00,-1.141000017523765564e-01,-3.436500072479248047e+00
3.276535272598266602e+00,2.045062482357025146e-01,-3.287181615829467773e+00
-2.943300962448120117e+00,6.457037329673767090e-01,-3.416600942611694336e+00
3.066128730773925781e+00,5.370219349861145020e-01,-3.334466457366943359e+00
-2.970999956130981445e+00,7.456399798393249512e-01,-3.203500032424926758e+00
2.562500000000000000e+00,1.038811445236206055e+00,-3.234000205993652344e+00
2.697272300720214844e+00,1.216641902923583984e+00,-3.280420780181884766e+00
2.337465286254882812e+00,1.837600946426391602e+00,-3.290568113327026367e+00
2.581785202026367188e+00,1.828879237174987793e+00,-3.292939901351928711e+00
1.954130172729492188e+00,2.382559776306152344e+00,-3.343176841735839844e+00
1.190352559089660645e+00,2.692485809326171875e+00,-3.320820569992065430e+00
1.528759360313415527e+00,2.646422386169433594e+00,-3.474970579147338867e+00
-3.516042530536651611e-01,3.206725597381591797e+00,-3.436345100402832031e+00
-5.461325049400329590e-01,-3.271055221557617188e+00,-2.807651519775390625e+00
6.226906552910804749e-02,-3.281244277954101562e+00,-2.946966409683227539e+00
-1.545085906982421875e+00,-2.972341775894165039e+00,-2.988872289657592773e+00
-1.275327205657958984e+00,-3.011707067489624023e+00,-2.854382276535034180e+00
-3.447946906089782715e-01,-3.022793292999267578e+00,-2.804428577423095703e+00
1.249715685844421387e+00,-2.942749977111816406e+00,-2.935543060302734375e+00
1.596045494079589844e+00,-2.903954267501831055e+00,-2.938915491104125977e+00
-1.848545551300048828e+00,-2.669335126876831055e+00,-3.054189205169677734e+00
-1.647122621536254883e+00,-2.734682559967041016e+00,-2.855299472808837891e+00
-2.278991937637329102e+00,-2.246191263198852539e+00,-3.023900747299194336e+00
-2.023539543151855469e+00,-2.443502426147460938e+00,-2.945393323898315430e+00
-2.583226203918457031e+00,-1.960085988044738770e+00,-3.031457901000976562e+00
2.378627538681030273e+00,-1.989609599113464355e+00,-3.073824167251586914e+00
2.633156299591064453e+00,-1.868462324142456055e+00,-2.981947183609008789e+00
-2.922858953475952148e+00,-1.434326529502868652e+00,-2.892948150634765625e+00
2.733260393142700195e+00,-1.527959823608398438e+00,-2.967192411422729492e+00
-3.396056175231933594e+00,-1.135139465332031250e+00,-3.005493640899658203e+00
-2.980800628662109375e+00,-1.182297468185424805e+00,-3.091169357299804688e+00
-3.007714033126831055e+00,-9.572685360908508301e-01,-2.959033489227294922e+00
-3.112611055374145508e+00,-5.938042402267456055e-01,-3.110365390777587891e+00
2.937000036239624023e+00,-3.167999982833862305e-01,-2.906500101089477539e+00
2.968306064605712891e+00,2.098046690225601196e-01,-2.895427703857421875e+00
3.204999923706054688e+00,2.422399967908859253e-01,-2.880500078201293945e+00
-3.058296203613281250e+00,4.485568702220916748e-01,-3.094089508056640625e+00
2.740722417831420898e+00,6.783337593078613281e-01,-3.110534906387329102e+00
2.959506511688232422e+00,4.556208848953247070e-01,-3.014966011047363281e+00
-3.058000087738037109e+00,7.647899985313415527e-01,-3.016499996185302734e+00
2.538000106811523438e+00,1.254400014877319336e+00,-2.989500045776367188e+00
2.233000040054321289e+00,1.929919958114624023e+00,-2.843499898910522461e+00
-2.181167602539062500e+00,2.318840503692626953e+00,-2.921558380126953125e+00
2.072299003601074219e+00,2.257795333862304688e+00,-2.936439037322998047e+00
1.347580671310424805e+00,2.714702367782592773e+00,-2.803700923919677734e+00
1.451153516769409180e+00,2.545929431915283203e+00,-3.080669879913330078e+00
1.871072530746459961e+00,2.546248912811279297e+00,-2.915235519409179688e+00
5.805125236511230469e-01,3.070140361785888672e+00,-3.033117771148681641e+00
1.168907284736633301e+00,2.804336071014404297e+00,-2.895684480667114258e+00
-6.882306933403015137e-01,3.165057420730590820e+00,-3.022563457489013672e+00
-2.676438689231872559e-01,3.222421646118164062e+00,-2.971601724624633789e+00
1.860000044107437134e-01,3.205499887466430664e+00,-3.147500038146972656e+00
-3.824948370456695557e-01,-3.218556404113769531e+00,-2.628355026245117188e+00
-1.689075976610183716e-01,-3.220244407653808594e+00,-2.588153123855590820e+00
1.102536842226982117e-01,-3.227029800415039062e+00,-2.682415008544921875e+00
-1.131311535835266113e+00,-2.987747192382812500e+00,-2.659063816070556641e+00
1.508022427558898926e+00,-2.890675306320190430e+00,-2.528225660324096680e+00
-1.774128079414367676e+00,-2.665415525436401367e+00,-2.537693738937377930e+00
1.696369528770446777e+00,-2.763003826141357422e+00,-2.791167020797729492e+00
1.904061794281005859e+00,-2.523979663848876953e+00,-2.660025119781494141e+00
-1.917732238769531250e+00,-2.407293319702148438e+00,-2.599333524703979492e+00
-2.570531845092773438e+00,-1.879091501235961914e+00,-2.578157424926757812e+00
2.403450727462768555e+00,-1.965457797050476074e+00,-2.664175987243652344e+00
2.565000057220458984e+00,-1.997699975967407227e+00,-2.594500064849853516e+00
-2.855038881301879883e+00,-1.412375926971435547e+00,-2.568778514862060547e+00
-2.698355674743652344e+00,-1.602375745773315430e+00,-2.486370086669921875e+00
-2.885681152343750000e+00,-1.321523070335388184e+00,-2.633724212646484375e+00
-3.013680696487426758e+00,5.666056275367736816e-01,-2.733120918273925781e+00
2.568898439407348633e+00,1.518521785736083984e+00,-2.566382646560668945e+00
2.194185733795166016e+00,2.033888816833496094e+00,-2.668420314788818359e+00
-2.187212705612182617e+00,2.167910099029541016e+00,-2.594366788864135742e+00
-2.051166534423828125e+00,2.581510543823242188e+00,-2.776630878448486328e+00
9.370858073234558105e-01,2.736486434936523438e+00,-2.510436773300170898e+00
1.277839303016662598e+00,2.770758628845214844e+00,-2.546515464782714844e+00
1.635017633438110352e+00,2.587396621704101562e+00,-2.460937500000000000e+00
1.786568760871887207e+00,2.541566610336303711e+00,-2.746227979660034180e+00
4.156160652637481689e-01,3.012380838394165039e+00,-2.529599666595458984e+00
1.168087363243103027e+00,2.816389322280883789e+00,-2.733379364013671875e+00
3.855408132076263428e-01,3.168882369995117188e+00,-2.668222427368164062e+00
-8.786609768867492676e-02,-3.314383506774902344e+00,-2.233215808868408203e+00
2.516424059867858887e-01,-3.333144187927246094e+00,-2.223056554794311523e+00
-1.183431625366210938e+00,-2.945754528045654297e+00,-2.349107503890991211e+00
-5.014619231224060059e-01,-3.129761219024658203e+00,-2.284107208251953125e+00
8.925806879997253418e-01,-3.014518976211547852e+00,-2.121845006942749023e+00
1.652764916419982910e+00,-2.931132555007934570e+00,-2.364469051361083984e+00
-1.990934848785400391e+00,-2.617169380187988281e+00,-2.250440120697021484e+00
-1.670775413513183594e+00,-2.735933065414428711e+00,-2.280817031860351562e+00
1.871000051498413086e+00,-2.631350040435791016e+00,-2.267499923706054688e+00
-2.439922332763671875e+00,-2.162404775619506836e+00,-2.317042112350463867e+00
2.155999898910522461e+00,-2.379300117492675781e+00,-2.291500091552734375e+00
-2.512551784515380859e+00,-1.920069932937622070e+00,-2.304903984069824219e+00
-2.430871009826660156e+00,-2.027642488479614258e+00,-2.151762247085571289e+00
2.550020217895507812e+00,-1.860391259193420410e+00,-2.428359031677246094e+00
-2.688532590866088867e+00,-1.662019848823547363e+00,-2.181719779968261719e+00
2.332051992416381836e+00,-1.688954830169677734e+00,-2.393054962158203125e+00
-2.910773277282714844e+00,-1.300107240676879883e+00,-2.172729730606079102e+00
2.739000082015991211e+00,-1.321200013160705566e+00,-2.248500108718872070e+00
-2.987248659133911133e+00,-7.100145816802978516e-01,-2.237212419509887695e+00
-3.016102313995361328e+00,-5.677880644798278809e-01,-2.233089447021484375e+00
-3.066999912261962891e+00,-2.483000010251998901e-01,-2.199500083923339844e+00
2.926772356033325195e+00,-1.655761897563934326e-01,-2.255429267883300781e+00
-2.974233865737915039e+00,6.148896217346191406e-01,-2.442645788192749023e+00
-2.894000053405761719e+00,8.086599707603454590e-01,-2.393500089645385742e+00
2.820713996887207031e+00,8.397491574287414551e-01,-2.147040843963623047e+00
2.512749910354614258e+00,1.304964184761047363e+00,-2.270342111587524414e+00
2.418999910354614258e+00,1.743080019950866699e+00,-2.411499977111816406e+00
2.540404558181762695e+00,1.430595159530639648e+00,-2.239102363586425781e+00
-2.262643098831176758e+00,1.896857738494873047e+00,-2.314716100692749023e+00
1.713282465934753418e+00,2.448437452316284180e+00,-2.145733356475830078e+00
-1.633754253387451172e+00,2.592666625976562500e+00,-2.112392663955688477e+00
1.064442873001098633e+00,2.725996017456054688e+00,-2.363926410675048828e+00
1.473513245582580566e+00,2.592637300491333008e+00,-2.272361993789672852e+00
3.448466360569000244e-01,3.081321716308593750e+00,-2.132576704025268555e+00
-1.052000045776367188e+00,3.217299938201904297e+00,-2.156500101089477539e+00
-6.656541824340820312e-01,-3.153138160705566406e+00,-1.815574526786804199e+00
-2.163158059120178223e-01,-3.200353622436523438e+00,-2.055156946182250977e+00
2.419999986886978149e-01,-3.298700094223022461e+00,-1.849499940872192383e+00
8.376266360282897949e-01,-3.211046695709228516e+00,-1.970678687095642090e+00
-1.400502562522888184e+00,-2.996433496475219727e+00,-1.859245896339416504e+00
-1.394484996795654297e+00,-2.917067527770996094e+00,-1.780737400054931641e+00
-9.637895822525024414e-01,-3.033263206481933594e+00,-2.012809991836547852e+00
-2.090000063180923462e-01,-3.108200073242187500e+00,-1.998499989509582520e+00
9.711494445800781250e-01,-3.044594287872314453e+00,-1.964656591415405273e+00
1.274000048637390137e+00,-2.875499963760375977e+00,-1.755499958992004395e+00
-1.876282930374145508e+00,-2.679912328720092773e+00,-1.905704975128173828e+00
-1.696039319038391113e+00,-2.745251178741455078e+00,-2.004596948623657227e+00
-2.239248037338256836e+00,-2.216322660446166992e+00,-1.824613571166992188e+00
-2.083512067794799805e+00,-2.349529027938842773e+00,-1.876232862472534180e+00
-2.534039497375488281e+00,-1.891388893127441406e+00,-1.917791008949279785e+00
-2.389492034912109375e+00,-2.049780845642089844e+00,-1.969661951065063477e+00
-2.872414827346801758e+00,-1.537769794464111328e+00,-1.872498035430908203e+00
-2.671976804733276367e+00,-1.720779180526733398e+00,-1.987076163291931152e+00
2.555583000183105469e+00,-1.496821165084838867e+00,-1.973667621612548828e+00
-2.941601037979125977e+00,-1.253033399581909180e+00,-1.968179941177368164e+00
-3.046897888183593750e+00,-9.025219678878784180e-01,-1.873505592346191406e+00
2.931354999542236328e+00,-4.082828236278146505e-04,-2.074095487594604492e+00
2.926327228546142578e+00,4.962237477302551270e-01,-1.868283867835998535e+00
2.716000080108642578e+00,9.268450140953063965e-01,-2.056499958038330078e+00
2.557616949081420898e+00,1.341574430465698242e+00,-1.973538875579833984e+00
-2.512315750122070312e+00,1.624101519584655762e+00,-1.908231258392333984e+00
-2.376184225082397461e+00,1.698963046073913574e+00,-2.087303876876831055e+00
-2.430044412612915039e+00,1.957931041717529297e+00,-2.008327245712280273e+00
2.118422985076904297e+00,1.834869265556335449e+00,-1.926754951477050781e+00
-2.252631425857543945e+00,2.348045110702514648e+00,-1.816799044609069824e+00
-2.019000053405761719e+00,2.380100011825561523e+00,-1.760499954223632812e+00
1.911045670509338379e+00,2.226538896560668945e+00,-1.957213163375854492e+00
-2.056975364685058594e+00,2.518118143081665039e+00,-1.942091941833496094e+00
-1.555999994277954102e+00,2.639400005340576172e+00,-1.869500041007995605e+00
8.849999904632568359e-01,2.780299901962280273e+00,-2.085500001907348633e+00
1.347610473632812500e+00,2.655784606933593750e+00,-2.079123258590698242e+00
1.452384471893310547e+00,2.600086927413940430e+00,-1.960676908493041992e+00
-1.251799106597900391e+00,2.939396619796752930e+00,-1.883979678153991699e+00
-6.561986804008483887e-01,3.120472908020019531e+00,-1.924104094505310059e+00
-3.310000002384185791e-01,3.054199934005737305e+00,-2.076499938964843750e+00
2.615695595741271973e-01,3.143851280212402344e+00,-1.958198428153991699e+00
5.705000162124633789e-01,2.945499897003173828e+00,-1.963999986648559570e+00
-1.050580501556396484e+00,3.184068202972412109e+00,-1.805946707725524902e+00
1.480000019073486328e-01,3.249300003051757812e+00,-1.826500058174133301e+00
-5.392423868179321289e-01,-3.165231704711914062e+00,-1.717585444450378418e+00
-8.390294760465621948e-02,-3.189374685287475586e+00,-1.485541820526123047e+00
2.350633740425109863e-01,-3.204576969146728516e+00,-1.623752236366271973e+00
-1.200131893157958984e+00,-2.917687177658081055e+00,-1.545173645019531250e+00
-9.040656089782714844e-01,-3.047020912170410156e+00,-1.565672516822814941e+00
-5.730079412460327148e-01,-3.148727178573608398e+00,-1.623714447021484375e+00
2.729299366474151611e-01,-3.141264438629150391e+00,-1.535565257072448730e+00
1.618021845817565918e+00,-2.855927467346191406e+00,-1.491410613059997559e+00
-1.951153278350830078e+00,-2.568089246749877930e+00,-1.642163038253784180e+00
-1.665686607360839844e+00,-2.751152515411376953e+00,-1.600806713104248047e+00
1.699000000953674316e+00,-2.716300010681152344e+00,-1.593500018119812012e+00
-2.235173940658569336e+00,-2.216685771942138672e+00,-1.530839681625366211e+00
-2.063384532928466797e+00,-2.410400390625000000e+00,-1.564718127250671387e+00
2.664000034332275391e+00,-2.141700029373168945e+00,-1.599499940872192383e+00
-2.595101118087768555e+00,-1.906599402427673340e+00,-1.593689203262329102e+00
-2.413096427917480469e+00,-2.023454427719116211e+00,-1.453896403312683105e+00
-2.760063648223876953e+00,-1.741958379745483398e+00,-1.698443770408630371e+00
2.556112051010131836e+00,-1.621456503868103027e+00,-1.712678670883178711e+00
2.888271570205688477e+00,-1.600344300270080566e+00,-1.687999248504638672e+00
-2.995103836059570312e+00,-1.216239571571350098e+00,-1.534022927284240723e+00
-3.094583034515380859e+00,-8.388444185256958008e-01,-1.574429154396057129e+00
-3.040307521820068359e+00,-6.853663921356201172e-01,-1.589545011520385742e+00
2.917000055313110352e+00,-2.416000068187713623e-01,-1.473500013351440430e+00
3.138912200927734375e+00,8.109689503908157349e-02,-1.500455856323242188e+00
3.206000089645385742e+00,3.092299997806549072e-01,-1.455500006675720215e+00
-2.626893043518066406e+00,1.385175466537475586e+00,-1.585023403167724609e+00
2.666521310806274414e+00,1.283880949020385742e+00,-1.677743077278137207e+00
-2.557225942611694336e+00,1.572391390800476074e+00,-1.455906748771667480e+00
2.437288761138916016e+00,1.435751080513000488e+00,-1.493409276008605957e+00
-2.315458774566650391e+00,2.098666667938232422e+00,-1.555886983871459961e+00
2.085033655166625977e+00,1.879354000091552734e+00,-1.672800660133361816e+00
2.114320039749145508e+00,1.845610141754150391e+00,-1.433457612991333008e+00
-2.270746946334838867e+00,2.139092922210693359e+00,-1.616561412811279297e+00
1.800999999046325684e+00,2.292999982833862305e+00,-1.704499959945678711e+00
1.210999965667724609e+00,2.779900074005126953e+00,-1.691499948501586914e+00
1.436241269111633301e+00,2.573680877685546875e+00,-1.561504960060119629e+00
-1.083999991416931152e+00,3.077699899673461914e+00,-1.598500013351440430e+00
-3.791193068027496338e-01,3.102789402008056641e+00,-1.618858695030212402e+00
4.979999959468841553e-01,2.873500108718872070e+00,-1.506500005722045898e+00
9.609117507934570312e-01,2.827415943145751953e+00,-1.499763607978820801e+00
-9.627971649169921875e-01,3.219765663146972656e+00,-1.405108571052551270e+00
-5.548872351646423340e-01,3.159290790557861328e+00,-1.732160925865173340e+00
-1.011025905609130859e+00,-3.156560420989990234e+00,-1.179177522659301758e+00
-4.554147422313690186e-01,-3.163634538650512695e+00,-1.287840008735656738e+00
-1.976643949747085571e-01,-3.348998069763183594e+00,-1.254971265792846680e+00
2.506949603557586670e-01,-3.254123687744140625e+00,-1.264657855033874512e+00
-1.199078440666198730e+00,-2.982352733612060547e+00,-1.170269966125488281e+00
-9.017014503479003906e-01,-3.101181983947753906e+00,-1.255392074584960938e+00
-4.810630083084106445e-01,-3.111303806304931641e+00,-1.230388522148132324e+00
1.351205587387084961e+00,-2.903970718383789062e+00,-1.137837171554565430e+00
-1.903610587120056152e+00,-2.574851512908935547e+00,-1.272061586380004883e+00
-1.692358613014221191e+00,-2.650320291519165039e+00,-1.309461832046508789e+00
1.639870882034301758e+00,-2.681337594985961914e+00,-1.254253983497619629e+00
-2.235133647918701172e+00,-2.273855447769165039e+00,-1.250177741050720215e+00
-2.835126161575317383e+00,-1.849292635917663574e+00,-1.261775374412536621e+00
-2.580326557159423828e+00,-1.956557869911193848e+00,-1.217251420021057129e+00
-2.392130136489868164e+00,-2.064394235610961914e+00,-1.333398222923278809e+00
2.475559711456298828e+00,-1.428846240043640137e+00,-1.182053208351135254e+00
-2.962233543395996094e+00,-1.262008905410766602e+00,-1.165063023567199707e+00
-3.076475620269775391e+00,-8.920784592628479004e-01,-1.240729570388793945e+00
-2.862524747848510742e+00,-4.619381129741668701e-01,-1.174437403678894043e+00
2.822385311126708984e+00,-1.220567971467971802e-01,-1.290526509284973145e+00
2.714999914169311523e+00,1.600899994373321533e-01,-1.210500001907348633e+00
2.776999950408935547e+00,4.859299957752227783e-01,-1.268499970436096191e+00
2.707731962203979492e+00,9.403875470161437988e-01,-1.364383220672607422e+00
-2.788000106811523438e+00,1.200449943542480469e+00,-1.323500037193298340e+00
2.591563463211059570e+00,1.325051665306091309e+00,-1.179364681243896484e+00
-2.469000101089477539e+00,1.647109985351562500e+00,-1.274500012397766113e+00
2.413000106811523438e+00,1.670940041542053223e+00,-1.332499980926513672e+00
-2.177622795104980469e+00,1.862084150314331055e+00,-1.122797131538391113e+00
-2.067043304443359375e+00,2.414639711380004883e+00,-1.128289103507995605e+00
1.836424708366394043e+00,2.143941164016723633e+00,-1.239762306213378906e+00
1.447421312332153320e+00,2.654033660888671875e+00,-1.108796358108520508e+00
-7.467955946922302246e-01,3.132225990295410156e+00,-1.310124397277832031e+00
2.163079231977462769e-01,3.034084320068359375e+00,-1.234489560127258301e+00
8.119999766349792480e-01,2.870500087738037109e+00,-1.329499959945678711e+00
-8.619052171707153320e-01,3.282786846160888672e+00,-1.123025178909301758e+00
-4.438055455684661865e-01,3.222427845001220703e+00,-1.375604867935180664e+00
-4.990842342376708984e-01,-3.334177732467651367e+00,-8.542562127113342285e-01
-1.180433273315429688e+00,-2.997874498367309570e+00,-8.265945315361022949e-01
-4.427536427974700928e-01,-2.959390640258789062e+00,-9.697358608245849609e-01
2.757129967212677002e-01,-3.078525066375732422e+00,-1.040213465690612793e+00
7.400395870208740234e-01,-3.129258155822753906e+00,-1.026563048362731934e+00
1.320806741714477539e+00,-3.029361724853515625e+00,-8.534481525421142578e-01
1.543407082557678223e+00,-2.972609043121337891e+00,-7.839983701705932617e-01
-2.123441457748413086e+00,-2.490626811981201172e+00,-1.016625642776489258e+00
-1.907480955123901367e+00,-2.464905500411987305e+00,-7.658994197845458984e-01
-1.600543260574340820e+00,-2.777663230895996094e+00,-8.099310398101806641e-01
1.724993586540222168e+00,-2.646630287170410156e+00,-8.706483244895935059e-01
-2.306968450546264648e+00,-2.206643342971801758e+00,-8.515215516090393066e-01
-2.037297725677490234e+00,-2.384838104248046875e+00,-7.273478507995605469e-01
2.249452829360961914e+00,-2.182103157043457031e+00,-8.930590748786926270e-01
-2.571990251541137695e+00,-1.892907023429870605e+00,-8.731234073638916016e-01
2.645999908447265625e+00,-2.095700025558471680e+00,-7.285000085830688477e-01
2.555188894271850586e+00,-1.520279765129089355e+00,-8.973826766014099121e-01
-2.952866077423095703e+00,-1.238744497299194336e+00,-9.259346723556518555e-01
2.823662281036376953e+00,-1.247705459594726562e+00,-9.429871439933776855e-01
-3.148791074752807617e+00,-7.493340373039245605e-01,-9.404115080833435059e-01
2.812987565994262695e+00,4.120935797691345215e-01,-7.158379554748535156e-01
-2.872202873229980469e+00,1.212717652320861816e+00,-9.277501106262207031e-01
-2.700747013092041016e+00,1.288946390151977539e+00,-9.590084552764892578e-01
2.979472398757934570e+00,1.128660798072814941e+00,-8.128033280372619629e-01
-2.481849193572998047e+00,1.574070215225219727e+00,-9.449480772018432617e-01
2.234999895095825195e+00,1.501399993896484375e+00,-1.003499984741210938e+00
2.201565742492675781e+00,1.920900464057922363e+00,-8.208219408988952637e-01
1.791067004203796387e+00,2.220971584320068359e+00,-1.037021756172180176e+00
-1.846187829971313477e+00,2.498845100402832031e+00,-8.668789863586425781e-01
-1.696656942367553711e+00,2.539189100265502930e+00,-8.664056062698364258e-01
1.109507560729980469e+00,2.753495454788208008e+00,-8.332242369651794434e-01
-1.224165320396423340e+00,2.970666170120239258e+00,-9.274377226829528809e-01
-9.709202051162719727e-01,2.925891160964965820e+00,-7.953179478645324707e-01
-2.300000004470348358e-02,3.111500024795532227e+00,-1.044499993324279785e+00
-4.312206208705902100e-01,3.254023075103759766e+00,-9.519681930541992188e-01
-1.683795005083084106e-01,3.303654670715332031e+00,-9.322726726531982422e-01
1.499999966472387314e-02,3.368299961090087891e+00,-9.325000047683715820e-01
-5.416398048400878906e-01,-3.239723443984985352e+00,-5.788327455520629883e-01
1.495574474334716797e+00,-3.157658576965332031e+00,-6.032997369766235352e-01
-1.530939221382141113e+00,-2.907957792282104492e+00,-4.993397295475006104e-01
-1.166590332984924316e+00,-3.119545459747314453e+00,-5.729640722274780273e-01
-7.817310094833374023e-01,-3.066975831985473633e+00,-6.630362272262573242e-01
5.172260999679565430e-01,-3.097983360290527344e+00,-5.682814121246337891e-01
9.327237010002136230e-01,-2.905155420303344727e+00,-5.246198773384094238e-01
1.861999988555908203e+00,-2.874799966812133789e+00,-4.135000109672546387e-01
-1.750652313232421875e+00,-2.668891429901123047e+00,-5.300588011741638184e-01
-1.694581270217895508e+00,-2.678775787353515625e+00,-5.176005959510803223e-01
1.800999999046325684e+00,-2.570899963378906250e+00,-6.234999895095825195e-01
-2.268564701080322266e+00,-2.227793455123901367e+00,-4.467766880989074707e-01
2.016000032424926758e+00,-2.330800056457519531e+00,-4.905000030994415283e-01
2.257868528366088867e+00,-2.123805522918701172e+00,-4.675439596176147461e-01
-2.538433790206909180e+00,-1.894502758979797363e+00,-5.236985683441162109e-01
-2.436462879180908203e+00,-2.066419601440429688e+00,-4.679147303104400635e-01
-2.586810588836669922e+00,-1.486676812171936035e+00,-5.405068397521972656e-01
2.571000099182128906e+00,-1.647699952125549316e+00,-3.865000009536743164e-01
-3.000951051712036133e+00,-1.333486795425415039e+00,-5.456085801124572754e-01
-2.963547945022583008e+00,-9.875215291976928711e-01,-6.203544139862060547e-01
-3.026999950408935547e+00,-6.151999831199645996e-01,-5.454999804496765137e-01
2.767622470855712891e+00,2.483893483877182007e-01,-5.435546636581420898e-01
-2.990641117095947266e+00,5.307556390762329102e-01,-5.087666511535644531e-01
3.061632156372070312e+00,4.814682602882385254e-01,-4.274809658527374268e-01
3.002929210662841797e+00,8.847979903221130371e-01,-4.970262348651885986e-01
-2.924558401107788086e+00,1.219798803329467773e+00,-4.820739626884460449e-01
2.625765800476074219e+00,1.282802343368530273e+00,-5.904697179794311523e-01
2.915236949920654297e+00,1.135359883308410645e+00,-6.487402915954589844e-01
-2.359719753265380859e+00,1.924121499061584473e+00,-4.681935310363769531e-01
1.915252327919006348e+00,2.020270347595214844e+00,-5.220894813537597656e-01
2.147625446319580078e+00,1.931091666221618652e+00,-4.780374765396118164e-01
1.657668709754943848e+00,2.283422946929931641e+00,-5.581820607185363770e-01
-1.958261132240295410e+00,2.508497476577758789e+00,-5.139668583869934082e-01
1.280982613563537598e+00,2.589419126510620117e+00,-4.562178254127502441e-01
-1.610999941825866699e+00,2.964400053024291992e+00,-4.025000035762786865e-01
-1.383000016212463379e+00,3.024699926376342773e+00,-5.414999723434448242e-01
-7.427947521209716797e-01,3.106616020202636719e+00,-5.962549448013305664e-01
9.044843316078186035e-01,2.828288555145263672e+00,-5.450229644775390625e-01
-6.584191322326660156e-01,3.270019054412841797e+00,-4.626261889934539795e-01
-1.899999938905239105e-02,3.290199995040893555e+00,-3.955000042915344238e-01
6.422851085662841797e-01,-3.275091409683227539e+00,-8.109055459499359131e-02
-1.462948322296142578e+00,-2.932291507720947266e+00,-1.452081352472305298e-01
-1.259050965309143066e+00,-3.067433118820190430e+00,-2.171270400285720825e-01
-5.598931312561035156e-01,-3.036989927291870117e+00,-1.640468984842300415e-01
2.195984870195388794e-01,-3.088989019393920898e+00,-2.883464097976684570e-01
6.817569136619567871e-01,-3.120352745056152344e+00,-3.427697420120239258e-01
8.855701088905334473e-01,-3.134967565536499023e+00,-2.471004724502563477e-01
1.112401962280273438e+00,-3.025099992752075195e+00,-3.286441266536712646e-01
1.696591973304748535e+00,-2.808140993118286133e+00,-2.511568665504455566e-01
-1.712167263031005859e+00,-2.586799860000610352e+00,-3.158766031265258789e-01
1.869169473648071289e+00,-2.675926208496093750e+00,-1.275385729968547821e-02
-2.183847904205322266e+00,-2.300768852233886719e+00,-2.773604989051818848e-01
2.315623998641967773e+00,-2.199229001998901367e+00,-1.969030350446701050e-01
-2.489640235900878906e+00,-1.928629398345947266e+00,-2.203590571880340576e-01
-2.444485664367675781e+00,-2.029037952423095703e+00,-2.168929427862167358e-01
-2.592938423156738281e+00,-1.691057205200195312e+00,-1.635744124650955200e-01
2.513162851333618164e+00,-1.557094216346740723e+00,-2.106642276048660278e-01
-2.920991659164428711e+00,-1.263537764549255371e+00,-2.230048179626464844e-01
2.704999923706054688e+00,-8.604000210762023926e-01,-1.105000004172325134e-01
-3.109999895095825195e+00,-6.794999837875366211e-01,-2.449999935925006866e-02
2.881994009017944336e+00,-4.635046124458312988e-01,-7.623768178746104240e-04
2.770770788192749023e+00,1.848948150873184204e-01,-2.951009571552276611e-02
2.886433839797973633e+00,9.687319397926330566e-02,-1.830498129129409790e-01
-2.939323663711547852e+00,6.993891000747680664e-01,-2.017682194709777832e-01
2.726073503494262695e+00,6.563983559608459473e-01,-6.937887519598007202e-02
-3.178999900817871094e+00,9.826250076293945312e-01,-2.594999969005584717e-01
2.707804203033447266e+00,8.068205118179321289e-01,-1.754864901304244995e-01
-2.680265903472900391e+00,1.184288978576660156e+00,-1.747880131006240845e-01
2.444636583328247070e+00,1.330844283103942871e+00,-3.319919705390930176e-01
2.740266561508178711e+00,1.073456168174743652e+00,-3.068015575408935547e-01
-2.315000057220458984e+00,1.499099969863891602e+00,-9.549999982118606567e-02
2.262814998626708984e+00,1.720403671264648438e+00,-1.894984096288681030e-01
-2.258949995040893555e+00,1.914951086044311523e+00,-2.375311553478240967e-01
2.151681184768676758e+00,1.846510171890258789e+00,-1.723969876766204834e-01
-1.885201454162597656e+00,2.279525041580200195e+00,-1.254296749830245972e-01
1.541955351829528809e+00,2.374667406082153320e+00,-2.257546931505203247e-01
-1.905042648315429688e+00,2.652656316757202148e+00,-2.749289870262145996e-01
1.114281773567199707e+00,2.597227573394775391e+00,-3.245232999324798584e-02
-1.792957425117492676e+00,2.823373556137084961e+00,-2.605260722339153290e-02
-1.134143352508544922e+00,2.942431449890136719e+00,-2.312616556882858276e-01
-8.255548477172851562e-01,3.055849552154541016e+00,-1.229849085211753845e-01
4.269999861717224121e-01,2.839099884033203125e+00,-3.395000100135803223e-01
8.103557825088500977e-01,2.913238763809204102e+00,-2.924945652484893799e-01
-2.068703472614288330e-01,3.173782110214233398e+00,-8.132574148476123810e-03
1.530019789934158325e-01,-3.386712312698364258e+00,7.467531412839889526e-02
-1.170286774635314941e+00,-2.890552759170532227e+00,2.944554686546325684e-01
-7.337846159934997559e-01,-3.000964164733886719e+00,3.072806596755981445e-01
-4.933423697948455811e-01,-3.039127111434936523e+00,2.020675688982009888e-01
-6.747696548700332642e-02,-3.135139703750610352e+00,3.371415734291076660e-01
1.422988176345825195e-01,-3.046786785125732422e+00,2.460730820894241333e-01
4.976674914360046387e-01,-3.059824466705322266e+00,3.111225664615631104e-01
1.009035825729370117e+00,-3.138843774795532227e+00,1.174154877662658691e-01
1.053343296051025391e+00,-3.094736099243164062e+00,6.336941570043563843e-02
1.474002838134765625e+00,-2.921602487564086914e+00,1.001221314072608948e-01
-1.866087913513183594e+00,-2.643929243087768555e+00,2.239894419908523560e-01
-9.648218154907226562e-01,-2.632981777191162109e+00,2.761912047863006592e-01
1.839092612266540527e+00,-2.645246982574462891e+00,2.402755618095397949e-01
-2.299612760543823242e+00,-2.276780366897583008e+00,1.850755959749221802e-01
2.247502326965332031e+00,-2.238502264022827148e+00,9.736061841249465942e-02
-2.499234437942504883e+00,-1.859337210655212402e+00,1.994725912809371948e-01
-2.435297727584838867e+00,-2.022117614746093750e+00,1.432369947433471680e-01
2.522709608078002930e+00,-1.883448839187622070e+00,2.347864210605621338e-01
-2.793635845184326172e+00,-1.469198465347290039e+00,4.568240791559219360e-02
-3.276000022888183594e+00,-1.146299958229064941e+00,2.425000071525573730e-01
2.802999973297119141e+00,-1.171599984169006348e+00,1.035000011324882507e-01
-3.046071052551269531e+00,-1.016597151756286621e+00,1.064770966768264771e-01
2.797137737274169922e+00,-3.308918476104736328e-01,1.204588040709495544e-01
3.042739868164062500e+00,-3.862239792943000793e-02,1.455328017473220825e-01
2.942556142807006836e+00,1.581979244947433472e-01,2.285561263561248779e-01
-2.739000082015991211e+00,7.066699862480163574e-01,3.165000081062316895e-01
2.665494203567504883e+00,9.419704675674438477e-01,2.529450058937072754e-01
2.915951490402221680e+00,8.971371650695800781e-01,2.948787808418273926e-01
-2.611975193023681641e+00,1.266991972923278809e+00,2.222314178943634033e-01
-2.543999910354614258e+00,1.625429987907409668e+00,2.685000002384185791e-01
-2.342999935150146484e+00,1.578680038452148438e+00,2.150000073015689850e-02
2.383712530136108398e+00,1.419032573699951172e+00,1.880324333906173706e-01
-1.878000020980834961e+00,2.032000064849853516e+00,5.649999901652336121e-02
2.212670803070068359e+00,1.876912355422973633e+00,1.059047132730484009e-01
-1.792089223861694336e+00,2.292902946472167969e+00,2.357976324856281281e-02
1.463866710662841797e+00,2.407194852828979492e+00,1.840149015188217163e-01
-1.803031325340270996e+00,2.658791542053222656e+00,2.042422145605087280e-01
1.106449246406555176e+00,2.725803375244140625e+00,2.021421045064926147e-01
-1.139994382858276367e+00,2.913972616195678711e+00,3.362990915775299072e-01
-6.817582249641418457e-01,3.141643285751342773e+00,9.203016012907028198e-02
4.460000097751617432e-01,2.863500118255615234e+00,3.115000128746032715e-01
7.913833856582641602e-01,2.911763906478881836e+00,1.415387541055679321e-01
1.085167407989501953e+00,2.861472845077514648e+00,1.814390718936920166e-01
-6.711508035659790039e-01,3.239257574081420898e+00,2.901935875415802002e-01
-1.451591134071350098e+00,-2.867006540298461914e+00,4.481254816055297852e-01
-1.244983911514282227e+00,-3.020204544067382812e+00,4.745119214057922363e-01
-8.362331390380859375e-01,-3.037905216217041016e+00,4.962864816188812256e-01
-6.381545066833496094e-01,-3.092245578765869141e+00,6.475125551223754883e-01
6.651502847671508789e-02,-3.039866447448730469e+00,4.531457126140594482e-01
5.394921898841857910e-01,-3.004294872283935547e+00,6.401473283767700195e-01
7.294126152992248535e-01,-2.905563354492187500e+00,5.537498593330383301e-01
1.172678232192993164e+00,-2.892711877822875977e+00,4.396160840988159180e-01
-1.683520197868347168e+00,-2.634024381637573242e+00,5.491872429847717285e-01
1.344933629035949707e+00,-2.798355579376220703e+00,3.715805411338806152e-01
1.706354022026062012e+00,-2.679106950759887695e+00,4.418547153472900391e-01
1.933944821357727051e+00,-2.658666610717773438e+00,5.040423274040222168e-01
-2.241073369979858398e+00,-2.222293138504028320e+00,5.102434754371643066e-01
-1.939163923263549805e+00,-2.371991872787475586e+00,6.800804138183593750e-01
2.169437170028686523e+00,-2.162089109420776367e+00,5.673013329505920410e-01
-2.525257110595703125e+00,-1.895303487777709961e+00,4.872007966041564941e-01
-2.372358798980712891e+00,-1.929468154907226562e+00,3.604701459407806396e-01
2.770999908447265625e+00,-1.428900003433227539e+00,5.845000147819519043e-01
-3.185993909835815430e+00,-1.164965271949768066e+00,3.587267994880676270e-01
-2.893863677978515625e+00,-1.303489089012145996e+00,5.382212996482849121e-01
-2.974474906921386719e+00,-8.966422677040100098e-01,4.743256270885467529e-01
-2.883501768112182617e+00,-5.686793923377990723e-01,6.120774745941162109e-01
-3.054126024246215820e+00,-3.115998506546020508e-01,5.715243816375732422e-01
2.821000099182128906e+00,-1.960999965667724609e-01,6.614999771118164062e-01
2.733999967575073242e+00,2.896600067615509033e-01,5.264999866485595703e-01
2.951999902725219727e+00,3.326500058174133301e-01,5.945000052452087402e-01
-2.676764011383056641e+00,6.624615788459777832e-01,4.214824736118316650e-01
2.917479515075683594e+00,4.636277556419372559e-01,5.120855569839477539e-01
-2.798666000366210938e+00,7.098483443260192871e-01,6.174182891845703125e-01
2.675287961959838867e+00,8.790209293365478516e-01,6.070456504821777344e-01
3.135388612747192383e+00,1.046461820602416992e+00,3.612434267997741699e-01
-2.759999990463256836e+00,1.362089991569519043e+00,6.165000200271606445e-01
2.493649005889892578e+00,1.207928180694580078e+00,4.590171873569488525e-01
-2.636876344680786133e+00,1.414806127548217773e+00,4.344342052936553955e-01
-2.298000097274780273e+00,2.030699968338012695e+00,5.335000157356262207e-01
1.968524575233459473e+00,1.974627375602722168e+00,5.341815352439880371e-01
2.411018610000610352e+00,1.907879114151000977e+00,5.576132535934448242e-01
-2.196000099182128906e+00,2.166100025177001953e+00,6.934999823570251465e-01
1.513935327529907227e+00,2.325280189514160156e+00,4.149587154388427734e-01
-1.783624887466430664e+00,2.529502153396606445e+00,3.670991659164428711e-01
-1.379275560379028320e+00,2.634210586547851562e+00,4.078817069530487061e-01
-9.881395101547241211e-01,2.744460105895996094e+00,6.511446833610534668e-01
9.433395266532897949e-01,2.755784034729003906e+00,5.208010673522949219e-01
1.171145677566528320e+00,2.684795379638671875e+00,5.612317323684692383e-01
-1.056923866271972656e+00,3.005059719085693359e+00,3.513733148574829102e-01
-8.742109537124633789e-01,2.979892253875732422e+00,5.042448043823242188e-01
-6.787634491920471191e-01,3.040452003479003906e+00,5.931621193885803223e-01
-1.689999997615814209e-01,3.061000108718872070e+00,3.574999868869781494e-01
8.600000292062759399e-02,3.028599977493286133e+00,4.704999923706054688e-01
-6.724404096603393555e-01,-3.269115447998046875e+00,8.115472793579101562e-01
-1.500723242759704590e+00,-2.835227012634277344e+00,8.409711718559265137e-01
-1.207030296325683594e+00,-3.005320310592651367e+00,8.640482425689697266e-01
-4.610263407230377197e-01,-2.939562559127807617e+00,9.035003781318664551e-01
-2.280000001192092896e-01,-3.050199985504150391e+00,1.031499981880187988e+00
2.421588897705078125e-01,-3.108436584472656250e+00,8.786106109619140625e-01
4.336070716381072998e-01,-3.060587167739868164e+00,8.351911306381225586e-01
1.466555476188659668e+00,-3.095766782760620117e+00,7.734578847885131836e-01
-1.792151093482971191e+00,-2.466403245925903320e+00,7.597379684448242188e-01
-1.715369224548339844e+00,-2.582036495208740234e+00,1.040358543395996094e+00
1.617788195610046387e+00,-2.668845176696777344e+00,9.684045314788818359e-01
1.977906346321105957e+00,-2.533078670501708984e+00,7.282301187515258789e-01
-2.246386289596557617e+00,-2.201931715011596680e+00,7.356994748115539551e-01
-2.063829660415649414e+00,-2.309228420257568359e+00,9.273754358291625977e-01
-2.563430547714233398e+00,-1.972912430763244629e+00,8.658798336982727051e-01
2.298769474029541016e+00,-2.045109748840332031e+00,9.926586747169494629e-01
2.493659734725952148e+00,-1.941075444221496582e+00,8.763947486877441406e-01
-2.729964017868041992e+00,-1.584862828254699707e+00,8.761562108993530273e-01
2.384499073028564453e+00,-1.464782476425170898e+00,7.171528339385986328e-01
-2.902510404586791992e+00,-1.201878786087036133e+00,7.904647588729858398e-01
-2.748266458511352539e+00,-1.379126667976379395e+00,9.905865192413330078e-01
2.832999944686889648e+00,-1.283599972724914551e+00,7.195000052452087402e-01
-3.138124227523803711e+00,-3.152929842472076416e-01,9.977827668190002441e-01
2.859873771667480469e+00,2.240952104330062866e-02,8.502539992332458496e-01
-3.021579742431640625e+00,6.243805289268493652e-01,8.258569836616516113e-01
-2.968603849411010742e+00,9.021101593971252441e-01,8.782556056976318359e-01
2.730462551116943359e+00,8.563165068626403809e-01,9.106748700141906738e-01
2.439452886581420898e+00,1.302346706390380859e+00,1.041108369827270508e+00
2.539417266845703125e+00,1.238427400588989258e+00,8.266938924789428711e-01
-2.629506349563598633e+00,1.486663579940795898e+00,8.179523348808288574e-01
2.672301769256591797e+00,1.420712590217590332e+00,8.678197860717773438e-01
1.159598946571350098e+00,2.624119520187377930e+00,9.520210027694702148e-01
1.590797781944274902e+00,2.592105865478515625e+00,8.741422891616821289e-01
-1.063787460327148438e+00,2.808764457702636719e+00,1.008583068847656250e+00
-9.099475741386413574e-01,3.061512947082519531e+00,9.898788928985595703e-01
-1.489999890327453613e-01,3.078350067138671875e+00,7.545000314712524414e-01
4.363110959529876709e-01,2.875518798828125000e+00,7.571680545806884766e-01
-3.196338415145874023e-01,3.281633377075195312e+00,7.588821649551391602e-01
-8.714483380317687988e-01,-3.248440265655517578e+00,1.384281873703002930e+00
6.079324483871459961e-01,-3.220738649368286133e+00,1.074176430702209473e+00
-8.096957802772521973e-01,-3.048888444900512695e+00,1.349386930465698242e+00
-6.692743301391601562e-01,-3.093709468841552734e+00,1.142899274826049805e+00
-1.177901551127433777e-01,-3.129038572311401367e+00,1.079029679298400879e+00
1.597158461809158325e-01,-3.066311359405517578e+00,1.247609138488769531e+00
4.175979495048522949e-01,-3.086292505264282227e+00,1.103027224540710449e+00
7.135238647460937500e-01,-3.142017126083374023e+00,1.378257870674133301e+00
1.152999997138977051e+00,-2.828900098800659180e+00,1.307500004768371582e+00
1.503200531005859375e+00,-2.929538011550903320e+00,1.056131720542907715e+00
-1.805742979049682617e+00,-2.490980148315429688e+00,1.198186635971069336e+00
-1.625187277793884277e+00,-2.612547159194946289e+00,1.167280673980712891e+00
-1.335016846656799316e+00,-2.455552101135253906e+00,1.362711668014526367e+00
1.390011668205261230e+00,-2.733015060424804688e+00,1.288625001907348633e+00
1.612951636314392090e+00,-2.609118223190307617e+00,1.291384696960449219e+00
-2.242045640945434570e+00,-2.153658866882324219e+00,1.268495678901672363e+00
-2.004262685775756836e+00,-2.374012947082519531e+00,1.282337188720703125e+00
2.006902456283569336e+00,-2.313818931579589844e+00,1.286617875099182129e+00
2.241813659667968750e+00,-2.429994821548461914e+00,1.207002997398376465e+00
-2.572049856185913086e+00,-1.938966155052185059e+00,1.204571723937988281e+00
2.257446289062500000e+00,-2.059157371520996094e+00,1.092281341552734375e+00
2.497298479080200195e+00,-1.866368055343627930e+00,1.345897078514099121e+00
-2.720639705657958984e+00,-1.598426222801208496e+00,1.359532475471496582e+00
2.466398715972900391e+00,-1.482342839241027832e+00,1.123677968978881836e+00
-2.893803596496582031e+00,-1.177106022834777832e+00,1.227472424507141113e+00
2.537511825561523438e+00,-1.113832712173461914e+00,1.311074018478393555e+00
-2.959434032440185547e+00,-8.510087728500366211e-01,1.238572120666503906e+00
2.716510534286499023e+00,-8.266618251800537109e-01,1.376407623291015625e+00
3.092613697052001953e+00,-7.053607106208801270e-01,1.199780583381652832e+00
-3.017476320266723633e+00,-5.389016866683959961e-01,1.231146216392517090e+00
3.001382589340209961e+00,-6.186131834983825684e-01,1.203604340553283691e+00
2.976082086563110352e+00,-1.026860252022743225e-01,1.305401682853698730e+00
3.159765243530273438e+00,6.371135264635086060e-02,1.339127540588378906e+00
2.792000055313110352e+00,6.746100187301635742e-01,1.327499985694885254e+00
-2.815012693405151367e+00,1.124652624130249023e+00,1.089009046554565430e+00
-2.694645881652832031e+00,1.190407395362854004e+00,1.366828918457031250e+00
2.582859754562377930e+00,1.274982690811157227e+00,1.259846687316894531e+00
2.915983200073242188e+00,1.068509578704833984e+00,1.161844611167907715e+00
-2.759999990463256836e+00,1.562849998474121094e+00,1.285500049591064453e+00
-2.002000093460083008e+00,1.886569976806640625e+00,1.368499994277954102e+00
9.739544987678527832e-01,2.441619873046875000e+00,1.150481104850769043e+00
-1.470336318016052246e+00,2.725545167922973633e+00,1.147209286689758301e+00
9.462191462516784668e-01,2.599904298782348633e+00,1.297715067863464355e+00
1.695000052452087402e+00,2.644799947738647461e+00,1.157500028610229492e+00
-1.307959437370300293e+00,2.815364599227905273e+00,1.294736742973327637e+00
1.060348987579345703e+00,2.918208360671997070e+00,1.234145164489746094e+00
-1.218724489212036133e+00,3.154133081436157227e+00,1.257585406303405762e+00
-4.253013134002685547e-01,3.292299270629882812e+00,1.170708417892456055e+00
-3.593954071402549744e-02,3.324543714523315430e+00,1.065929770469665527e+00
-9.755781888961791992e-01,-3.294837474822998047e+00,1.503194808959960938e+00
-5.141756311058998108e-02,-3.154455661773681641e+00,1.666438698768615723e+00
8.860587328672409058e-02,-3.150103807449340820e+00,1.537003397941589355e+00
-1.406425595283508301e+00,-2.921231269836425781e+00,1.707564592361450195e+00
-1.270852208137512207e+00,-2.938523292541503906e+00,1.492248296737670898e+00
-7.057061791419982910e-01,-2.992378711700439453e+00,1.609949588775634766e+00
9.971069693565368652e-01,-3.015803575515747070e+00,1.660367012023925781e+00
1.205768585205078125e+00,-3.025380849838256836e+00,1.570444107055664062e+00
-1.861690402030944824e+00,-2.482895851135253906e+00,1.472622871398925781e+00
-1.596542596817016602e+00,-2.730989933013916016e+00,1.542233347892761230e+00
-2.243380784988403320e+00,-2.248696565628051758e+00,1.581127047538757324e+00
-2.088752508163452148e+00,-2.316374540328979492e+00,1.501756548881530762e+00
2.198999881744384766e+00,-2.404700040817260742e+00,1.488499999046325684e+00
-2.491247653961181641e+00,-1.866633534431457520e+00,1.606863260269165039e+00
-2.440582275390625000e+00,-1.953032732009887695e+00,1.700139164924621582e+00
-2.632446765899658203e+00,-1.613045096397399902e+00,1.578416347503662109e+00
2.561845302581787109e+00,-1.542424678802490234e+00,1.673488497734069824e+00
-2.934602499008178711e+00,-1.135861635208129883e+00,1.628092765808105469e+00
-2.765881776809692383e+00,-1.365970611572265625e+00,1.514718532562255859e+00
2.445271253585815430e+00,-1.262039542198181152e+00,1.608106851577758789e+00
2.510268449783325195e+00,-1.337611317634582520e+00,1.621187806129455566e+00
-3.065463781356811523e+00,-6.477411985397338867e-01,1.668573498725891113e+00
2.899430513381958008e+00,-3.766005933284759521e-01,1.507171630859375000e+00
-3.021945953369140625e+00,-2.928617596626281738e-01,1.549486756324768066e+00
2.757298469543457031e+00,-2.480882853269577026e-01,1.526801586151123047e+00
2.782746553421020508e+00,1.411372870206832886e-01,1.587980389595031738e+00
2.906509399414062500e+00,2.896905243396759033e-01,1.603176832199096680e+00
-3.023999929428100586e+00,9.328860044479370117e-01,1.666499972343444824e+00
-2.381000041961669922e+00,1.185610055923461914e+00,1.436499953269958496e+00
2.445935010910034180e+00,1.393369197845458984e+00,1.524249315261840820e+00
2.657021284103393555e+00,1.183038949966430664e+00,1.643893361091613770e+00
2.814430236816406250e+00,1.168503522872924805e+00,1.565734148025512695e+00
-2.223559617996215820e+00,1.540483355522155762e+00,1.637799024581909180e+00
2.444132804870605469e+00,1.404891014099121094e+00,1.687461972236633301e+00
-2.260999917984008789e+00,1.925619959831237793e+00,1.498499989509582520e+00
-1.526499986648559570e+00,2.558249950408935547e+00,1.543499946594238281e+00
9.718121290206909180e-01,2.734620809555053711e+00,1.559211492538452148e+00
-1.199739336967468262e+00,2.955194711685180664e+00,1.611174464225769043e+00
-5.559999942779541016e-01,2.964200019836425781e+00,1.692499995231628418e+00
-2.912643253803253174e-01,3.265534400939941406e+00,1.613961100578308105e+00
-8.676013350486755371e-01,-3.275559425354003906e+00,1.964083194732666016e+00
-1.517589092254638672e+00,-2.929719448089599609e+00,1.995608448982238770e+00
-1.273424506187438965e+00,-2.896325349807739258e+00,2.086157798767089844e+00
-9.728744029998779297e-01,-2.974850177764892578e+00,1.859355449676513672e+00
-3.016709089279174805e-01,-3.079176187515258789e+00,1.902281761169433594e+00
7.028332352638244629e-01,-3.040635824203491211e+00,1.831783652305603027e+00
-2.109527349472045898e+00,-2.458820343017578125e+00,1.805136680603027344e+00
-1.893798470497131348e+00,-2.573583364486694336e+00,1.950147151947021484e+00
-1.749988079071044922e+00,-2.709239482879638672e+00,1.922208070755004883e+00
1.828387737274169922e+00,-2.515050888061523438e+00,1.912253618240356445e+00
2.150112867355346680e+00,-2.499297618865966797e+00,1.925800323486328125e+00
-2.556575059890747070e+00,-1.883495926856994629e+00,2.054823875427246094e+00
-2.392873764038085938e+00,-1.787741184234619141e+00,1.998938202857971191e+00
2.332999944686889648e+00,-1.954749941825866699e+00,1.922999978065490723e+00
2.551000118255615234e+00,-2.052700042724609375e+00,2.001499891281127930e+00
-2.691992282867431641e+00,-1.537288546562194824e+00,1.917382121086120605e+00
-2.426658868789672852e+00,-1.749708414077758789e+00,1.823158740997314453e+00
2.486991167068481445e+00,-1.682566761970520020e+00,2.001654386520385742e+00
-3.031583070755004883e+00,-1.234420061111450195e+00,2.019658088684082031e+00
2.656975746154785156e+00,-1.292242050170898438e+00,1.876047372817993164e+00
3.082999944686889648e+00,-1.050600051879882812e+00,1.768499970436096191e+00
-3.095534563064575195e+00,-9.536029100418090820e-01,2.034590959548950195e+00
-2.654597282409667969e+00,-9.505227804183959961e-01,1.890473604202270508e+00
-3.079122781753540039e+00,-2.814925312995910645e-01,1.914520025253295898e+00
2.719586849212646484e+00,9.044734388589859009e-02,1.883809328079223633e+00
2.963000059127807617e+00,2.043599933385848999e-01,2.044500112533569336e+00
-2.783753871917724609e+00,9.892932176589965820e-01,1.776951909065246582e+00
2.571280002593994141e+00,9.252823591232299805e-01,1.868535995483398438e+00
-2.259000062942504883e+00,1.294899940490722656e+00,1.829499959945678711e+00
2.332027673721313477e+00,1.099174618721008301e+00,1.869312763214111328e+00
2.647000312805175781e+00,1.188134551048278809e+00,1.797590613365173340e+00
-2.268445014953613281e+00,1.531880974769592285e+00,1.989163994789123535e+00
2.398229598999023438e+00,1.440609455108642578e+00,1.932504773139953613e+00
-2.086999893188476562e+00,1.968799948692321777e+00,1.961500048637390137e+00
1.738364934921264648e+00,2.422339439392089844e+00,2.044157981872558594e+00
-1.609636306762695312e+00,2.691554069519042969e+00,1.899080634117126465e+00
9.110270142555236816e-01,2.669198274612426758e+00,1.874875783920288086e+00
1.094005465507507324e+00,2.629149913787841797e+00,1.926523208618164062e+00
-1.476665258407592773e+00,2.882882833480834961e+00,2.073949337005615234e+00
-1.258607268333435059e+00,3.007954835891723633e+00,2.091918706893920898e+00
-9.365679025650024414e-01,2.936076164245605469e+00,1.974999666213989258e+00
-4.157616794109344482e-01,2.889873266220092773e+00,1.992738485336303711e+00
-2.015491425991058350e-01,3.005570888519287109e+00,1.916699290275573730e+00
-1.171034693717956543e+00,3.163740396499633789e+00,2.081934452056884766e+00
-8.887288570404052734e-01,-3.165246725082397461e+00,2.216299295425415039e+00
-1.656383991241455078e+00,-2.980766296386718750e+00,2.285634517669677734e+00
-7.038027048110961914e-01,-3.099955558776855469e+00,2.134517908096313477e+00
-2.240000069141387939e-01,-3.140399932861328125e+00,2.307499885559082031e+00
8.119999766349792480e-01,-2.852600097656250000e+00,2.102499961853027344e+00
1.203999996185302734e+00,-2.888200044631958008e+00,2.168499946594238281e+00
-1.479796528816223145e+00,-2.702361583709716797e+00,2.373078107833862305e+00
1.868000030517578125e+00,-2.700099945068359375e+00,2.291500091552734375e+00
-2.189146518707275391e+00,-2.177426815032958984e+00,2.355416774749755859e+00
-1.933477759361267090e+00,-2.384683609008789062e+00,2.251246452331542969e+00
2.184254884719848633e+00,-2.438192129135131836e+00,2.331375598907470703e+00
-2.536477327346801758e+00,-1.834497213363647461e+00,2.188824176788330078e+00
-2.448398113250732422e+00,-1.854725241661071777e+00,2.269674301147460938e+00
2.355000019073486328e+00,-1.847200036048889160e+00,2.232500076293945312e+00
-2.651659965515136719e+00,-1.609211444854736328e+00,2.291036128997802734e+00
2.694037437438964844e+00,-1.434083938598632812e+00,2.215742826461791992e+00
-2.955278396606445312e+00,-1.231495141983032227e+00,2.260650157928466797e+00
2.636622190475463867e+00,-1.110082864761352539e+00,2.266553401947021484e+00
-3.455922365188598633e+00,-4.962114095687866211e-01,2.444117546081542969e+00
-3.187825202941894531e+00,-2.400652617216110229e-01,2.263771533966064453e+00
-2.978973150253295898e+00,-5.106015130877494812e-02,2.304813385009765625e+00
2.901635408401489258e+00,2.501596212387084961e-01,2.374555826187133789e+00
3.013000011444091797e+00,5.167099833488464355e-01,2.109499931335449219e+00
-2.702784538269042969e+00,9.983824491500854492e-01,2.210284709930419922e+00
2.699668407440185547e+00,1.232455492019653320e+00,2.219733715057373047e+00
-2.391000032424926758e+00,1.637969970703125000e+00,2.443500041961669922e+00
2.264359474182128906e+00,1.687408447265625000e+00,2.254244327545166016e+00
1.784415721893310547e+00,2.086554288864135742e+00,2.152467966079711914e+00
1.661598563194274902e+00,2.224373817443847656e+00,2.158701181411743164e+00
1.750155210494995117e+00,2.144482612609863281e+00,2.116008520126342773e+00
-1.244578242301940918e+00,2.702012062072753906e+00,2.330752372741699219e+00
-9.771708250045776367e-01,2.758695125579833984e+00,2.221902608871459961e+00
-5.965986847877502441e-01,2.779802322387695312e+00,2.395140409469604492e+00
8.669031262397766113e-01,2.687088489532470703e+00,2.304902791976928711e+00
1.362828254699707031e+00,2.462660312652587891e+00,2.181664466857910156e+00
-1.418796658515930176e+00,2.850768804550170898e+00,2.149257898330688477e+00
-9.466575384140014648e-01,3.056275606155395508e+00,2.157679796218872070e+00
-4.194069206714630127e-01,2.917315006256103516e+00,2.305753231048583984e+00
3.019999861717224121e-01,2.820699930191040039e+00,2.103499889373779297e+00
8.150227069854736328e-01,2.989608287811279297e+00,2.426616430282592773e+00
-8.411682844161987305e-01,3.214956521987915039e+00,2.335453748703002930e+00
-9.578478336334228516e-02,3.234267473220825195e+00,2.221764564514160156e+00
-1.788320899009704590e+00,-2.589965105056762695e+00,2.551664113998413086e+00
-1.715001821517944336e+00,-2.474886655807495117e+00,2.607516527175903320e+00
2.075637817382812500e+00,-2.628809213638305664e+00,2.676604986190795898e+00
-2.022403717041015625e+00,-2.158762454986572266e+00,2.575839042663574219e+00
-2.138210058212280273e+00,-1.954311966896057129e+00,2.708709001541137695e+00
2.294430494308471680e+00,-1.826629638671875000e+00,2.538656473159790039e+00
-2.562074661254882812e+00,-1.631611347198486328e+00,2.587609767913818359e+00
2.419864654541015625e+00,-1.645693540573120117e+00,2.568802833557128906e+00
-3.135999917984008789e+00,-1.089900016784667969e+00,2.457499980926513672e+00
-2.766000032424926758e+00,-1.177500009536743164e+00,2.539499998092651367e+00
-3.053318023681640625e+00,-1.503046005964279175e-01,2.660152435302734375e+00
-2.899595499038696289e+00,5.238768458366394043e-01,2.740568161010742188e+00
2.867137193679809570e+00,6.440569162368774414e-01,2.672853469848632812e+00
-3.167000055313110352e+00,9.265469908714294434e-01,2.654500007629394531e+00
-2.577300548553466797e+00,9.780517816543579102e-01,2.472088098526000977e+00
-2.436228752136230469e+00,8.839159607887268066e-01,2.608584403991699219e+00
-2.556207180023193359e+00,1.198628664016723633e+00,2.551096200942993164e+00
2.409516334533691406e+00,1.244107127189636230e+00,2.644756078720092773e+00
2.554465770721435547e+00,1.114847302436828613e+00,2.571121454238891602e+00
-1.987180233001708984e+00,1.660261154174804688e+00,2.601098537445068359e+00
2.422411680221557617e+00,1.606232643127441406e+00,2.518503665924072266e+00
-2.408304214477539062e+00,1.972046732902526855e+00,2.681142091751098633e+00
1.584271073341369629e+00,2.081391811370849609e+00,2.453365564346313477e+00
2.312427043914794922e+00,1.852576255798339844e+00,2.612818241119384766e+00
1.461105585098266602e+00,2.286241531372070312e+00,2.552614688873291016e+00
1.771596908569335938e+00,2.101007461547851562e+00,2.488350152969360352e+00
-2.030398845672607422e+00,2.761986732482910156e+00,2.728770017623901367e+00
-1.577999949455261230e+00,2.729599952697753906e+00,2.733500003814697266e+00
-5.494177341461181641e-01,2.656806945800781250e+00,2.757551431655883789e+00
-5.099999904632568359e-02,2.728300094604492188e+00,2.710500001907348633e+00
8.635684847831726074e-01,2.664331436157226562e+00,2.625962257385253906e+00
-1.644000053405761719e+00,2.991499900817871094e+00,2.764499902725219727e+00
-3.700000047683715820e-02,2.924799919128417969e+00,2.767499923706054688e+00
8.829207420349121094e-01,2.873093843460083008e+00,2.712432622909545898e+00
-5.780000090599060059e-01,3.351700067520141602e+00,2.551500082015991211e+00
-2.625999927520751953e+00,-1.431400060653686523e+00,3.131999969482421875e+00
-3.064211368560791016e+00,-5.348015427589416504e-01,3.062077999114990234e+00
-3.157999992370605469e+00,-2.626000046730041504e-01,2.981499910354614258e+00
-2.825794219970703125e+00,4.708448052406311035e-01,3.026423931121826172e+00
-3.074727535247802734e+00,7.824733257293701172e-01,2.836299657821655273e+00
2.834307193756103516e+00,1.002016067504882812e+00,2.921927928924560547e+00
-2.572863101959228516e+00,1.182581901550292969e+00,3.034319639205932617e+00
2.220542430877685547e+00,1.263337016105651855e+00,2.849360704421997070e+00
2.695080757141113281e+00,1.275317788124084473e+00,2.961676597595214844e+00
2.091000080108642578e+00,1.712139964103698730e+00,2.913500070571899414e+00
2.247999906539916992e+00,1.713879942893981934e+00,3.059499979019165039e+00
2.494921207427978516e+00,1.495450735092163086e+00,3.070744991302490234e+00
2.128848552703857422e+00,1.882040262222290039e+00,2.867664098739624023e+00
-1.921367526054382324e+00,2.399409294128417969e+00,2.997207164764404297e+00
1.598999977111816406e+00,2.217750072479248047e+00,3.088999986648559570e+00
1.789052963256835938e+00,2.297718048095703125e+00,2.845318317413330078e+00
-1.510189294815063477e+00,2.794550657272338867e+00,2.895743846893310547e+00
-4.320000112056732178e-01,2.743299961090087891e+00,3.030499935150146484e+00
2.121772468090057373e-01,2.787955045700073242e+00,2.903237819671630859e+00
8.709834218025207520e-01,2.663723945617675781e+00,2.923137426376342773e+00
-1.461883664131164551e+00,2.859552621841430664e+00,2.970672130584716797e+00
-1.356999993324279785e+00,3.020200014114379883e+00,2.939500093460083008e+00
-5.825161337852478027e-01,3.003368616104125977e+00,2.972447395324707031e+00
-2.488473653793334961e-01,3.285984992980957031e+00,2.929065942764282227e+00
4.199999943375587463e-02,3.158999919891357422e+00,2.864500045776367188e+00
-2.471999883651733398e+00,-1.273800015449523926e+00,3.293499946594238281e+00
-2.994080543518066406e+00,-5.901196599006652832e-01,3.212529897689819336e+00
-2.437251567840576172e+00,1.034113526344299316e+00,3.306712150573730469e+00
-1.635114192962646484e+00,2.280533313751220703e+00,3.353603124618530273e+00
1.492856621742248535e+00,2.398265123367309570e+00,3.203020095825195312e+00
-1.585500001907348633e+00,2.556149959564208984e+00,3.224999904632568359e+00
8.175457119941711426e-01,2.617996931076049805e+00,3.193983316421508789e+00
1.448114991188049316e+00,2.528766632080078125e+00,3.184720993041992188e+00
-2.540000081062316895e-01,3.174200057983398438e+00,3.424499988555908203e+00
1.534925937652587891e+00,-2.490360975265502930e+00,4.988950729370117188e+00
1.197000026702880859e+00,-2.349999904632568359e+00,4.946499824523925781e+00
1.711189746856689453e+00,-2.161347150802612305e+00,4.952555656433105469e+00
1.876035928726196289e+00,-2.227645874023437500e+00,4.978446006774902344e+00
2.034830808639526367e+00,-1.925917983055114746e+00,4.974884510040283203e+00
2.378999948501586914e+00,-1.769400000572204590e+00,4.992499828338623047e+00
2.062706232070922852e+00,-1.410259366035461426e+00,5.021921157836914062e+00
2.641000032424926758e+00,-1.509799957275390625e+00,4.954500198364257812e+00
2.503261804580688477e+00,-1.259110808372497559e+00,4.991825580596923828e+00
1.092000007629394531e+00,-1.327999979257583618e-01,4.940499782562255859e+00
2.471999883651733398e+00,-1.275999993085861206e-01,4.917500019073486328e+00
2.812999963760375977e+00,-3.853999823331832886e-02,4.997499942779541016e+00
1.204999923706054688e+00,1.412349939346313477e-01,4.923999786376953125e+00
2.484999895095825195e+00,2.810400128364562988e-01,5.010499954223632812e+00
1.863931179046630859e+00,1.590645313262939453e+00,4.996950149536132812e+00
1.550176620483398438e+00,1.900869369506835938e+00,5.031830310821533203e+00
1.270050644874572754e+00,2.262426137924194336e+00,4.984698772430419922e+00
9.462726712226867676e-01,2.478865385055541992e+00,4.928915500640869141e+00
1.147844195365905762e+00,2.455758571624755859e+00,4.965892791748046875e+00
