-4.020004272460937500e+00,2.381143420934677124e-01,-2.866248369216918945e+00
3.713006973266601562e+00,3.131912946701049805e-01,-2.807362794876098633e+00
-3.974735975265502930e+00,4.574280679225921631e-01,-2.849463224411010742e+00
3.659884691238403320e+00,8.108795285224914551e-01,-2.858844995498657227e+00
2.941648483276367188e+00,2.365601778030395508e+00,-2.825625419616699219e+00
3.170071125030517578e+00,2.153041362762451172e+00,-2.857846975326538086e+00
1.849285125732421875e+00,3.435727119445800781e+00,-2.930831193923950195e+00
1.695389986038208008e+00,3.573477268218994141e+00,-2.826454162597656250e+00
-2.866250038146972656e+00,-2.699916362762451172e+00,-2.715325593948364258e+00
-2.742102146148681641e+00,-2.766243457794189453e+00,-2.535094738006591797e+00
3.020724534988403320e+00,-2.182166814804077148e+00,-2.636370420455932617e+00
3.197971343994140625e+00,-1.834981083869934082e+00,-2.698414087295532227e+00
3.406287670135498047e+00,-1.504108905792236328e+00,-2.472099542617797852e+00
-3.731583118438720703e+00,-1.213936090469360352e+00,-2.588683843612670898e+00
3.546409368515014648e+00,-1.064636945724487305e+00,-2.682431459426879883e+00
-3.834398269653320312e+00,-8.316711783409118652e-01,-2.658618927001953125e+00
-3.858028411865234375e+00,-6.916741132736206055e-01,-2.588666677474975586e+00
-4.032561302185058594e+00,-1.197836399078369141e-01,-2.534664630889892578e+00
3.699366569519042969e+00,3.272595405578613281e-01,-2.715665578842163086e+00
3.732321500778198242e+00,5.212364792823791504e-01,-2.560006380081176758e+00
-3.752219915390014648e+00,1.252843856811523438e+00,-2.621286630630493164e+00
-3.700480461120605469e+00,1.575278162956237793e+00,-2.723883390426635742e+00
3.500236511230468750e+00,1.515543818473815918e+00,-2.732506752014160156e+00
3.366933107376098633e+00,1.753049135208129883e+00,-2.496130228042602539e+00
2.981071233749389648e+00,2.442952632904052734e+00,-2.633305311203002930e+00
2.996037960052490234e+00,2.476914167404174805e+00,-2.634983062744140625e+00
1.858766436576843262e+00,3.487103939056396484e+00,-2.590155124664306641e+00
9.314010143280029297e-01,3.776931524276733398e+00,-2.619208097457885742e+00
1.342178940773010254e+00,3.756482601165771484e+00,-2.539600849151611328e+00
1.734864950180053711e+00,3.602167129516601562e+00,-2.600323677062988281e+00
-1.210491180419921875e+00,3.870285272598266602e+00,-2.503543853759765625e+00
-9.047225117683410645e-01,4.014330863952636719e+00,-2.736353397369384766e+00
5.522342920303344727e-01,4.055314540863037109e+00,-2.630244016647338867e+00
-7.613182663917541504e-01,-3.967891454696655273e+00,-2.253451585769653320e+00
-5.268645286560058594e-01,-3.942290544509887695e+00,-2.196958541870117188e+00
-1.580073684453964233e-01,-3.905422210693359375e+00,-2.188651561737060547e+00
2.803961932659149170e-01,-3.949859142303466797e+00,-2.314560890197753906e+00
5.303823947906494141e-01,-3.902182340621948242e+00,-2.233323097229003906e+00
-1.515637397766113281e+00,-3.599354982376098633e+00,-2.156723737716674805e+00
-1.336140990257263184e+00,-3.625237464904785156e+00,-2.317869186401367188e+00
-5.187757611274719238e-01,-3.820903539657592773e+00,-2.355515241622924805e+00
-1.579986453056335449e+00,-3.495889186859130859e+00,-2.227535486221313477e+00
2.216331720352172852e+00,-3.407463788986206055e+00,-2.347168684005737305e+00
-2.670075893402099609e+00,-2.839012145996093750e+00,-2.156030893325805664e+00
-2.296261548995971680e+00,-3.049633741378784180e+00,-2.317500829696655273e+00
-2.954297304153442383e+00,-2.709374427795410156e+00,-2.169331073760986328e+00
2.567537069320678711e+00,-2.748858451843261719e+00,-2.423238277435302734e+00
2.864776611328125000e+00,-2.733007431030273438e+00,-2.218461036682128906e+00
2.977479934692382812e+00,-2.275911092758178711e+00,-2.211414575576782227e+00
-3.456274509429931641e+00,-1.816217422485351562e+00,-2.229530572891235352e+00
-3.620814561843872070e+00,-1.566586494445800781e+00,-2.103202819824218750e+00
3.331808567047119141e+00,-1.618876099586486816e+00,-2.151371479034423828e+00
-3.756937980651855469e+00,-1.232939720153808594e+00,-2.279374837875366211e+00
3.442076683044433594e+00,-1.394904494285583496e+00,-2.434987783432006836e+00
-3.857400417327880859e+00,-7.603041529655456543e-01,-2.278989553451538086e+00
3.607686758041381836e+00,-1.001178145408630371e+00,-2.405519485473632812e+00
-4.021391868591308594e+00,-9.004154801368713379e-02,-2.371811389923095703e+00
3.772215604782104492e+00,-3.109011426568031311e-02,-2.264916658401489258e+00
-3.974827766418457031e+00,6.586694717407226562e-02,-2.247483968734741211e+00
3.760470390319824219e+00,2.169062048196792603e-01,-2.333039283752441406e+00
3.734481811523437500e+00,4.330241680145263672e-01,-2.268455028533935547e+00
-3.724814653396606445e+00,1.415407896041870117e+00,-2.102436780929565430e+00
3.291533708572387695e+00,2.053306102752685547e+00,-2.228380680084228516e+00
3.139817237854003906e+00,2.377876758575439453e+00,-2.153328895568847656e+00
3.200775623321533203e+00,2.197321176528930664e+00,-2.232650995254516602e+00
-3.154285430908203125e+00,2.646175384521484375e+00,-2.243105649948120117e+00
-2.670511960983276367e+00,2.799867630004882812e+00,-2.320315361022949219e+00
-2.821754693984985352e+00,2.939453363418579102e+00,-2.124746322631835938e+00
-2.568310737609863281e+00,3.060581684112548828e+00,-2.247005939483642578e+00
-2.282550811767578125e+00,3.263190269470214844e+00,-2.190084457397460938e+00
1.772428035736083984e+00,3.445407629013061523e+00,-2.265341997146606445e+00
2.475986957550048828e+00,3.298207044601440430e+00,-2.172969818115234375e+00
-1.861319899559020996e+00,3.649928331375122070e+00,-2.191657066345214844e+00
1.148766160011291504e+00,3.779560327529907227e+00,-2.396862268447875977e+00
1.660294771194458008e+00,3.811891794204711914e+00,-2.222404241561889648e+00
-1.192486405372619629e+00,3.961676836013793945e+00,-2.324562311172485352e+00
8.084483146667480469e-01,4.030510425567626953e+00,-2.327925205230712891e+00
-4.485305845737457275e-01,-3.903223276138305664e+00,-1.889562010765075684e+00
2.604738175868988037e-01,-3.971181392669677734e+00,-1.846098899841308594e+00
4.582365453243255615e-01,-3.883837938308715820e+00,-1.995098471641540527e+00
-1.575078487396240234e+00,-3.520664691925048828e+00,-1.909950971603393555e+00
-1.377295255661010742e+00,-3.586715459823608398e+00,-1.935211777687072754e+00
-9.132651090621948242e-01,-3.789029121398925781e+00,-1.910012483596801758e+00
-5.792762637138366699e-01,-3.839874744415283203e+00,-1.876424074172973633e+00
9.200887680053710938e-01,-3.795865535736083984e+00,-1.918067932128906250e+00
1.186571002006530762e+00,-3.769090890884399414e+00,-1.895260810852050781e+00
-1.992149710655212402e+00,-3.318982839584350586e+00,-1.947514295578002930e+00
2.259781837463378906e+00,-3.354550361633300781e+00,-1.925436735153198242e+00
-2.525899171829223633e+00,-2.989267349243164062e+00,-1.887356400489807129e+00
2.521498680114746094e+00,-2.919193029403686523e+00,-1.817952036857604980e+00
2.869942426681518555e+00,-2.851541519165039062e+00,-2.081533670425415039e+00
-3.072791337966918945e+00,-2.541489601135253906e+00,-1.843019843101501465e+00
2.650219440460205078e+00,-2.783035516738891602e+00,-1.833891034126281738e+00
-3.194244861602783203e+00,-2.364999532699584961e+00,-1.943411111831665039e+00
-3.342291831970214844e+00,-2.041808128356933594e+00,-1.963243842124938965e+00
-3.565428256988525391e+00,-1.631369113922119141e+00,-1.881716251373291016e+00
-3.792914867401123047e+00,-1.263561606407165527e+00,-1.885818123817443848e+00
3.515177488327026367e+00,-1.309794664382934570e+00,-1.814076304435729980e+00
-3.884758949279785156e+00,-8.832933902740478516e-01,-1.925188422203063965e+00
3.708163738250732422e+00,-8.335846662521362305e-01,-1.868417143821716309e+00
3.887940883636474609e+00,-7.746855616569519043e-01,-1.934690356254577637e+00
-3.930195093154907227e+00,-5.920491814613342285e-01,-1.863524317741394043e+00
3.752467632293701172e+00,-5.541678071022033691e-01,-1.861207008361816406e+00
-4.035475730895996094e+00,-1.403898000717163086e-01,-1.991378307342529297e+00
-4.022317886352539062e+00,2.376462221145629883e-01,-1.791610717773437500e+00
-3.813182830810546875e+00,6.918709874153137207e-01,-1.775278091430664062e+00
-3.853632450103759766e+00,9.600811600685119629e-01,-2.011365652084350586e+00
-3.814809799194335938e+00,8.797702789306640625e-01,-1.885689020156860352e+00
-3.786234617233276367e+00,1.199707984924316406e+00,-1.831298112869262695e+00
-3.663361310958862305e+00,1.622949123382568359e+00,-1.952215909957885742e+00
-3.522632598876953125e+00,1.992074966430664062e+00,-2.002420425415039062e+00
-3.472253561019897461e+00,1.998663067817687988e+00,-1.862812399864196777e+00
-3.402400493621826172e+00,2.143252611160278320e+00,-1.848706007003784180e+00
3.277373313903808594e+00,2.232358217239379883e+00,-1.953675627708435059e+00
2.726867198944091797e+00,2.785305738449096680e+00,-2.029218435287475586e+00
3.024892807006835938e+00,2.526000499725341797e+00,-1.957495689392089844e+00
-2.931022644042968750e+00,2.852800369262695312e+00,-1.924629211425781250e+00
-2.765486478805541992e+00,3.062652826309204102e+00,-1.966913938522338867e+00
2.619276046752929688e+00,2.944017887115478516e+00,-1.844806075096130371e+00
-2.551943540573120117e+00,3.228358030319213867e+00,-1.854777812957763672e+00
-2.243455410003662109e+00,3.312167644500732422e+00,-1.962493658065795898e+00
1.051695823669433594e+00,3.481285810470581055e+00,-1.903975367546081543e+00
2.238891601562500000e+00,3.233575344085693359e+00,-2.053317546844482422e+00
-1.864774107933044434e+00,3.623892307281494141e+00,-1.907361030578613281e+00
-1.656876802444458008e+00,3.665791034698486328e+00,-1.883598089218139648e+00
2.020837515592575073e-01,3.625192880630493164e+00,-1.889580726623535156e+00
1.478957056999206543e+00,3.765727996826171875e+00,-1.922910571098327637e+00
7.492323219776153564e-02,4.161174774169921875e+00,-1.818523645401000977e+00
3.797695040702819824e-01,4.161797523498535156e+00,-1.839008569717407227e+00
1.538434475660324097e-01,4.226029872894287109e+00,-1.966404557228088379e+00
2.922910153865814209e-01,-3.904242992401123047e+00,-1.411565303802490234e+00
3.738923668861389160e-01,-3.853627681732177734e+00,-1.577744245529174805e+00
9.975080490112304688e-01,-3.858180284500122070e+00,-1.562548518180847168e+00
-1.517504215240478516e+00,-3.516649007797241211e+00,-1.578197836875915527e+00
-1.319369673728942871e+00,-3.586158514022827148e+00,-1.535217523574829102e+00
-7.717773914337158203e-01,-3.771048545837402344e+00,-1.419840574264526367e+00
-6.581065058708190918e-01,-3.810155153274536133e+00,-1.421971678733825684e+00
4.215693473815917969e-01,-3.813445091247558594e+00,-1.619869709014892578e+00
8.662326335906982422e-01,-3.829592466354370117e+00,-1.502995610237121582e+00
1.268112063407897949e+00,-3.712679624557495117e+00,-1.550837516784667969e+00
-1.850199699401855469e+00,-3.333528518676757812e+00,-1.487306952476501465e+00
1.753006815910339355e+00,-3.421267509460449219e+00,-1.680338025093078613e+00
2.123062372207641602e+00,-3.470418214797973633e+00,-1.406064271926879883e+00
-2.526689052581787109e+00,-2.838476657867431641e+00,-1.673891067504882812e+00
-2.188627243041992188e+00,-3.071964740753173828e+00,-1.630525588989257812e+00
-2.934560060501098633e+00,-2.592725992202758789e+00,-1.579527854919433594e+00
-2.637516498565673828e+00,-2.711011886596679688e+00,-1.569075226783752441e+00
-3.246703386306762695e+00,-2.260025978088378906e+00,-1.651185870170593262e+00
-3.396846771240234375e+00,-1.879121065139770508e+00,-1.552763462066650391e+00
-3.553914546966552734e+00,-1.463771820068359375e+00,-1.512072801589965820e+00
3.386576414108276367e+00,-1.596033215522766113e+00,-1.523932456970214844e+00
-3.734987020492553711e+00,-1.231615662574768066e+00,-1.556274890899658203e+00
-3.876134634017944336e+00,-7.472088336944580078e-01,-1.523204922676086426e+00
-3.848453283309936523e+00,-9.549204707145690918e-01,-1.543225526809692383e+00
-3.984150171279907227e+00,-4.645969271659851074e-01,-1.470389127731323242e+00
3.734961271286010742e+00,-5.875213742256164551e-01,-1.506617307662963867e+00
-4.102443695068359375e+00,-6.504134833812713623e-02,-1.723090648651123047e+00
3.722941875457763672e+00,-1.775503605604171753e-01,-1.693537950515747070e+00
-4.015575408935546875e+00,2.408613711595535278e-01,-1.515646696090698242e+00
3.749758720397949219e+00,5.248351097106933594e-01,-1.493086338043212891e+00
-3.794755697250366211e+00,8.092164993286132812e-01,-1.568217754364013672e+00
3.678969144821166992e+00,9.901673793792724609e-01,-1.532786130905151367e+00
-3.876160383224487305e+00,1.301893115043640137e+00,-1.592889666557312012e+00
-3.824148178100585938e+00,1.225810170173645020e+00,-1.690806984901428223e+00
3.681280374526977539e+00,1.088788390159606934e+00,-1.564894199371337891e+00
-3.737929582595825195e+00,1.605847716331481934e+00,-1.592985630035400391e+00
-3.606393814086914062e+00,1.780064821243286133e+00,-1.586205959320068359e+00
-3.422336339950561523e+00,2.019125223159790039e+00,-1.551880836486816406e+00
3.282011032104492188e+00,2.065114974975585938e+00,-1.659587383270263672e+00
-3.367624521255493164e+00,2.111408948898315430e+00,-1.714048862457275391e+00
3.109561920166015625e+00,2.412406921386718750e+00,-1.587866783142089844e+00
3.291503906250000000e+00,2.128292798995971680e+00,-1.706008911132812500e+00
-2.976761817932128906e+00,2.727497339248657227e+00,-1.459178447723388672e+00
2.939469099044799805e+00,2.635000705718994141e+00,-1.669180035591125488e+00
-2.977847337722778320e+00,2.804456472396850586e+00,-1.691458344459533691e+00
-2.627402067184448242e+00,3.037757396697998047e+00,-1.427843213081359863e+00
2.565878152847290039e+00,3.055745363235473633e+00,-1.416892051696777344e+00
-2.534633874893188477e+00,3.242619276046752930e+00,-1.587870001792907715e+00
-2.249212265014648438e+00,3.373153209686279297e+00,-1.537546873092651367e+00
2.390821218490600586e+00,3.211266756057739258e+00,-1.434018850326538086e+00
-1.926454305648803711e+00,3.608517408370971680e+00,-1.580399513244628906e+00
-1.605307817459106445e+00,3.750498533248901367e+00,-1.614609122276306152e+00
2.515485584735870361e-01,3.641485929489135742e+00,-1.737816929817199707e+00
9.275721311569213867e-01,3.556391239166259766e+00,-1.671588063240051270e+00
-1.449381470680236816e+00,3.852922677993774414e+00,-1.492853999137878418e+00
-7.943437248468399048e-02,4.024566650390625000e+00,-1.717422246932983398e+00
7.044657319784164429e-02,4.182186603546142578e+00,-1.472744584083557129e+00
1.342321991920471191e+00,3.929354190826416016e+00,-1.652305960655212402e+00
2.729598283767700195e-01,4.200410842895507812e+00,-1.539598703384399414e+00
2.987082004547119141e-01,-3.900808572769165039e+00,-1.244719743728637695e+00
-1.234726190567016602e+00,-3.584581851959228516e+00,-1.223529100418090820e+00
-8.784919381141662598e-01,-3.714386224746704102e+00,-1.155505895614624023e+00
-5.339839458465576172e-01,-3.790476322174072266e+00,-1.223358631134033203e+00
-1.247423887252807617e-01,-3.819418668746948242e+00,-1.189926624298095703e+00
6.757474690675735474e-02,-3.813993930816650391e+00,-1.095166087150573730e+00
5.972529649734497070e-01,-3.787063598632812500e+00,-1.377964019775390625e+00
8.967342972755432129e-01,-3.740777730941772461e+00,-1.213872671127319336e+00
1.130319118499755859e+00,-3.722903728485107422e+00,-1.322201132774353027e+00
1.478888988494873047e+00,-3.593531847000122070e+00,-1.306065440177917480e+00
-1.920407891273498535e+00,-3.265900373458862305e+00,-1.260013580322265625e+00
-1.522371053695678711e+00,-3.472875118255615234e+00,-1.233088731765747070e+00
1.727537274360656738e+00,-3.448910951614379883e+00,-1.252899408340454102e+00
1.921522617340087891e+00,-3.364592075347900391e+00,-1.170346021652221680e+00
-2.488712072372436523e+00,-2.943178653717041016e+00,-1.186030983924865723e+00
2.566936254501342773e+00,-2.942915678024291992e+00,-1.077938199043273926e+00
-2.870336055755615234e+00,-2.527558803558349609e+00,-1.268038749694824219e+00
-2.515612602233886719e+00,-2.765322923660278320e+00,-1.057231783866882324e+00
-3.041022062301635742e+00,-2.365193605422973633e+00,-1.138034343719482422e+00
-3.299265146255493164e+00,-2.039123535156250000e+00,-1.248170256614685059e+00
-3.554746627807617188e+00,-1.454320073127746582e+00,-1.337029337882995605e+00
-3.381046772003173828e+00,-1.683368921279907227e+00,-1.292497873306274414e+00
-3.592539072036743164e+00,-1.388790726661682129e+00,-1.256233453750610352e+00
3.699536561965942383e+00,-1.327958941459655762e+00,-1.126230835914611816e+00
-3.693788290023803711e+00,-1.004039049148559570e+00,-1.246169090270996094e+00
3.709725141525268555e+00,-8.849014639854431152e-01,-1.237934231758117676e+00
-4.048214912414550781e+00,-1.993471682071685791e-01,-1.368053674697875977e+00
3.741850614547729492e+00,-1.122169643640518188e-01,-1.214489102363586426e+00
-3.984580993652343750e+00,1.398673355579376221e-01,-1.347803711891174316e+00
-3.798272132873535156e+00,5.821433067321777344e-01,-1.054275035858154297e+00
3.729767799377441406e+00,4.984427392482757568e-01,-1.274227738380432129e+00
-3.879850149154663086e+00,1.045812606811523438e+00,-1.147572278976440430e+00
-3.806411743164062500e+00,7.567930221557617188e-01,-1.230621099472045898e+00
3.688635110855102539e+00,7.484489679336547852e-01,-1.391549229621887207e+00
-3.848936557769775391e+00,1.237126708030700684e+00,-1.187106609344482422e+00
3.539285659790039062e+00,1.145088672637939453e+00,-1.206850409507751465e+00
-3.662163972854614258e+00,1.561318755149841309e+00,-1.179967045783996582e+00
-3.595242023468017578e+00,1.886079549789428711e+00,-1.322254419326782227e+00
3.016094684600830078e+00,1.969796419143676758e+00,-1.073677897453308105e+00
-3.318941593170166016e+00,2.187246084213256836e+00,-1.226317167282104492e+00
3.077140092849731445e+00,2.331305742263793945e+00,-1.298230171203613281e+00
3.156371831893920898e+00,2.200251817703247070e+00,-1.394714355468750000e+00
-2.999628543853759766e+00,2.723542690277099609e+00,-1.217168807983398438e+00
2.286317348480224609e+00,2.728609323501586914e+00,-1.223224282264709473e+00
2.875779390335083008e+00,2.506176233291625977e+00,-1.316289901733398438e+00
-2.639945983886718750e+00,3.024977207183837891e+00,-1.093909263610839844e+00
2.618708133697509766e+00,2.927203893661499023e+00,-1.391580343246459961e+00
-2.223855257034301758e+00,3.404275178909301758e+00,-1.201340198516845703e+00
2.043606996536254883e+00,3.465730905532836914e+00,-1.278342247009277344e+00
-1.971590280532836914e+00,3.609783411026000977e+00,-1.165308833122253418e+00
-1.516042232513427734e+00,3.748030185699462891e+00,-1.130052089691162109e+00
8.255797624588012695e-01,3.603619575500488281e+00,-1.247782468795776367e+00
1.209572076797485352e+00,3.810434341430664062e+00,-1.188023447990417480e+00
1.516734600067138672e+00,3.555866718292236328e+00,-1.093510150909423828e+00
1.874432921409606934e+00,3.539806365966796875e+00,-1.271383643150329590e+00
-1.459416508674621582e+00,3.868610620498657227e+00,-1.350591778755187988e+00
-1.317237377166748047e+00,3.920645713806152344e+00,-1.250500082969665527e+00
-2.377673983573913574e-01,3.985134124755859375e+00,-1.352847695350646973e+00
2.267099916934967041e-01,4.120090484619140625e+00,-1.051236867904663086e+00
5.214743614196777344e-01,4.084592819213867188e+00,-1.219539403915405273e+00
-1.243664860725402832e+00,-3.510844230651855469e+00,-7.983122467994689941e-01
-8.596118688583374023e-01,-3.611427068710327148e+00,-8.447256088256835938e-01
-6.271526813507080078e-01,-3.665243148803710938e+00,-8.777110576629638672e-01
-2.426539063453674316e-01,-3.740127086639404297e+00,-9.756596088409423828e-01
1.685912311077117920e-01,-3.815712451934814453e+00,-9.429726600646972656e-01
4.980615675449371338e-01,-3.778084278106689453e+00,-8.592553138732910156e-01
7.970792055130004883e-01,-3.721623182296752930e+00,-8.603032827377319336e-01
1.190619826316833496e+00,-3.631188392639160156e+00,-9.838951230049133301e-01
1.480055332183837891e+00,-3.608247280120849609e+00,-9.745413064956665039e-01
-1.826091647148132324e+00,-3.169888496398925781e+00,-8.791818618774414062e-01
-1.513378143310546875e+00,-3.355004072189331055e+00,-7.622406482696533203e-01
-1.344256877899169922e+00,-3.461397409439086914e+00,-7.168202400207519531e-01
1.716113924980163574e+00,-3.440314769744873047e+00,-7.058258652687072754e-01
1.894430518150329590e+00,-3.353073358535766602e+00,-9.151237607002258301e-01
-2.224007844924926758e+00,-2.999155282974243164e+00,-8.514058589935302734e-01
2.433426856994628906e+00,-2.935203313827514648e+00,-9.011781215667724609e-01
2.708662986755371094e+00,-2.857477903366088867e+00,-8.878942728042602539e-01
-3.071869850158691406e+00,-2.463582992553710938e+00,-8.908402323722839355e-01
2.698734045028686523e+00,-2.735121965408325195e+00,-7.713189721107482910e-01
-2.934813499450683594e+00,-2.301582574844360352e+00,-7.256949543952941895e-01
-3.301877975463867188e+00,-1.860174179077148438e+00,-9.602450728416442871e-01
-3.059995412826538086e+00,-2.088898420333862305e+00,-7.394641041755676270e-01
-3.575127363204956055e+00,-1.420416831970214844e+00,-9.903381466865539551e-01
-3.425106048583984375e+00,-1.555605053901672363e+00,-8.879201412200927734e-01
-3.565097332000732422e+00,-1.070282220840454102e+00,-7.975844144821166992e-01
3.358434438705444336e+00,-1.339377880096435547e+00,-7.643737196922302246e-01
-3.874591112136840820e+00,-7.571153044700622559e-01,-9.118384122848510742e-01
-3.688188076019287109e+00,-8.968061804771423340e-01,-9.761210680007934570e-01
-3.911285161972045898e+00,-4.878190457820892334e-01,-7.637333273887634277e-01
3.661937952041625977e+00,-6.518041491508483887e-01,-9.771999120712280273e-01
-3.872804641723632812e+00,-3.130257725715637207e-01,-8.295571208000183105e-01
3.646492719650268555e+00,-2.010940313339233398e-01,-9.599263668060302734e-01
3.657112121582031250e+00,8.119524270296096802e-02,-7.603873610496520996e-01
-3.826894760131835938e+00,5.991011261940002441e-01,-9.341772198677062988e-01
3.638895750045776367e+00,6.592054367065429688e-01,-7.746326327323913574e-01
-3.862906694412231445e+00,9.480823874473571777e-01,-9.786723256111145020e-01
-3.805811643600463867e+00,8.344952464103698730e-01,-8.383173942565917969e-01
-3.730946063995361328e+00,1.240924596786499023e+00,-9.330421686172485352e-01
3.426176786422729492e+00,1.239826440811157227e+00,-8.702910542488098145e-01
3.001313924789428711e+00,2.424839973449707031e+00,-1.024327754974365234e+00
2.794202327728271484e+00,2.554482936859130859e+00,-1.041859865188598633e+00
2.907173156738281250e+00,2.674965381622314453e+00,-8.554620146751403809e-01
-2.903526782989501953e+00,2.870355367660522461e+00,-9.523044824600219727e-01
2.807265281677246094e+00,2.806054353713989258e+00,-9.001356363296508789e-01
-2.092841625213623047e+00,3.473111391067504883e+00,-7.072458267211914062e-01
1.278127670288085938e+00,3.387897491455078125e+00,-1.017111182212829590e+00
1.945417881011962891e+00,3.330420017242431641e+00,-8.833492398262023926e-01
2.135382413864135742e+00,3.479905366897583008e+00,-9.753282666206359863e-01
-1.904737472534179688e+00,3.618928194046020508e+00,-9.450169801712036133e-01
-1.338974356651306152e+00,3.752020120620727539e+00,-7.952423095703125000e-01
1.467215776443481445e+00,3.696812868118286133e+00,-7.292665839195251465e-01
2.962587177753448486e-01,4.083048820495605469e+00,-9.108259677886962891e-01
6.129888296127319336e-01,4.032056808471679688e+00,-9.243304133415222168e-01
9.104903936386108398e-01,3.945148468017578125e+00,-9.889937639236450195e-01
-1.211687564849853516e+00,-3.526710748672485352e+00,-5.903322696685791016e-01
-4.178640842437744141e-01,-3.613517522811889648e+00,-5.607324242591857910e-01
-1.539550721645355225e-01,-3.677551746368408203e+00,-4.260868430137634277e-01
1.884844005107879639e-01,-3.758353471755981445e+00,-5.300075411796569824e-01
4.504550397396087646e-01,-3.654709577560424805e+00,-5.144338607788085938e-01
9.076699614524841309e-01,-3.574715852737426758e+00,-5.316244959831237793e-01
1.154694318771362305e+00,-3.558499574661254883e+00,-5.883744955062866211e-01
-1.797894120216369629e+00,-3.206735372543334961e+00,-6.855738162994384766e-01
-1.503873825073242188e+00,-3.299306869506835938e+00,-4.705463349819183350e-01
-1.223763108253479004e+00,-3.493543386459350586e+00,-4.380838572978973389e-01
1.697872281074523926e+00,-3.346382617950439453e+00,-4.773016870021820068e-01
-2.189458608627319336e+00,-3.000010728836059570e+00,-5.723649859428405762e-01
-1.813416719436645508e+00,-3.091480731964111328e+00,-3.588594496250152588e-01
2.349714279174804688e+00,-2.945150136947631836e+00,-4.161096513271331787e-01
-2.459778070449829102e+00,-2.659162759780883789e+00,-6.121113896369934082e-01
-2.296612262725830078e+00,-2.758553028106689453e+00,-5.149941444396972656e-01
2.571036577224731445e+00,-2.767442464828491211e+00,-6.340065002441406250e-01
2.919216156005859375e+00,-2.513951539993286133e+00,-4.885021448135375977e-01
-2.846464157104492188e+00,-2.342735290527343750e+00,-5.927215814590454102e-01
-2.710026264190673828e+00,-2.401592016220092773e+00,-4.392066001892089844e-01
-3.181340456008911133e+00,-1.750006079673767090e+00,-4.457717239856719971e-01
-3.055013656616210938e+00,-1.903468847274780273e+00,-4.110282063484191895e-01
3.237370491027832031e+00,-1.928166151046752930e+00,-6.024535894393920898e-01
-3.235229015350341797e+00,-1.626515865325927734e+00,-4.145546555519104004e-01
3.281911611557006836e+00,-1.502103567123413086e+00,-4.343057572841644287e-01
-3.462738275527954102e+00,-1.173936486244201660e+00,-3.564712703227996826e-01
3.320904731750488281e+00,-1.185083031654357910e+00,-4.012847840785980225e-01
-3.593178033828735352e+00,-1.000230669975280762e+00,-6.180781722068786621e-01
3.481341838836669922e+00,-9.338624477386474609e-01,-5.152981877326965332e-01
3.606639862060546875e+00,-6.259878873825073242e-01,-6.804790496826171875e-01
-3.787613391876220703e+00,-1.117567345499992371e-01,-4.214638173580169678e-01
3.635117769241333008e+00,-1.565363854169845581e-01,-6.209841370582580566e-01
3.654603958129882812e+00,1.226592361927032471e-01,-4.603092372417449951e-01
-3.905642271041870117e+00,4.959255456924438477e-01,-5.969763398170471191e-01
3.574310064315795898e+00,6.652656197547912598e-01,-6.102110743522644043e-01
-3.820549964904785156e+00,7.790286540985107422e-01,-5.062695145606994629e-01
3.497385978698730469e+00,8.430507779121398926e-01,-5.715414881706237793e-01
-3.635681152343750000e+00,1.192050337791442871e+00,-5.371531248092651367e-01
3.391081571578979492e+00,1.173314094543457031e+00,-6.106297969818115234e-01
-3.274090528488159180e+00,2.205585718154907227e+00,-6.121020913124084473e-01
2.892981529235839844e+00,2.434509992599487305e+00,-5.606271028518676758e-01
-2.948623180389404297e+00,2.555205821990966797e+00,-5.379638075828552246e-01
-2.620172977447509766e+00,2.986120700836181641e+00,-5.707861185073852539e-01
-2.423871994018554688e+00,3.046319961547851562e+00,-3.625275790691375732e-01
2.551730155944824219e+00,3.031014919281005859e+00,-6.823847293853759766e-01
-2.269860267639160156e+00,3.401057958602905273e+00,-5.697579383850097656e-01
-1.878068327903747559e+00,3.470554113388061523e+00,-3.868783712387084961e-01
9.637951850891113281e-01,3.355764865875244141e+00,-4.407424330711364746e-01
-1.786245226860046387e+00,3.693402051925659180e+00,-4.930777549743652344e-01
-1.627216100692749023e+00,3.653028011322021484e+00,-4.127335548400878906e-01
-1.364835262298583984e+00,3.778180122375488281e+00,-4.443278312683105469e-01
1.291988968849182129e+00,3.727894306182861328e+00,-5.085977315902709961e-01
1.417936682701110840e+00,3.800602197647094727e+00,-6.903721094131469727e-01
2.246947526931762695e+00,3.558254241943359375e+00,-3.641452789306640625e-01
-1.685528874397277832e+00,3.998013973236083984e+00,-6.083459854125976562e-01
-9.920417070388793945e-01,3.867866039276123047e+00,-6.927751898765563965e-01
-5.973054170608520508e-01,4.004068374633789062e+00,-6.241176724433898926e-01
4.357546567916870117e-02,4.042222499847412109e+00,-3.501620292663574219e-01
-1.087424397468566895e+00,-3.519603252410888672e+00,-3.122839927673339844e-01
2.075380980968475342e-01,-3.604027271270751953e+00,-6.987084448337554932e-02
1.054237723350524902e+00,-3.527424812316894531e+00,-5.978983268141746521e-02
1.763766527175903320e+00,-3.588830232620239258e+00,-2.679804265499114990e-01
-1.448177695274353027e+00,-3.176410913467407227e+00,-1.816223412752151489e-01
-1.239580631256103516e+00,-3.297490119934082031e+00,-1.575906276702880859e-01
-9.375283122062683105e-01,-3.463166952133178711e+00,-2.098266333341598511e-01
-5.630482435226440430e-01,-3.431730747222900391e+00,-2.352973259985446930e-02
1.191551566123962402e+00,-3.496816873550415039e+00,-1.368475407361984253e-01
1.572014808654785156e+00,-3.341181516647338867e+00,-1.627513766288757324e-01
-2.102516889572143555e+00,-2.865763187408447266e+00,-8.343750238418579102e-02
-1.948667168617248535e+00,-2.978793621063232422e+00,-1.749894171953201294e-01
-1.704210042953491211e+00,-3.078428745269775391e+00,-9.171651303768157959e-02
2.415954589843750000e+00,-2.716327190399169922e+00,-8.426102250814437866e-02
2.540751218795776367e+00,-2.659700393676757812e+00,-2.892504036426544189e-01
-2.821979045867919922e+00,-2.246136188507080078e+00,-1.100723668932914734e-01
2.917401552200317383e+00,-2.226019620895385742e+00,-9.579199552536010742e-02
-2.943110704421997070e+00,-1.936441898345947266e+00,-1.540334820747375488e-01
2.908755779266357422e+00,-1.935060858726501465e+00,-1.242570579051971436e-02
-3.256665706634521484e+00,-1.567622184753417969e+00,-2.435637414455413818e-01
-3.086867570877075195e+00,-1.723819613456726074e+00,-1.571410447359085083e-01
3.238062620162963867e+00,-1.718973040580749512e+00,-1.269409358501434326e-01
-3.528490781784057617e+00,-1.090548276901245117e+00,-2.407075613737106323e-01
3.289755821228027344e+00,-1.359906673431396484e+00,-8.588675409555435181e-02
-3.581058979034423828e+00,-1.028990268707275391e+00,-2.265029400587081909e-01
3.474296331405639648e+00,-7.898601293563842773e-01,-2.799992263317108154e-01
-3.527902126312255859e+00,-1.696098595857620239e-01,-1.797489821910858154e-02
-3.806708097457885742e+00,1.060196757316589355e-01,-2.990101575851440430e-01
3.550410270690917969e+00,1.017243787646293640e-02,-1.331739686429500580e-02
3.497931241989135742e+00,5.210508704185485840e-01,-1.616495102643966675e-01
3.500491142272949219e+00,5.222778320312500000e-01,-1.686655879020690918e-01
-3.713673830032348633e+00,8.203206658363342285e-01,-2.202096134424209595e-01
3.402044057846069336e+00,9.393674135208129883e-01,-2.352282255887985229e-01
-3.689250946044921875e+00,1.088909983634948730e+00,-6.270296126604080200e-02
3.235297679901123047e+00,1.258418798446655273e+00,-9.996822476387023926e-02
-3.607627391815185547e+00,1.413481116294860840e+00,-8.550699055194854736e-02
3.033735752105712891e+00,1.700137138366699219e+00,-3.605865314602851868e-02
3.215806245803833008e+00,1.619119286537170410e+00,-3.201614320278167725e-01
-3.485639333724975586e+00,1.802424550056457520e+00,-1.804631203413009644e-01
2.961631774902343750e+00,1.962504386901855469e+00,-2.656628787517547607e-01
-3.101208209991455078e+00,2.290510892868041992e+00,-9.353329986333847046e-02
-2.786464929580688477e+00,2.464998960494995117e+00,-1.325830817222595215e-03
2.427272558212280273e+00,2.736528635025024414e+00,-2.771923542022705078e-01
-2.183814287185668945e+00,3.355946779251098633e+00,-2.484814226627349854e-01
-1.769489288330078125e+00,3.465117454528808594e+00,-2.490386962890625000e-01
-1.725748181343078613e-01,3.463800907135009766e+00,-1.503121107816696167e-01
1.813177108764648438e+00,3.443445682525634766e+00,-2.055346667766571045e-01
-1.543691515922546387e+00,3.597656250000000000e+00,-1.413411796092987061e-01
-2.178502678871154785e-01,3.740718126296997070e+00,-1.970994472503662109e-01
1.472640275955200195e+00,3.651360988616943359e+00,-2.194150388240814209e-01
-1.336844086647033691e+00,3.870121240615844727e+00,-1.405849009752273560e-01
-6.515347957611083984e-01,3.965652465820312500e+00,-2.651210129261016846e-01
4.808835089206695557e-01,3.935455799102783203e+00,-1.930618882179260254e-01
1.410748124122619629e+00,3.887403726577758789e+00,-9.823702275753021240e-02
-1.818142831325531006e-01,-3.514386653900146484e+00,1.268934756517410278e-01
4.825257956981658936e-01,-3.559701919555664062e+00,2.043170779943466187e-01
-1.019346952438354492e+00,-3.298012733459472656e+00,2.568144500255584717e-01
-5.121565461158752441e-01,-3.385890007019042969e+00,1.942687481641769409e-01
-3.181128799915313721e-01,-3.480814218521118164e+00,1.632681190967559814e-01
8.078616857528686523e-01,-3.378958702087402344e+00,2.092518806457519531e-01
1.114219546318054199e+00,-3.347673416137695312e+00,2.819970250129699707e-01
-1.943773269653320312e+00,-2.830793619155883789e+00,1.384027749300003052e-01
-1.516639828681945801e+00,-3.080578565597534180e+00,1.810075044631958008e-01
1.366204023361206055e+00,-3.097838640213012695e+00,3.035215139389038086e-01
1.501907110214233398e+00,-3.136222839355468750e+00,1.769329011440277100e-01
1.869674324989318848e+00,-3.000215291976928711e+00,2.016461938619613647e-01
2.149025440216064453e+00,-2.841527462005615234e+00,9.141427278518676758e-02
-2.054331064224243164e+00,-2.663467645645141602e+00,3.338482975959777832e-01
2.313169240951538086e+00,-2.702613115310668945e+00,1.910564750432968140e-01
-2.812281370162963867e+00,-2.135422468185424805e+00,3.855370730161666870e-02
-2.628578424453735352e+00,-2.250305652618408203e+00,1.284921318292617798e-01
-2.428186893463134766e+00,-2.411419868469238281e+00,9.460474550724029541e-02
2.619380712509155273e+00,-2.393791198730468750e+00,2.038503587245941162e-01
-2.889457702636718750e+00,-1.840638995170593262e+00,2.541478276252746582e-01
2.943829774856567383e+00,-2.050812005996704102e+00,1.882054060697555542e-01
-3.179056167602539062e+00,-1.491880416870117188e+00,1.966717839241027832e-01
-3.073565244674682617e+00,-1.664243817329406738e+00,1.773251295089721680e-01
2.946969270706176758e+00,-1.652712225914001465e+00,1.469706892967224121e-01
3.171982049942016602e+00,-1.481290578842163086e+00,2.903826348483562469e-02
-3.304025173187255859e+00,-1.274255990982055664e+00,1.668574661016464233e-01
3.258528947830200195e+00,-1.267033934593200684e+00,5.092317238450050354e-02
3.192120552062988281e+00,-8.997526168823242188e-01,2.489334642887115479e-01
-3.682185649871826172e+00,-4.559239447116851807e-01,1.995085179805755615e-01
-3.496123790740966797e+00,-6.535779833793640137e-01,3.108254075050354004e-01
3.377486705780029297e+00,-1.527925878763198853e-01,2.605576217174530029e-01
-3.667870998382568359e+00,9.404544532299041748e-02,1.502300985157489777e-02
3.382528305053710938e+00,4.854709506034851074e-01,1.604156643152236938e-01
-3.545533180236816406e+00,7.986174821853637695e-01,3.307450711727142334e-01
-3.499180078506469727e+00,8.857276439666748047e-01,2.917107343673706055e-01
3.337919712066650391e+00,1.006349682807922363e+00,3.237212300300598145e-01
3.109322309494018555e+00,1.248443126678466797e+00,1.608077436685562134e-01
3.381332635879516602e+00,1.085194468498229980e+00,7.248174399137496948e-02
3.064654350280761719e+00,1.671236276626586914e+00,8.780100196599960327e-02
-3.162859439849853516e+00,1.814169406890869141e+00,9.302049875259399414e-04
3.105723619461059570e+00,1.750311851501464844e+00,3.150641322135925293e-01
-2.650166988372802734e+00,2.470866441726684570e+00,1.662247031927108765e-01
2.298215627670288086e+00,2.731233119964599609e+00,6.252648681402206421e-02
-2.247008800506591797e+00,3.130107164382934570e+00,6.443279236555099487e-02
2.265720129013061523e+00,2.809043407440185547e+00,4.059858620166778564e-02
-2.077251672744750977e+00,3.235482931137084961e+00,1.069204807281494141e-01
8.162204176187515259e-02,3.481628656387329102e+00,2.515096068382263184e-01
-1.573664546012878418e+00,3.681312084197998047e+00,2.684446573257446289e-01
-1.161934018135070801e+00,3.745712995529174805e+00,1.362010538578033447e-01
2.483978271484375000e-01,3.822050333023071289e+00,1.787329167127609253e-01
3.871858119964599609e-01,3.830167293548583984e+00,2.506546080112457275e-01
1.200413703918457031e+00,3.675054550170898438e+00,1.242957413196563721e-01
-8.491672873497009277e-01,3.888945579528808594e+00,3.194189667701721191e-01
-5.042778849601745605e-01,3.899195671081542969e+00,4.460577294230461121e-02
-2.264525890350341797e-01,4.061876296997070312e+00,6.030101329088211060e-02
5.100018382072448730e-01,3.926148891448974609e+00,5.993603914976119995e-02
-1.967033892869949341e-01,-3.646648883819580078e+00,5.017209053039550781e-01
-1.151762008666992188e+00,-3.163570642471313477e+00,4.534273743629455566e-01
-8.541988134384155273e-01,-3.208779811859130859e+00,4.773495495319366455e-01
-5.013431906700134277e-01,-3.293387889862060547e+00,4.632751345634460449e-01
-2.452584207057952881e-01,-3.297163009643554688e+00,5.848916172981262207e-01
2.092007249593734741e-01,-3.346894264221191406e+00,5.641544461250305176e-01
4.170187413692474365e-01,-3.424161672592163086e+00,5.481079220771789551e-01
8.045222759246826172e-01,-3.310004234313964844e+00,5.608705878257751465e-01
1.103093385696411133e+00,-3.364043474197387695e+00,3.634802103042602539e-01
-1.659679889678955078e+00,-2.898722410202026367e+00,4.268007576465606689e-01
-1.332029819488525391e+00,-3.094257354736328125e+00,5.261271595954895020e-01
-8.645963072776794434e-01,-3.133510589599609375e+00,6.230293512344360352e-01
1.570312976837158203e+00,-3.000961303710937500e+00,5.490090250968933105e-01
2.040620565414428711e+00,-2.803636312484741211e+00,6.097055077552795410e-01
2.179539918899536133e+00,-2.907615423202514648e+00,6.234337091445922852e-01
-2.159831762313842773e+00,-2.524506807327270508e+00,4.260674715042114258e-01
-1.934719443321228027e+00,-2.666977405548095703e+00,5.477528572082519531e-01
2.227492332458496094e+00,-2.637804746627807617e+00,6.048609018325805664e-01
-2.292981147766113281e+00,-2.347709417343139648e+00,5.156146287918090820e-01
2.662249565124511719e+00,-2.222564935684204102e+00,4.419412314891815186e-01
-2.605756282806396484e+00,-1.978098392486572266e+00,6.467431783676147461e-01
2.679903745651245117e+00,-2.096073150634765625e+00,5.316195487976074219e-01
3.016175270080566406e+00,-1.953820109367370605e+00,5.877990126609802246e-01
-3.048369407653808594e+00,-1.482677936553955078e+00,5.005952119827270508e-01
3.010308504104614258e+00,-1.583459854125976562e+00,6.783185601234436035e-01
-3.234248638153076172e+00,-1.269322156906127930e+00,5.390444397926330566e-01
3.172183990478515625e+00,-1.370974540710449219e+00,3.935534358024597168e-01
-3.369446277618408203e+00,-9.178175330162048340e-01,3.874272704124450684e-01
3.183980464935302734e+00,-8.451994657516479492e-01,4.903671741485595703e-01
-3.585395812988281250e+00,-4.509429633617401123e-01,5.236415863037109375e-01
-3.486690759658813477e+00,-4.355223774909973145e-01,6.934362053871154785e-01
3.143043994903564453e+00,-4.950964152812957764e-01,6.446408033370971680e-01
-3.650713443756103516e+00,-1.495721340179443359e-01,5.566862225532531738e-01
3.285977125167846680e+00,-1.749327629804611206e-01,6.361019611358642578e-01
-3.624621391296386719e+00,1.886835694313049316e-01,4.031597673892974854e-01
3.312120199203491211e+00,3.435328602790832520e-01,4.780621230602264404e-01
3.279606819152832031e+00,5.398951768875122070e-01,4.016066193580627441e-01
3.175936698913574219e+00,8.196086883544921875e-01,6.063390374183654785e-01
-3.298172950744628906e+00,1.173884630203247070e+00,5.206850171089172363e-01
2.894830942153930664e+00,1.521132707595825195e+00,6.584710478782653809e-01
-2.872591495513916016e+00,1.889512777328491211e+00,6.936350464820861816e-01
2.699558496475219727e+00,1.970058560371398926e+00,5.239683985710144043e-01
-2.726273775100708008e+00,2.277891635894775391e+00,5.949535965919494629e-01
-2.487177610397338867e+00,2.694025993347167969e+00,4.960961043834686279e-01
-2.208390951156616211e+00,2.676353693008422852e+00,6.326910257339477539e-01
2.345793724060058594e+00,2.685473203659057617e+00,4.763883650302886963e-01
2.493689298629760742e+00,2.589744567871093750e+00,4.217734634876251221e-01
-1.909588217735290527e+00,3.105322599411010742e+00,5.387309789657592773e-01
2.000903844833374023e+00,2.805100679397583008e+00,4.854920208454132080e-01
-1.907934188842773438e+00,3.375232696533203125e+00,4.920391440391540527e-01
-1.451653361320495605e+00,3.564042329788208008e+00,4.697958528995513916e-01
-1.378865957260131836e+00,3.656864166259765625e+00,3.991747498512268066e-01
-8.727154731750488281e-01,3.590748310089111328e+00,6.476140618324279785e-01
-5.897046327590942383e-01,3.844884157180786133e+00,5.780602693557739258e-01
2.101779580116271973e-01,3.759473562240600586e+00,5.953717231750488281e-01
4.872231185436248779e-01,3.692138433456420898e+00,5.387068390846252441e-01
8.830407857894897461e-01,3.653347492218017578e+00,5.704392194747924805e-01
1.103049039840698242e+00,3.573695898056030273e+00,5.640639662742614746e-01
-5.209282040596008301e-01,3.852838993072509766e+00,3.934044539928436279e-01
-5.777593851089477539e-01,-3.179005861282348633e+00,7.226099371910095215e-01
-2.351689785718917847e-01,-3.167839765548706055e+00,8.530433773994445801e-01
2.228707522153854370e-01,-3.277878284454345703e+00,8.677936792373657227e-01
4.680552482604980469e-01,-3.306925535202026367e+00,8.588094711303710938e-01
7.986883521080017090e-01,-3.173264741897583008e+00,8.283170461654663086e-01
1.095729112625122070e+00,-3.196830987930297852e+00,9.782869815826416016e-01
-1.445659875869750977e+00,-2.846991539001464844e+00,7.712969779968261719e-01
-1.273818731307983398e+00,-3.054183959960937500e+00,7.398994565010070801e-01
-1.235798969864845276e-01,-3.104221343994140625e+00,1.001145482063293457e+00
6.813370585441589355e-01,-3.064084768295288086e+00,1.045835614204406738e+00
1.272070884704589844e+00,-2.927145957946777344e+00,1.033134698867797852e+00
1.566915631294250488e+00,-2.884912490844726562e+00,9.725539684295654297e-01
-1.877826690673828125e+00,-2.584171533584594727e+00,8.176159262657165527e-01
-1.579206585884094238e+00,-2.726734638214111328e+00,8.918598294258117676e-01
1.656154036521911621e+00,-2.730349779129028320e+00,1.049304842948913574e+00
1.931424856185913086e+00,-2.610514163970947266e+00,9.496568441390991211e-01
2.183352947235107422e+00,-2.566723346710205078e+00,7.386439442634582520e-01
-2.347847700119018555e+00,-2.183697938919067383e+00,8.832435607910156250e-01
2.310788154602050781e+00,-2.315080404281616211e+00,8.150798678398132324e-01
-2.636543512344360352e+00,-1.897150158882141113e+00,7.606355547904968262e-01
2.427712202072143555e+00,-2.070010662078857422e+00,1.044407606124877930e+00
-2.837628126144409180e+00,-1.574791908264160156e+00,8.299614787101745605e-01
2.654333353042602539e+00,-1.745223999023437500e+00,8.886825442314147949e-01
2.826382160186767578e+00,-1.749664425849914551e+00,7.419790029525756836e-01
-3.041109323501586914e+00,-1.168668866157531738e+00,9.998118877410888672e-01
2.908562183380126953e+00,-1.262284755706787109e+00,9.367089271545410156e-01
-3.254220008850097656e+00,-8.454589247703552246e-01,8.071069717407226562e-01
-3.088602304458618164e+00,-8.256129026412963867e-01,1.033863186836242676e+00
2.998384714126586914e+00,-8.672416806221008301e-01,8.278558254241943359e-01
-3.305285930633544922e+00,-5.539952516555786133e-01,8.574956655502319336e-01
3.073904037475585938e+00,-5.378085970878601074e-01,9.266092181205749512e-01
3.047403335571289062e+00,-4.805438220500946045e-02,8.430993556976318359e-01
3.166691780090332031e+00,-3.433490395545959473e-01,9.736151695251464844e-01
3.050203561782836914e+00,6.480542570352554321e-02,8.314245939254760742e-01
-3.587488889694213867e+00,5.498819351196289062e-01,7.121953964233398438e-01
3.127729415893554688e+00,3.559202253818511963e-01,8.853192925453186035e-01
-3.185372829437255859e+00,8.658258318901062012e-01,9.524347186088562012e-01
-3.277027606964111328e+00,1.306504368782043457e+00,8.550680875778198242e-01
-3.128850698471069336e+00,1.204568862915039062e+00,8.406876325607299805e-01
3.018977403640747070e+00,1.260247230529785156e+00,8.378217816352844238e-01
-2.951692104339599609e+00,1.720591425895690918e+00,8.904043436050415039e-01
2.760992050170898438e+00,1.593759536743164062e+00,1.000766992568969727e+00
-2.859218120574951172e+00,1.812165617942810059e+00,9.015277624130249023e-01
2.679964065551757812e+00,1.806748747825622559e+00,8.855435252189636230e-01
-2.510479450225830078e+00,2.245006322860717773e+00,8.773137331008911133e-01
-2.444995880126953125e+00,2.137438297271728516e+00,9.778980016708374023e-01
2.024477720260620117e+00,2.343830347061157227e+00,9.053137302398681641e-01
2.198898792266845703e+00,2.209307432174682617e+00,8.113795518875122070e-01
-2.345902442932128906e+00,2.657135248184204102e+00,9.225844740867614746e-01
-2.085563421249389648e+00,2.724122762680053711e+00,7.061089873313903809e-01
1.713818073272705078e+00,2.792230367660522461e+00,8.444817662239074707e-01
2.325469732284545898e+00,2.634185791015625000e+00,9.708006381988525391e-01
-1.901656150817871094e+00,2.899940013885498047e+00,8.108871579170227051e-01
1.018550992012023926e+00,3.112541675567626953e+00,9.091104865074157715e-01
1.139854907989501953e+00,3.080838680267333984e+00,8.698016405105590820e-01
1.933514237403869629e+00,2.832299947738647461e+00,8.567328453063964844e-01
-9.067947268486022949e-01,3.496208190917968750e+00,9.998109936714172363e-01
1.766189932823181152e-01,3.320464849472045898e+00,8.856806755065917969e-01
9.684425592422485352e-01,3.320452451705932617e+00,9.301198720932006836e-01
1.352913618087768555e+00,3.169575691223144531e+00,8.563507199287414551e-01
-1.199608922004699707e+00,3.512566566467285156e+00,8.486101627349853516e-01
-9.272220730781555176e-01,3.519110679626464844e+00,8.233920335769653320e-01
5.012236833572387695e-01,3.530151605606079102e+00,8.751553893089294434e-01
8.636273145675659180e-01,3.532427787780761719e+00,8.209843635559082031e-01
-5.944357514381408691e-01,-3.009980201721191406e+00,1.205707192420959473e+00
-2.368536889553070068e-01,-2.973987102508544922e+00,1.200305938720703125e+00
9.424091875553131104e-02,-2.918353796005249023e+00,1.336138844490051270e+00
5.063477158546447754e-01,-3.061714172363281250e+00,1.081662178039550781e+00
8.801195621490478516e-01,-3.005166053771972656e+00,1.167185068130493164e+00
1.207988142967224121e+00,-2.867553234100341797e+00,1.227033376693725586e+00
-1.579171299934387207e+00,-2.607712268829345703e+00,1.163413763046264648e+00
1.779177904129028320e+00,-2.628275632858276367e+00,1.055462718009948730e+00
-1.796977758407592773e+00,-2.360642910003662109e+00,1.233809709548950195e+00
1.901675581932067871e+00,-2.340488910675048828e+00,1.281479239463806152e+00
-2.468529939651489258e+00,-1.889090776443481445e+00,1.068153977394104004e+00
-2.318587541580200195e+00,-1.922497510910034180e+00,1.304513096809387207e+00
-2.012680292129516602e+00,-2.066053152084350586e+00,1.398721933364868164e+00
2.486737966537475586e+00,-1.802656054496765137e+00,1.089229702949523926e+00
-2.553570985794067383e+00,-1.624962806701660156e+00,1.291363477706909180e+00
2.400792598724365234e+00,-1.677274346351623535e+00,1.363800525665283203e+00
2.633984804153442383e+00,-1.548175334930419922e+00,1.245846986770629883e+00
-2.871638774871826172e+00,-1.083107113838195801e+00,1.198301553726196289e+00
-2.795509815216064453e+00,-1.174045562744140625e+00,1.251324295997619629e+00
2.793717384338378906e+00,-1.395110726356506348e+00,1.064855575561523438e+00
2.869981765747070312e+00,-1.198920249938964844e+00,1.157712936401367188e+00
-2.805307626724243164e+00,-1.020801544189453125e+00,1.301059126853942871e+00
2.789196968078613281e+00,-8.673045039176940918e-01,1.077181696891784668e+00
2.808228731155395508e+00,-9.877721667289733887e-01,1.254330158233642578e+00
-3.083425045013427734e+00,-5.142393112182617188e-01,1.322437047958374023e+00
2.750017166137695312e+00,-3.936330378055572510e-01,1.330901861190795898e+00
2.874168395996093750e+00,-6.743845343589782715e-01,1.142418384552001953e+00
-3.406320095062255859e+00,-3.899103775620460510e-02,1.249290347099304199e+00
2.700509071350097656e+00,-3.267730474472045898e-01,1.216432809829711914e+00
3.125083446502685547e+00,-3.279652297496795654e-01,1.116519570350646973e+00
-3.267305374145507812e+00,9.081143885850906372e-03,1.314846634864807129e+00
2.986810684204101562e+00,2.440558671951293945e-01,1.198717713356018066e+00
-3.280328273773193359e+00,4.232557415962219238e-01,1.221979022026062012e+00
2.954041242599487305e+00,4.716490209102630615e-01,1.180490493774414062e+00
-2.903476715087890625e+00,9.841546416282653809e-01,1.336504578590393066e+00
-2.824155330657958984e+00,1.280179381370544434e+00,1.224516510963439941e+00
2.679568052291870117e+00,1.246954441070556641e+00,1.250246405601501465e+00
2.881264686584472656e+00,1.128130555152893066e+00,1.120292425155639648e+00
2.399939060211181641e+00,1.646902084350585938e+00,1.242825269699096680e+00
2.659030914306640625e+00,1.568817138671875000e+00,1.125359773635864258e+00
-2.474738597869873047e+00,1.862380862236022949e+00,1.229520559310913086e+00
2.281225204467773438e+00,1.877104520797729492e+00,1.297550916671752930e+00
2.690024375915527344e+00,2.065688610076904297e+00,1.056116819381713867e+00
-2.247061491012573242e+00,2.190451145172119141e+00,1.175599694252014160e+00
-2.000147581100463867e+00,2.293780565261840820e+00,1.292278528213500977e+00
1.534896016120910645e+00,2.441288471221923828e+00,1.350977659225463867e+00
1.944287419319152832e+00,2.260543823242187500e+00,1.235340952873229980e+00
-1.890266060829162598e+00,2.627645254135131836e+00,1.210360765457153320e+00
1.228426218032836914e+00,2.566570520401000977e+00,1.256239533424377441e+00
1.553472161293029785e+00,2.556929588317871094e+00,1.229699611663818359e+00
1.927291274070739746e+00,2.664016008377075195e+00,1.151167392730712891e+00
-1.858344316482543945e+00,3.032817840576171875e+00,1.160353660583496094e+00
5.592731833457946777e-01,3.007452964782714844e+00,1.330112695693969727e+00
1.216423392295837402e+00,2.912434577941894531e+00,1.228403091430664062e+00
-6.320544481277465820e-01,3.472680091857910156e+00,1.318696260452270508e+00
4.826156795024871826e-01,3.389414310455322266e+00,1.294205427169799805e+00
9.224561452865600586e-01,3.349039077758789062e+00,1.053526878356933594e+00
1.054249882698059082e+00,3.258876323699951172e+00,1.255177259445190430e+00
-4.951629340648651123e-01,3.667930126190185547e+00,1.176315069198608398e+00
-2.957686781883239746e-01,3.678107976913452148e+00,1.109660029411315918e+00
-5.677006244659423828e-01,-2.801937818527221680e+00,1.425603032112121582e+00
9.917380660772323608e-02,-2.847211360931396484e+00,1.606139898300170898e+00
5.399846434593200684e-01,-2.849186420440673828e+00,1.526890873908996582e+00
9.795076847076416016e-01,-2.847696542739868164e+00,1.523736357688903809e+00
-1.500722646713256836e+00,-2.632966041564941406e+00,1.608746051788330078e+00
-1.148049592971801758e+00,-2.608535289764404297e+00,1.512882709503173828e+00
-8.116647601127624512e-01,-2.680969953536987305e+00,1.624839425086975098e+00
-2.512224614620208740e-01,-2.733526229858398438e+00,1.720402359962463379e+00
2.098590135574340820e-01,-2.692326307296752930e+00,1.720636606216430664e+00
6.756538152694702148e-01,-2.715073585510253906e+00,1.749783635139465332e+00
7.272244691848754883e-01,-2.723700284957885742e+00,1.745085835456848145e+00
1.305445671081542969e+00,-2.641652584075927734e+00,1.580439209938049316e+00
-1.674815535545349121e+00,-2.116233348846435547e+00,1.653703927993774414e+00
1.681127548217773438e+00,-2.326592683792114258e+00,1.477659702301025391e+00
1.925752282142639160e+00,-2.106433391571044922e+00,1.403163552284240723e+00
-1.986128926277160645e+00,-1.938689112663269043e+00,1.698759794235229492e+00
1.702517867088317871e+00,-2.088962554931640625e+00,1.725881576538085938e+00
1.814101696014404297e+00,-1.935698747634887695e+00,1.699319839477539062e+00
-2.394666910171508789e+00,-1.608785629272460938e+00,1.488217711448669434e+00
2.028784513473510742e+00,-1.716413736343383789e+00,1.720842599868774414e+00
2.325816392898559570e+00,-1.598397731781005859e+00,1.505650877952575684e+00
-2.679459571838378906e+00,-1.176960825920104980e+00,1.479738712310791016e+00
2.732516288757324219e+00,-1.124593973159790039e+00,1.520374655723571777e+00
-2.776837348937988281e+00,-9.738594293594360352e-01,1.482308268547058105e+00
2.588887691497802734e+00,-9.280986785888671875e-01,1.545283555984497070e+00
-2.938754558563232422e+00,-5.997956991195678711e-01,1.545199513435363770e+00
2.609592199325561523e+00,-5.720375180244445801e-01,1.703301191329956055e+00
-3.156507968902587891e+00,-1.472875177860260010e-01,1.427039980888366699e+00
-2.853332996368408203e+00,-1.003617122769355774e-01,1.722070813179016113e+00
2.666049003601074219e+00,-1.489117443561553955e-01,1.557156801223754883e+00
2.548764705657958984e+00,1.227928772568702698e-01,1.538674831390380859e+00
2.730694055557250977e+00,3.771032392978668213e-01,1.635945081710815430e+00
2.839698314666748047e+00,4.327426552772521973e-01,1.497597575187683105e+00
-2.849110126495361328e+00,8.265901207923889160e-01,1.423843264579772949e+00
2.373963117599487305e+00,9.196761250495910645e-01,1.722387194633483887e+00
2.589113950729370117e+00,9.610040783882141113e-01,1.493418693542480469e+00
-2.760129928588867188e+00,1.209728717803955078e+00,1.410001277923583984e+00
2.334294319152832031e+00,1.199411273002624512e+00,1.654429316520690918e+00
2.496742248535156250e+00,1.186816692352294922e+00,1.457170486450195312e+00
-2.457829952239990234e+00,1.477042913436889648e+00,1.496836304664611816e+00
2.510589361190795898e+00,1.412743210792541504e+00,1.684740900993347168e+00
1.355566143989562988e+00,1.954483747482299805e+00,1.712309241294860840e+00
1.946268558502197266e+00,1.967142581939697266e+00,1.626129746437072754e+00
2.400927066802978516e+00,1.836328148841857910e+00,1.407078504562377930e+00
-2.397198915481567383e+00,2.102424860000610352e+00,1.555168986320495605e+00
-1.624971866607666016e+00,2.412306070327758789e+00,1.519926071166992188e+00
1.666018247604370117e+00,2.290619611740112305e+00,1.714379310607910156e+00
-1.553781390190124512e+00,2.561614274978637695e+00,1.470044612884521484e+00
-5.765363574028015137e-01,2.781527519226074219e+00,1.584344029426574707e+00
4.192535281181335449e-01,2.777992486953735352e+00,1.495522379875183105e+00
7.516224384307861328e-01,2.699727773666381836e+00,1.596952676773071289e+00
1.064978361129760742e+00,2.563229799270629883e+00,1.447259664535522461e+00
-1.494866460561752319e-01,2.863190889358520508e+00,1.571425199508666992e+00
1.840020865201950073e-01,2.825607299804687500e+00,1.664360046386718750e+00
5.300533771514892578e-01,2.865104198455810547e+00,1.426318168640136719e+00
8.395932912826538086e-01,3.079057216644287109e+00,1.603207945823669434e+00
-1.418943405151367188e+00,3.192160129547119141e+00,1.515682697296142578e+00
-1.123442292213439941e+00,3.362540483474731445e+00,1.456130385398864746e+00
-9.261342287063598633e-01,3.415415287017822266e+00,1.509467482566833496e+00
2.677011489868164062e-01,3.215188503265380859e+00,1.474660038948059082e+00
-3.976181149482727051e-01,3.510717630386352539e+00,1.409201741218566895e+00
-9.916046261787414551e-01,-2.455703735351562500e+00,1.817928433418273926e+00
6.126766800880432129e-01,-2.523370981216430664e+00,1.934373259544372559e+00
8.735752701759338379e-01,-2.550389051437377930e+00,1.921334862709045410e+00
-1.325861454010009766e+00,-2.366702318191528320e+00,1.808323502540588379e+00
3.861278593540191650e-01,-2.435369014739990234e+00,2.006815195083618164e+00
1.197974443435668945e+00,-2.294441223144531250e+00,1.880783677101135254e+00
1.460635900497436523e+00,-2.277431488037109375e+00,1.916635870933532715e+00
1.384784817695617676e+00,-1.847066164016723633e+00,2.070760250091552734e+00
1.601301074028015137e+00,-1.950560688972473145e+00,1.927565932273864746e+00
-2.198927164077758789e+00,-1.583443999290466309e+00,1.843513965606689453e+00
1.706664085388183594e+00,-1.680460691452026367e+00,2.020486831665039062e+00
2.051669359207153320e+00,-1.506789445877075195e+00,1.893147349357604980e+00
2.269926786422729492e+00,-1.186661124229431152e+00,1.986417055130004883e+00
2.289447069168090820e+00,-8.358724713325500488e-01,1.956376314163208008e+00
-2.614963054656982422e+00,-6.377205848693847656e-01,2.000763416290283203e+00
2.237297773361206055e+00,-6.701135635375976562e-01,1.916237592697143555e+00
2.548671483993530273e+00,-4.962103068828582764e-01,1.825789213180541992e+00
-2.726737976074218750e+00,-6.333316117525100708e-02,1.816822528839111328e+00
2.071430921554565430e+00,-1.278217136859893799e-01,2.042438030242919922e+00
2.736966133117675781e+00,-3.323585689067840576e-01,1.783483386039733887e+00
-2.679553270339965820e+00,2.424318939447402954e-01,2.064154624938964844e+00
2.234421730041503906e+00,2.312349379062652588e-01,2.067145109176635742e+00
2.612949848175048828e+00,4.847406968474388123e-02,1.937320351600646973e+00
-2.681257724761962891e+00,4.915944337844848633e-01,2.089626789093017578e+00
2.354139328002929688e+00,6.147349476814270020e-01,1.827402710914611816e+00
2.607352972030639648e+00,4.177759587764739990e-01,1.802613139152526855e+00
-2.646891832351684570e+00,9.038965106010437012e-01,1.812842845916748047e+00
-2.349182605743408203e+00,1.001801609992980957e+00,2.088925361633300781e+00
1.994454383850097656e+00,8.871552348136901855e-01,1.987231373786926270e+00
2.128492832183837891e+00,9.065264463424682617e-01,1.988481760025024414e+00
-2.470265388488769531e+00,1.154466748237609863e+00,1.875810742378234863e+00
-2.068294048309326172e+00,1.283652544021606445e+00,2.037217855453491211e+00
2.137292385101318359e+00,1.085737466812133789e+00,2.068377256393432617e+00
-2.178755283355712891e+00,1.528595685958862305e+00,1.908359289169311523e+00
1.928215026855468750e+00,1.610507011413574219e+00,1.957901239395141602e+00
2.358899593353271484e+00,1.486877441406250000e+00,1.823595046997070312e+00
2.537383794784545898e+00,1.604463338851928711e+00,1.834138631820678711e+00
1.566080093383789062e+00,1.895996093750000000e+00,1.828925609588623047e+00
-5.882009863853454590e-01,2.343916416168212891e+00,2.092671871185302734e+00
4.506105184555053711e-01,2.396908521652221680e+00,2.042367458343505859e+00
8.995350599288940430e-01,2.324769973754882812e+00,1.911938667297363281e+00
1.193527579307556152e+00,2.322230339050292969e+00,1.867422819137573242e+00
-1.661228775978088379e+00,2.577961683273315430e+00,1.965135693550109863e+00
-1.801237612962722778e-01,2.551425933837890625e+00,1.946390151977539062e+00
8.414441347122192383e-02,2.536282539367675781e+00,1.998491406440734863e+00
4.344797730445861816e-01,2.582897663116455078e+00,1.926675200462341309e+00
9.050571918487548828e-01,2.616540908813476562e+00,1.823812961578369141e+00
-1.209245800971984863e+00,2.990324020385742188e+00,1.932950496673583984e+00
-9.002227783203125000e-01,3.005580902099609375e+00,1.928859114646911621e+00
1.062249112874269485e-02,2.858536243438720703e+00,1.806479573249816895e+00
9.934842586517333984e-01,2.969393491744995117e+00,1.858931899070739746e+00
-8.464589118957519531e-01,3.152411937713623047e+00,1.816511154174804688e+00
-1.222791671752929688e+00,-2.213893651962280273e+00,2.184404850006103516e+00
-8.093094825744628906e-01,-2.395648002624511719e+00,2.131783008575439453e+00
-4.857212305068969727e-01,-2.384084939956665039e+00,2.248202800750732422e+00
4.787281155586242676e-01,-2.157647371292114258e+00,2.110197067260742188e+00
-1.469156503677368164e+00,-1.995773077011108398e+00,2.112106800079345703e+00
-1.257823109626770020e+00,-2.095649003982543945e+00,2.411308288574218750e+00
-5.965899229049682617e-01,-1.841912269592285156e+00,2.434589147567749023e+00
-1.057848334312438965e-01,-2.074848175048828125e+00,2.328505039215087891e+00
9.027541875839233398e-01,-1.801691770553588867e+00,2.315706253051757812e+00
-1.515280604362487793e+00,-1.434919118881225586e+00,2.325870752334594727e+00
-1.325220227241516113e+00,-1.706817388534545898e+00,2.306557178497314453e+00
1.295842289924621582e+00,-1.590278506278991699e+00,2.374114751815795898e+00
1.509752869606018066e+00,-1.484433770179748535e+00,2.281472206115722656e+00
1.443128585815429688e+00,-1.271781206130981445e+00,2.323112487792968750e+00
1.811490774154663086e+00,-1.234180688858032227e+00,2.161210060119628906e+00
-2.204510688781738281e+00,-9.741768836975097656e-01,2.189044237136840820e+00
-8.127995133399963379e-01,-8.517674207687377930e-01,2.415079116821289062e+00
4.277324080467224121e-01,-8.396778106689453125e-01,2.346609592437744141e+00
1.669018983840942383e+00,-8.099880218505859375e-01,2.348508358001708984e+00
1.987599849700927734e+00,-9.971079826354980469e-01,2.184266567230224609e+00
-2.097622632980346680e+00,-5.878438353538513184e-01,2.449859380722045898e+00
1.642966747283935547e+00,-4.533751010894775391e-01,2.433424472808837891e+00
1.948068022727966309e+00,-6.123747825622558594e-01,2.287967681884765625e+00
-2.334291934967041016e+00,-2.780515849590301514e-01,2.396461009979248047e+00
1.700812816619873047e+00,-2.509172260761260986e-01,2.403286457061767578e+00
1.829887747764587402e+00,-2.249469161033630371e-01,2.316349744796752930e+00
2.207216978073120117e+00,-2.349598556756973267e-01,2.145121335983276367e+00
-2.479060649871826172e+00,1.826219111680984497e-01,2.348004102706909180e+00
1.981989860534667969e+00,1.988374888896942139e-01,2.374980926513671875e+00
2.152939081192016602e+00,2.198260277509689331e-01,2.151737213134765625e+00
-2.505037546157836914e+00,6.426197290420532227e-01,2.188575267791748047e+00
1.428402423858642578e+00,5.478020906448364258e-01,2.322732925415039062e+00
1.986718416213989258e+00,5.079932212829589844e-01,2.329290866851806641e+00
-2.311248779296875000e+00,9.952595233917236328e-01,2.130805730819702148e+00
1.711915731430053711e+00,8.437047004699707031e-01,2.370720386505126953e+00
-1.941437840461730957e+00,1.114374518394470215e+00,2.301766157150268555e+00
-1.705412387847900391e+00,1.101506948471069336e+00,2.396086215972900391e+00
1.645867824554443359e+00,1.340739488601684570e+00,2.388680934906005859e+00
2.006286144256591797e+00,1.263262867927551270e+00,2.152806997299194336e+00
-1.104478955268859863e+00,1.615031361579895020e+00,2.432194948196411133e+00
1.663050174713134766e+00,1.617192029953002930e+00,2.218780279159545898e+00
1.927439212799072266e+00,1.467448830604553223e+00,2.136416435241699219e+00
-1.269381761550903320e+00,1.887287855148315430e+00,2.353662490844726562e+00
-7.586115598678588867e-01,1.997418045997619629e+00,2.306964874267578125e+00
-4.759549796581268311e-01,2.084617376327514648e+00,2.422850370407104492e+00
6.236227154731750488e-01,1.946378111839294434e+00,2.325300931930541992e+00
1.379634857177734375e+00,2.013085365295410156e+00,2.241255760192871094e+00
-1.669730663299560547e+00,2.327126979827880859e+00,2.203677177429199219e+00
-6.151092648506164551e-01,2.289751768112182617e+00,2.121135234832763672e+00
-4.170830175280570984e-02,2.167783737182617188e+00,2.347802400588989258e+00
1.640117764472961426e-01,2.335120677947998047e+00,2.205638408660888672e+00
5.157154202461242676e-01,2.266939878463745117e+00,2.239492654800415039e+00
1.166496872901916504e+00,2.232975244522094727e+00,2.159337520599365234e+00
-1.309498310089111328e+00,2.653191566467285156e+00,2.170032739639282227e+00
2.460811734199523926e-01,2.666436433792114258e+00,2.296044111251831055e+00
-1.148257732391357422e+00,2.861073970794677734e+00,2.291188955307006836e+00
-9.212713837623596191e-01,-2.070293426513671875e+00,2.535947084426879883e+00
-3.146335482597351074e-01,-2.079441308975219727e+00,2.500900983810424805e+00
1.925726532936096191e-01,-1.889816880226135254e+00,2.494757413864135742e+00
-9.037948250770568848e-01,-1.554843068122863770e+00,2.572396516799926758e+00
-1.500015258789062500e-01,-1.617149114608764648e+00,2.698108673095703125e+00
2.434249669313430786e-01,-1.589811801910400391e+00,2.665925502777099609e+00
5.893390178680419922e-01,-1.632471084594726562e+00,2.584722995758056641e+00
8.988056778907775879e-01,-1.613185048103332520e+00,2.516752243041992188e+00
-1.179035067558288574e+00,-1.242825865745544434e+00,2.610220193862915039e+00
-8.932639360427856445e-01,-1.249157667160034180e+00,2.692917346954345703e+00
1.478941887617111206e-01,-1.313900113105773926e+00,2.745378732681274414e+00
5.659366250038146973e-01,-1.109059453010559082e+00,2.542276620864868164e+00
9.444785714149475098e-01,-1.230258226394653320e+00,2.584400653839111328e+00
1.228288173675537109e+00,-1.174500942230224609e+00,2.506092309951782227e+00
-1.661609053611755371e+00,-8.624453544616699219e-01,2.529591798782348633e+00
-1.197713613510131836e+00,-1.037866234779357910e+00,2.779300212860107422e+00
-8.899023532867431641e-01,-8.950819373130798340e-01,2.673072814941406250e+00
-3.543639481067657471e-01,-1.038059234619140625e+00,2.733175277709960938e+00
1.218363285064697266e+00,-1.026009202003479004e+00,2.577333927154541016e+00
1.498047590255737305e+00,-8.024537563323974609e-01,2.525220394134521484e+00
-1.876871824264526367e+00,-5.074795484542846680e-01,2.502990722656250000e+00
-1.527895450592041016e+00,-5.299140810966491699e-01,2.614663362503051758e+00
-1.322229146957397461e+00,-4.768432974815368652e-01,2.527495145797729492e+00
9.557679295539855957e-01,-4.066360294818878174e-01,2.761353969573974609e+00
1.360745906829833984e+00,-6.462450027465820312e-01,2.538943767547607422e+00
-2.105630636215209961e+00,-2.140240743756294250e-02,2.513512134552001953e+00
-1.801581263542175293e+00,-7.610616087913513184e-02,2.731994628906250000e+00
-1.713596343994140625e+00,-1.813576072454452515e-01,2.758912801742553711e+00
8.428052067756652832e-01,-2.266266383230686188e-02,2.491292715072631836e+00
1.482737541198730469e+00,-7.304876297712326050e-02,2.507132291793823242e+00
-2.272919178009033203e+00,1.448410600423812866e-01,2.495187282562255859e+00
-1.872365951538085938e+00,1.077403426170349121e-01,2.642189025878906250e+00
-1.347904443740844727e+00,7.540596276521682739e-02,2.649944067001342773e+00
-8.529379963874816895e-01,8.556023240089416504e-02,2.755700349807739258e+00
-1.368747055530548096e-01,2.533768713474273682e-01,2.533941268920898438e+00
9.160978198051452637e-01,6.599613279104232788e-02,2.574095726013183594e+00
1.173998117446899414e+00,1.322052180767059326e-01,2.536083698272705078e+00
1.554183006286621094e+00,1.176994144916534424e-01,2.532853364944458008e+00
-2.164432287216186523e+00,6.244369745254516602e-01,2.515389204025268555e+00
-1.940528154373168945e+00,3.993516564369201660e-01,2.616377115249633789e+00
-1.695763468742370605e+00,6.175906062126159668e-01,2.644269704818725586e+00
-1.176047682762145996e+00,4.383968412876129150e-01,2.565507888793945312e+00
-4.659918323159217834e-02,5.338995456695556641e-01,2.557677745819091797e+00
8.098036050796508789e-02,6.914744973182678223e-01,2.706607103347778320e+00
1.063769698143005371e+00,4.115469753742218018e-01,2.747007846832275391e+00
1.534848093986511230e+00,4.761241972446441650e-01,2.521999120712280273e+00
-1.577937483787536621e+00,9.253824353218078613e-01,2.552644491195678711e+00
-1.128990173339843750e+00,8.816954493522644043e-01,2.623653650283813477e+00
-6.935939192771911621e-01,9.431146979331970215e-01,2.590406417846679688e+00
8.859288692474365234e-01,8.049123883247375488e-01,2.666783094406127930e+00
1.231647253036499023e+00,7.632064223289489746e-01,2.707533359527587891e+00
1.563473701477050781e+00,7.818312048912048340e-01,2.575682401657104492e+00
-1.847613453865051270e+00,1.107636094093322754e+00,2.744472503662109375e+00
-1.469927668571472168e+00,1.185065984725952148e+00,2.502807617187500000e+00
-9.916623830795288086e-01,1.053092241287231445e+00,2.730193138122558594e+00
1.474401950836181641e-01,1.294261932373046875e+00,2.715094089508056641e+00
6.223391890525817871e-01,1.060793280601501465e+00,2.764517784118652344e+00
9.724366068840026855e-01,1.139594793319702148e+00,2.689915895462036133e+00
1.590864658355712891e+00,1.225807309150695801e+00,2.553412675857543945e+00
-1.066420674324035645e+00,1.428288936614990234e+00,2.717432498931884766e+00
-5.879163742065429688e-01,1.586819529533386230e+00,2.549637317657470703e+00
-1.474201679229736328e-01,1.702748775482177734e+00,2.539163112640380859e+00
1.084797307848930359e-01,1.601989507675170898e+00,2.743428230285644531e+00
4.437824487686157227e-01,1.548382759094238281e+00,2.742051839828491211e+00
7.732610106468200684e-01,1.545068621635437012e+00,2.630721807479858398e+00
-1.087651729583740234e+00,2.093506574630737305e+00,2.611404895782470703e+00
-8.854815363883972168e-01,2.075075149536132812e+00,2.624454498291015625e+00
-5.500648021697998047e-01,1.971666455268859863e+00,2.645171165466308594e+00
-3.689959272742271423e-02,1.908531665802001953e+00,2.793597698211669922e+00
1.148764729499816895e+00,2.081756830215454102e+00,2.493301391601562500e+00
-1.482794404029846191e+00,2.346457004547119141e+00,2.486758470535278320e+00
-9.848455190658569336e-01,2.304550647735595703e+00,2.756216287612915039e+00
-5.905861854553222656e-01,2.195363521575927734e+00,2.757030725479125977e+00
-2.263552695512771606e-01,2.249097108840942383e+00,2.672310590744018555e+00
7.660388480871915817e-03,2.198919057846069336e+00,2.794394254684448242e+00
5.010132193565368652e-01,2.122518777847290039e+00,2.570220470428466797e+00
-3.515776619315147400e-02,-1.459193706512451172e+00,2.921979904174804688e+00
-6.562992930412292480e-01,-1.311964035034179688e+00,2.879056215286254883e+00
3.330351710319519043e-01,-8.109697103500366211e-01,2.911063194274902344e+00
5.558311343193054199e-01,-8.608492016792297363e-01,2.828992605209350586e+00
8.217585086822509766e-01,-8.389369249343872070e-01,2.830724239349365234e+00
1.115197420120239258e+00,-8.920087218284606934e-01,2.990393161773681641e+00
6.357859969139099121e-01,-6.081211566925048828e-01,2.900732278823852539e+00
8.729103207588195801e-01,-6.005138754844665527e-01,2.922755718231201172e+00
-1.343003273010253906e+00,-1.963046193122863770e-01,2.856969833374023438e+00
1.639291405677795410e+00,5.719410181045532227e-01,2.961108207702636719e+00
2.840256989002227783e-01,9.236440658569335938e-01,2.833074808120727539e+00
-5.521556138992309570e-01,1.734024524688720703e+00,2.859677314758300781e+00
-5.783862434327602386e-03,1.975651621818542480e+00,2.808835506439208984e+00
1.063709855079650879e-01,1.936231851577758789e+00,2.825820684432983398e+00
