1.269999980926513672e+00,-1.055170059204101562e+00,-3.399149894714355469e+00
3.054640769958496094e+00,-1.054088234901428223e+00,-3.153713226318359375e+00
3.275476455688476562e+00,-1.051352262496948242e+00,-3.271792650222778320e+00
-7.861271500587463379e-01,-9.951936602592468262e-01,-3.244194269180297852e+00
-6.187646389007568359e-01,-9.932227730751037598e-01,-3.180477857589721680e+00
4.484463930130004883e-01,-1.041430950164794922e+00,-3.324070453643798828e+00
3.263146162033081055e+00,-9.102817177772521973e-01,-3.236274719238281250e+00
3.278232574462890625e+00,-5.638080835342407227e-01,-3.276153087615966797e+00
3.291615962982177734e+00,-1.919292807579040527e-01,-3.272106409072875977e+00
3.296202182769775391e+00,2.977227233350276947e-02,-3.266552448272705078e+00
3.407011508941650391e+00,6.878276467323303223e-01,-3.217539548873901367e+00
-3.403000116348266602e+00,7.967740297317504883e-01,-3.440200090408325195e+00
-2.725104570388793945e+00,7.916852235794067383e-01,-3.404754161834716797e+00
-1.333800077438354492e+00,7.499381303787231445e-01,-3.421020030975341797e+00
2.060950994491577148e+00,7.875424623489379883e-01,-3.413141727447509766e+00
2.389999866485595703e+00,7.399754524230957031e-01,-3.437600135803222656e+00
2.655837059020996094e+00,7.148748636245727539e-01,-3.428319931030273438e+00
1.746153831481933594e+00,-1.054788470268249512e+00,-2.873858213424682617e+00
1.892337918281555176e+00,-1.068866729736328125e+00,-2.968811511993408203e+00
2.585130691528320312e+00,-1.056745767593383789e+00,-2.884530305862426758e+00
3.140903472900390625e+00,-1.089969515800476074e+00,-2.800825119018554688e+00
-3.450677871704101562e+00,-7.245505452156066895e-01,-2.810516119003295898e+00
-2.395090579986572266e+00,-9.925997853279113770e-01,-2.847544431686401367e+00
-1.119496583938598633e+00,-1.020533561706542969e+00,-2.925258398056030273e+00
-7.450315356254577637e-01,-1.012093544006347656e+00,-3.009704351425170898e+00
-3.409999907016754150e-01,-1.012920022010803223e+00,-2.862600088119506836e+00
2.068438231945037842e-01,-9.941315650939941406e-01,-3.024011611938476562e+00
1.276910901069641113e+00,-1.028371572494506836e+00,-2.883849620819091797e+00
1.590488910675048828e+00,-1.029170870780944824e+00,-2.810818910598754883e+00
3.226522445678710938e+00,-7.954034805297851562e-01,-2.912210464477539062e+00
-3.440842866897583008e+00,-4.656590223312377930e-01,-2.846228122711181641e+00
3.218285799026489258e+00,-5.558213591575622559e-01,-2.981397867202758789e+00
3.258259296417236328e+00,-1.170329004526138306e-01,-3.091319561004638672e+00
3.262259006500244141e+00,1.774931699037551880e-01,-3.045630455017089844e+00
-5.780000090599060059e-01,6.633700132369995117e-01,-2.881200075149536133e+00
4.799999892711639404e-01,6.456999778747558594e-01,-2.909499883651733398e+00
8.365214467048645020e-01,6.839546561241149902e-01,-2.946608543395996094e+00
1.158189058303833008e+00,6.945816278457641602e-01,-3.040024280548095703e+00
-3.249954223632812500e+00,7.562964558601379395e-01,-3.113759279251098633e+00
-3.010296583175659180e+00,8.068101406097412109e-01,-3.049539566040039062e+00
-2.751718521118164062e+00,7.576528191566467285e-01,-2.973303556442260742e+00
-2.128999948501586914e+00,8.143829703330993652e-01,-3.080199956893920898e+00
-1.683886051177978516e+00,7.272447943687438965e-01,-2.872530937194824219e+00
-7.491845488548278809e-01,7.483322024345397949e-01,-3.064411640167236328e+00
-4.822869896888732910e-01,7.888680100440979004e-01,-3.016754388809204102e+00
1.600000075995922089e-02,7.356500029563903809e-01,-2.961100101470947266e+00
9.580000042915344238e-01,7.199199795722961426e-01,-3.053100109100341797e+00
1.288302659988403320e+00,7.077614665031433105e-01,-3.031376838684082031e+00
1.428561568260192871e+00,7.873405218124389648e-01,-2.848304510116577148e+00
2.194000005722045898e+00,7.250300049781799316e-01,-3.066999912261962891e+00
3.028490304946899414e+00,7.374903559684753418e-01,-3.096351861953735352e+00
3.301226854324340820e+00,7.180072665214538574e-01,-3.110496520996093750e+00
3.530998229980468750e+00,7.158936858177185059e-01,-3.059000015258789062e+00
-3.053348302841186523e+00,-1.088364958763122559e+00,-2.620900869369506836e+00
2.074973344802856445e+00,-1.066485643386840820e+00,-2.649309158325195312e+00
2.352006673812866211e+00,-1.051423907279968262e+00,-2.759124517440795898e+00
2.583400964736938477e+00,-1.068629503250122070e+00,-2.686320543289184570e+00
2.854401111602783203e+00,-1.068711280822753906e+00,-2.480776071548461914e+00
-2.594000101089477539e+00,-9.766200184822082520e-01,-2.607100009918212891e+00
-2.298645734786987305e+00,-9.825590252876281738e-01,-2.599075555801391602e+00
-1.832999944686889648e+00,-9.700199961662292480e-01,-2.691099882125854492e+00
-1.682922363281250000e+00,-9.804916977882385254e-01,-2.686911344528198242e+00
-1.236341714859008789e+00,-9.899616241455078125e-01,-2.462519168853759766e+00
-8.450109362602233887e-01,-1.024453997611999512e+00,-2.677350997924804688e+00
-3.121306598186492920e-01,-9.875604510307312012e-01,-2.499202966690063477e+00
1.020890176296234131e-01,-1.030469298362731934e+00,-2.723482131958007812e+00
4.331164360046386719e-01,-1.024853706359863281e+00,-2.625192403793334961e+00
8.537030816078186035e-01,-1.031966328620910645e+00,-2.652115583419799805e+00
1.084767460823059082e+00,-1.021794557571411133e+00,-2.587785959243774414e+00
3.226678133010864258e+00,-9.349694252014160156e-01,-2.686444044113159180e+00
-3.403116226196289062e+00,-5.702343583106994629e-01,-2.532948255538940430e+00
3.193962812423706055e+00,-4.982538521289825439e-01,-2.716366767883300781e+00
-3.564658880233764648e+00,-2.580800354480743408e-01,-2.528459310531616211e+00
3.160527706146240234e+00,-2.515998184680938721e-01,-2.535184621810913086e+00
-3.440038919448852539e+00,3.393049538135528564e-01,-2.762675523757934570e+00
3.174615144729614258e+00,1.463185995817184448e-01,-2.501211166381835938e+00
-9.574803709983825684e-01,6.767851710319519043e-01,-2.677620887756347656e+00
-2.110675126314163208e-01,6.686117053031921387e-01,-2.693169355392456055e+00
2.780463993549346924e-01,6.779354214668273926e-01,-2.543429136276245117e+00
3.976301848888397217e-01,6.910049319267272949e-01,-2.644337415695190430e+00
1.031926631927490234e+00,6.847826838493347168e-01,-2.621217250823974609e+00
1.051161527633666992e+00,6.265047192573547363e-01,-2.518807649612426758e+00
1.684000015258789062e+00,6.629499793052673340e-01,-2.613500118255615234e+00
1.962651014328002930e+00,6.643991470336914062e-01,-2.627679347991943359e+00
2.989641189575195312e+00,6.559454202651977539e-01,-2.568922996520996094e+00
3.240699052810668945e+00,5.823898911476135254e-01,-2.623435735702514648e+00
-2.671412229537963867e+00,8.718066811561584473e-01,-2.705035448074340820e+00
-2.268718004226684570e+00,7.427744865417480469e-01,-2.614024877548217773e+00
-1.907729983329772949e+00,7.186284065246582031e-01,-2.638226747512817383e+00
-1.660403490066528320e+00,7.062408328056335449e-01,-2.686815738677978516e+00
-1.142792701721191406e+00,7.796581387519836426e-01,-2.522684335708618164e+00
-9.270890355110168457e-01,7.457554936408996582e-01,-2.515718460083007812e+00
1.181858032941818237e-01,7.051837444305419922e-01,-2.638990402221679688e+00
1.182014346122741699e+00,7.492216229438781738e-01,-2.770672559738159180e+00
1.586734652519226074e+00,7.621383070945739746e-01,-2.692552328109741211e+00
2.276159286499023438e+00,7.041870355606079102e-01,-2.685036182403564453e+00
2.981365680694580078e+00,7.020531892776489258e-01,-2.556942701339721680e+00
1.572355389595031738e+00,-1.072150230407714844e+00,-2.294882535934448242e+00
-2.729000091552734375e+00,-1.041919946670532227e+00,-2.109800100326538086e+00
-1.133000016212463379e+00,-1.012920022010803223e+00,-2.435800075531005859e+00
-9.372600913047790527e-01,-9.736797809600830078e-01,-2.233371257781982422e+00
-2.695941925048828125e-02,-9.889057874679565430e-01,-2.102474212646484375e+00
3.371155560016632080e-01,-9.960100650787353516e-01,-2.421888113021850586e+00
8.831598162651062012e-01,-1.006135702133178711e+00,-2.318989753723144531e+00
1.249753475189208984e+00,-1.039245963096618652e+00,-2.400729656219482422e+00
1.783297300338745117e+00,-1.008051156997680664e+00,-2.113699674606323242e+00
2.539190053939819336e+00,-1.042219281196594238e+00,-2.193897962570190430e+00
3.289534807205200195e+00,-1.040253043174743652e+00,-2.192728519439697266e+00
-3.442800045013427734e+00,-3.563261628150939941e-01,-2.322507381439208984e+00
3.181376457214355469e+00,-5.518770217895507812e-01,-2.254549026489257812e+00
3.131590843200683594e+00,-1.470178961753845215e-01,-2.346130371093750000e+00
-3.570179700851440430e+00,1.899960786104202271e-01,-2.277944087982177734e+00
3.212561368942260742e+00,1.035540178418159485e-01,-2.347856760025024414e+00
-3.475954771041870117e+00,5.032712817192077637e-01,-2.282625675201416016e+00
-1.532109975814819336e+00,6.861791610717773438e-01,-2.438746452331542969e+00
1.723303347826004028e-01,6.762570142745971680e-01,-2.416535377502441406e+00
5.837675333023071289e-01,6.565904617309570312e-01,-2.169717311859130859e+00
8.894632458686828613e-01,6.638724803924560547e-01,-2.194812536239624023e+00
1.505028247833251953e+00,6.768352389335632324e-01,-2.275416851043701172e+00
-2.874376773834228516e+00,7.429735064506530762e-01,-2.246016502380371094e+00
-2.661999940872192383e+00,8.699899911880493164e-01,-2.182800054550170898e+00
-1.892328858375549316e+00,7.808436751365661621e-01,-2.183057546615600586e+00
-1.515865564346313477e+00,7.362409830093383789e-01,-2.167863130569458008e+00
-1.312276721000671387e+00,7.337676286697387695e-01,-2.288109302520751953e+00
-7.519827485084533691e-01,7.310153245925903320e-01,-2.134777069091796875e+00
-6.740334033966064453e-01,7.727898359298706055e-01,-2.402167081832885742e+00
-1.707287430763244629e-01,7.910780310630798340e-01,-2.109580516815185547e+00
1.596007585525512695e+00,-1.064171910285949707e+00,-1.911895632743835449e+00
1.827000021934509277e+00,-1.053719997406005859e+00,-1.854799985885620117e+00
2.132999897003173828e+00,-1.061720013618469238e+00,-1.933799982070922852e+00
-2.729000091552734375e+00,-9.379199743270874023e-01,-1.814800024032592773e+00
-2.202465295791625977e+00,-9.625602960586547852e-01,-2.092336416244506836e+00
-2.023000001907348633e+00,-9.744200110435485840e-01,-1.927800059318542480e+00
-1.402999997138977051e+00,-9.187200069427490234e-01,-1.855800032615661621e+00
-1.659999936819076538e-01,-9.867200255393981934e-01,-1.881800055503845215e+00
8.379999995231628418e-01,-1.019819974899291992e+00,-2.062799930572509766e+00
1.200975775718688965e+00,-1.027505397796630859e+00,-2.098802566528320312e+00
2.873441934585571289e+00,-1.035592794418334961e+00,-2.034586906433105469e+00
3.237596511840820312e+00,-9.359938502311706543e-01,-1.901478886604309082e+00
3.198560714721679688e+00,-4.649243354797363281e-01,-1.944301843643188477e+00
3.193101406097412109e+00,-2.447334229946136475e-01,-1.879654884338378906e+00
-3.551959514617919922e+00,2.476462423801422119e-01,-1.933433771133422852e+00
-3.552397727966308594e+00,4.154111444950103760e-01,-2.051316261291503906e+00
-3.485198497772216797e+00,5.632472634315490723e-01,-2.032353878021240234e+00
-8.673636913299560547e-01,6.864129900932312012e-01,-1.830780982971191406e+00
-4.328719377517700195e-01,6.928811073303222656e-01,-1.990071058273315430e+00
8.638432621955871582e-01,6.665092706680297852e-01,-1.904887199401855469e+00
2.916663169860839844e+00,6.516795754432678223e-01,-1.831912398338317871e+00
3.484999895095825195e+00,6.762499809265136719e-01,-1.929800033569335938e+00
-3.366570234298706055e+00,7.847853899002075195e-01,-1.776240110397338867e+00
-3.055687665939331055e+00,7.341967225074768066e-01,-2.099446296691894531e+00
-2.615329504013061523e+00,8.429959416389465332e-01,-1.835143446922302246e+00
-2.223362207412719727e+00,7.829473018646240234e-01,-1.952921152114868164e+00
-1.911937832832336426e+00,8.042247891426086426e-01,-1.940009713172912598e+00
-1.574612259864807129e+00,7.647213935852050781e-01,-1.957154870033264160e+00
-1.095378637313842773e+00,7.248433828353881836e-01,-1.951592803001403809e+00
-9.352676868438720703e-01,7.174433469772338867e-01,-1.979386091232299805e+00
-2.402251958847045898e-02,7.414815425872802734e-01,-1.883629918098449707e+00
1.957424581050872803e-01,7.261758446693420410e-01,-1.905221581459045410e+00
1.154661059379577637e+00,7.139218449592590332e-01,-1.784908533096313477e+00
2.005795478820800781e+00,7.466783523559570312e-01,-2.039535284042358398e+00
2.105622768402099609e+00,7.988768219947814941e-01,-1.885259628295898438e+00
1.185999989509582520e+00,-1.053820013999938965e+00,-1.662799954414367676e+00
1.806731581687927246e+00,-1.055493950843811035e+00,-1.541342616081237793e+00
2.339951515197753906e+00,-1.090800642967224121e+00,-1.515071272850036621e+00
2.798000097274780273e+00,-1.080620050430297852e+00,-1.577800035476684570e+00
2.857000112533569336e+00,-1.060320019721984863e+00,-1.738800048828125000e+00
-2.347451925277709961e+00,-9.390072822570800781e-01,-1.656508922576904297e+00
-1.531072735786437988e+00,-9.864248037338256836e-01,-1.548044204711914062e+00
-1.052769348025321960e-01,-9.665848016738891602e-01,-1.479937434196472168e+00
-3.336169958114624023e+00,-4.826964735984802246e-01,-1.678298592567443848e+00
3.278415679931640625e+00,-4.806154370307922363e-01,-1.520081639289855957e+00
-3.357990026473999023e+00,-2.649083435535430908e-01,-1.675370097160339355e+00
3.275032997131347656e+00,-2.565996348857879639e-01,-1.527003645896911621e+00
-3.503057718276977539e+00,3.014414608478546143e-01,-1.552451372146606445e+00
-3.492751121520996094e+00,1.698464155197143555e-01,-1.482727766036987305e+00
-3.510689496994018555e+00,5.962724685668945312e-01,-1.452586650848388672e+00
-3.490403175354003906e+00,6.686691641807556152e-01,-1.565515518188476562e+00
-2.868673324584960938e+00,6.952786445617675781e-01,-1.479580640792846680e+00
-8.206909298896789551e-01,6.860305666923522949e-01,-1.688172578811645508e+00
-5.885891914367675781e-01,6.811741590499877930e-01,-1.738134264945983887e+00
-1.529296785593032837e-01,6.943789124488830566e-01,-1.433146357536315918e+00
3.869813978672027588e-01,6.063833832740783691e-01,-1.512247562408447266e+00
1.723149418830871582e+00,6.835423707962036133e-01,-1.741081237792968750e+00
2.572000026702880859e+00,6.997600197792053223e-01,-1.438799977302551270e+00
2.998599529266357422e+00,6.901203989982604980e-01,-1.465865373611450195e+00
3.364342451095581055e+00,6.898212432861328125e-01,-1.494531989097595215e+00
-3.436325788497924805e+00,7.827177047729492188e-01,-1.590483307838439941e+00
-2.864358663558959961e+00,7.148532867431640625e-01,-1.430079102516174316e+00
-2.608289003372192383e+00,7.891799807548522949e-01,-1.480745077133178711e+00
-2.322709798812866211e+00,8.097987771034240723e-01,-1.500063300132751465e+00
-2.007388114929199219e+00,8.056434392929077148e-01,-1.633588552474975586e+00
-1.632627725601196289e+00,7.425484061241149902e-01,-1.576766371726989746e+00
-1.225880622863769531e+00,7.320532798767089844e-01,-1.556072950363159180e+00
-8.055364489555358887e-01,7.196785807609558105e-01,-1.520936489105224609e+00
-5.014436244964599609e-01,7.102473378181457520e-01,-1.530245780944824219e+00
-2.980599999427795410e-01,7.092571258544921875e-01,-1.626282453536987305e+00
2.644171714782714844e-01,7.618471980094909668e-01,-1.611016988754272461e+00
4.398257136344909668e-01,7.379690408706665039e-01,-1.414349675178527832e+00
8.675037026405334473e-01,7.480449080467224121e-01,-1.641376972198486328e+00
1.174001455307006836e+00,7.843534946441650391e-01,-1.530784487724304199e+00
1.990637063980102539e+00,7.789781093597412109e-01,-1.713588714599609375e+00
2.612999916076660156e+00,7.990549802780151367e-01,-1.411800026893615723e+00
2.388627529144287109e+00,-1.082913041114807129e+00,-1.299443602561950684e+00
2.559239625930786133e+00,-1.145278573036193848e+00,-1.191396951675415039e+00
-3.203000068664550781e+00,-9.549199938774108887e-01,-1.230800032615661621e+00
-2.981104850769042969e+00,-9.333710670471191406e-01,-1.228865265846252441e+00
-2.644148588180541992e+00,-9.135752320289611816e-01,-1.248909950256347656e+00
-1.874876976013183594e+00,-9.635911583900451660e-01,-1.247991085052490234e+00
-1.503781199455261230e+00,-9.285570979118347168e-01,-1.322289466857910156e+00
-1.376000046730041504e+00,-1.018820047378540039e+00,-1.321799993515014648e+00
-5.431182980537414551e-01,-9.167889952659606934e-01,-1.246483206748962402e+00
9.600000083446502686e-02,-9.106199741363525391e-01,-1.271800041198730469e+00
4.950000047683715820e-01,-9.219200015068054199e-01,-1.226799964904785156e+00
1.009524345397949219e+00,-9.544938206672668457e-01,-1.344719886779785156e+00
1.216187477111816406e+00,-9.699943065643310547e-01,-1.205558538436889648e+00
1.511000037193298340e+00,-9.747200012207031250e-01,-1.203799962997436523e+00
3.126595735549926758e+00,-8.393833041191101074e-01,-1.105716228485107422e+00
3.290174007415771484e+00,-7.691703438758850098e-01,-1.082540035247802734e+00
-3.402345418930053711e+00,-4.196377992630004883e-01,-1.232791900634765625e+00
3.223997116088867188e+00,-1.250551193952560425e-01,-1.352555394172668457e+00
-3.535170316696166992e+00,3.292956948280334473e-01,-1.137288331985473633e+00
3.250284910202026367e+00,2.510429918766021729e-01,-1.243493676185607910e+00
-3.506312131881713867e+00,3.602859973907470703e-01,-1.200829505920410156e+00
-3.480702161788940430e+00,4.993214905261993408e-01,-1.055743336677551270e+00
-1.667724370956420898e+00,6.838022470474243164e-01,-1.265083193778991699e+00
-1.293174505233764648e+00,6.991550922393798828e-01,-1.395771861076354980e+00
-3.604080080986022949e-01,6.968829035758972168e-01,-1.200507164001464844e+00
-2.998575270175933838e-01,6.724628806114196777e-01,-1.256606578826904297e+00
2.603848218917846680e+00,6.447054147720336914e-01,-1.270081996917724609e+00
2.869733095169067383e+00,6.557614803314208984e-01,-1.050317764282226562e+00
3.238339424133300781e+00,6.283813714981079102e-01,-1.123571515083312988e+00
-3.385513067245483398e+00,7.501553893089294434e-01,-1.205558776855468750e+00
-3.126064300537109375e+00,7.391937375068664551e-01,-1.241804361343383789e+00
-2.616091728210449219e+00,7.559540271759033203e-01,-1.264865159988403320e+00
-2.160085678100585938e+00,7.356082201004028320e-01,-1.241143107414245605e+00
-2.029261350631713867e+00,7.270854115486145020e-01,-1.259175777435302734e+00
-1.588614463806152344e+00,7.193367481231689453e-01,-1.180902361869812012e+00
-9.637832641601562500e-01,7.353577613830566406e-01,-1.195923089981079102e+00
-5.861885547637939453e-01,7.402455210685729980e-01,-1.257737159729003906e+00
-6.517723668366670609e-03,7.896448373794555664e-01,-1.204485535621643066e+00
4.739644527435302734e-01,7.286622524261474609e-01,-1.351997971534729004e+00
7.036595940589904785e-01,7.194608449935913086e-01,-1.102011561393737793e+00
1.363635063171386719e+00,8.073755502700805664e-01,-1.333815455436706543e+00
2.263571739196777344e+00,7.036455273628234863e-01,-1.074392199516296387e+00
-2.535058736801147461e+00,-9.235291481018066406e-01,-8.094037175178527832e-01
-1.171935319900512695e+00,-9.877272248268127441e-01,-7.569869160652160645e-01
-4.866154789924621582e-01,-9.638246297836303711e-01,-8.333969116210937500e-01
4.273761510848999023e-01,-9.715868830680847168e-01,-7.074549198150634766e-01
1.297697544097900391e+00,-9.135401844978332520e-01,-8.340695500373840332e-01
2.261251449584960938e+00,-9.754776358604431152e-01,-9.902837872505187988e-01
2.661980628967285156e+00,-9.903149008750915527e-01,-8.041046261787414551e-01
3.012868881225585938e+00,-8.567962646484375000e-01,-8.428547382354736328e-01
3.192506790161132812e+00,-7.530515193939208984e-01,-9.081217050552368164e-01
3.185773134231567383e+00,-4.015373289585113525e-01,-7.684486508369445801e-01
-3.403341531753540039e+00,-2.040390372276306152e-01,-8.689612150192260742e-01
3.187468290328979492e+00,-2.868683040142059326e-01,-7.488892674446105957e-01
3.167590618133544922e+00,8.529902249574661255e-02,-8.188894391059875488e-01
-3.521581411361694336e+00,3.677581846714019775e-01,-8.027170896530151367e-01
-3.468539953231811523e+00,4.491878151893615723e-01,-8.609367609024047852e-01
-2.312636613845825195e+00,6.716422438621520996e-01,-1.022729158401489258e+00
-2.037310123443603516e+00,6.759441494941711426e-01,-9.912141561508178711e-01
-1.235000014305114746e+00,6.113700270652770996e-01,-8.718000054359436035e-01
-4.490063190460205078e-01,6.909751296043395996e-01,-9.911673665046691895e-01
8.489999771118164062e-01,6.446599960327148438e-01,-1.030799984931945801e+00
2.258406162261962891e+00,6.814896464347839355e-01,-8.338631391525268555e-01
2.979884386062622070e+00,6.476045250892639160e-01,-8.960914611816406250e-01
3.332304000854492188e+00,5.889163017272949219e-01,-8.205488920211791992e-01
-2.523719549179077148e+00,7.816421389579772949e-01,-7.863599061965942383e-01
-1.776274323463439941e+00,8.299874067306518555e-01,-7.481324076652526855e-01
-1.208348989486694336e+00,8.156816363334655762e-01,-9.930009841918945312e-01
-7.632096409797668457e-01,7.464569807052612305e-01,-1.007950544357299805e+00
-6.863539218902587891e-01,7.210578918457031250e-01,-7.043678164482116699e-01
-1.372649222612380981e-01,7.733507752418518066e-01,-1.005441427230834961e+00
3.424693644046783447e-01,7.596987485885620117e-01,-1.025329589843750000e+00
3.955471217632293701e-01,7.431163787841796875e-01,-9.894469976425170898e-01
1.343040704727172852e+00,8.120114207267761230e-01,-1.028904318809509277e+00
1.627236127853393555e+00,7.811871767044067383e-01,-7.538329362869262695e-01
1.796540617942810059e+00,7.646756172180175781e-01,-9.122328758239746094e-01
2.389372587203979492e+00,7.289854884147644043e-01,-8.120805621147155762e-01
2.575836896896362305e+00,8.078600764274597168e-01,-8.285143971443176270e-01
2.529000043869018555e+00,-1.068220019340515137e+00,-5.228000283241271973e-01
2.983003377914428711e+00,-1.058251142501831055e+00,-5.615155100822448730e-01
3.332377433776855469e+00,-1.153473377227783203e+00,-5.954925417900085449e-01
-2.228448390960693359e+00,-8.967767357826232910e-01,-5.524390935897827148e-01
-1.599462628364562988e+00,-8.478617668151855469e-01,-5.018960833549499512e-01
-1.169518709182739258e+00,-8.760510683059692383e-01,-4.966280758380889893e-01
-8.412232398986816406e-01,-9.003860950469970703e-01,-5.067715644836425781e-01
-4.018613100051879883e-01,-1.005694389343261719e+00,-6.035336256027221680e-01
-1.990153193473815918e-01,-9.718260169029235840e-01,-5.124024748802185059e-01
8.024950027465820312e-01,-9.444574117660522461e-01,-6.248341798782348633e-01
1.629590749740600586e+00,-9.856619238853454590e-01,-6.842296123504638672e-01
2.222000122070312500e+00,-9.477699995040893555e-01,-4.277999997138977051e-01
3.055746078491210938e+00,-9.601306915283203125e-01,-6.523129940032958984e-01
3.183153629302978516e+00,-1.006001114845275879e+00,-5.461323261260986328e-01
3.388165950775146484e+00,-5.055727958679199219e-01,-4.886435568332672119e-01
-3.373229026794433594e+00,-2.776416540145874023e-01,-4.667857885360717773e-01
3.268887281417846680e+00,-4.991916939616203308e-02,-5.456047654151916504e-01
-3.491501808166503906e+00,3.264487981796264648e-01,-6.666837930679321289e-01
3.282536745071411133e+00,7.735434919595718384e-02,-5.267872214317321777e-01
-3.548501491546630859e+00,4.569123387336730957e-01,-5.140115022659301758e-01
-3.472517251968383789e+00,5.670047402381896973e-01,-5.455909371376037598e-01
4.979999959468841553e-01,6.110900044441223145e-01,-6.358000040054321289e-01
1.121497750282287598e+00,6.330795288085937500e-01,-4.375966489315032959e-01
1.993205070495605469e+00,6.718373894691467285e-01,-6.880980134010314941e-01
-2.961194515228271484e+00,8.039661645889282227e-01,-5.220472812652587891e-01
-1.983134150505065918e+00,7.760890722274780273e-01,-5.238783955574035645e-01
-1.519005060195922852e+00,7.549701929092407227e-01,-4.056619703769683838e-01
-8.006731271743774414e-01,7.521231770515441895e-01,-4.894199371337890625e-01
-6.292200088500976562e-01,7.428408265113830566e-01,-5.818729400634765625e-01
-1.940476745367050171e-01,7.582806944847106934e-01,-4.887332618236541748e-01
7.932798564434051514e-02,7.070366740226745605e-01,-5.398446321487426758e-01
4.914939403533935547e-01,7.174710035324096680e-01,-5.097749233245849609e-01
9.919999837875366211e-01,8.143470287322998047e-01,-4.287999868392944336e-01
1.227932095527648926e+00,7.467619776725769043e-01,-6.359892487525939941e-01
1.824420809745788574e+00,7.951939105987548828e-01,-4.211686849594116211e-01
2.364631175994873047e+00,7.532597780227661133e-01,-5.258109569549560547e-01
1.220000028610229492e+00,-1.112419962882995605e+00,-2.180000022053718567e-02
-2.477573871612548828e+00,-8.572477102279663086e-01,-1.829972565174102783e-01
-2.246990919113159180e+00,-9.004539251327514648e-01,-1.557303369045257568e-01
-1.281000018119812012e+00,-1.018120050430297852e+00,-1.979999989271163940e-02
-8.217034339904785156e-01,-8.962695598602294922e-01,-2.514486908912658691e-01
-6.229907870292663574e-01,-9.415109753608703613e-01,-1.745041012763977051e-01
-1.700000017881393433e-01,-9.846199750900268555e-01,-1.177999973297119141e-01
4.758345782756805420e-01,-9.471693634986877441e-01,-2.024940103292465210e-01
8.533173799514770508e-01,-9.772126674652099609e-01,-1.573722362518310547e-01
1.664356350898742676e+00,-8.996512889862060547e-01,-2.459292709827423096e-01
1.870830535888671875e+00,-9.355892539024353027e-01,-2.380045354366302490e-01
2.256500005722045898e+00,-9.633200168609619141e-01,-3.880000114440917969e-02
2.919150590896606445e+00,-9.863280057907104492e-01,-2.350012660026550293e-01
3.313776016235351562e+00,-8.812795281410217285e-01,-1.771311163902282715e-01
3.317745923995971680e+00,-3.730565309524536133e-01,-2.486301362514495850e-01
-3.450309753417968750e+00,-1.292166262865066528e-01,-1.681219637393951416e-01
3.328881263732910156e+00,-1.775445044040679932e-01,-4.683813452720642090e-02
-3.456928968429565430e+00,2.163565307855606079e-01,-2.377947978675365448e-02
3.314390659332275391e+00,2.324156276881694794e-02,-4.215602576732635498e-02
-4.773104190826416016e-01,6.597954034805297852e-01,-3.631196171045303345e-02
-1.538778394460678101e-01,6.512504220008850098e-01,-3.475687280297279358e-02
4.983303695917129517e-02,6.578426957130432129e-01,-3.999552503228187561e-02
9.868999123573303223e-01,6.828324198722839355e-01,-1.195609867572784424e-01
2.007858991622924805e+00,6.645182967185974121e-01,-1.775765866041183472e-01
2.257003307342529297e+00,6.642047762870788574e-01,-1.973219215869903564e-01
3.408281087875366211e+00,4.462145268917083740e-01,-3.204053342342376709e-01
-2.942730903625488281e+00,8.098638653755187988e-01,-2.154666930437088013e-01
-2.548560142517089844e+00,8.153146505355834961e-01,-1.205074489116668701e-01
-2.293390750885009766e+00,8.465695381164550781e-01,-2.840828597545623779e-01
-1.929657459259033203e+00,7.618401646614074707e-01,-2.750909328460693359e-01
-1.243891119956970215e+00,8.422849178314208984e-01,-3.127186298370361328e-01
-8.939715623855590820e-01,7.402736544609069824e-01,-6.656389683485031128e-02
-6.146045923233032227e-01,7.539274096488952637e-01,-3.311983346939086914e-01
-3.490491583943367004e-02,7.134693264961242676e-01,-2.447975873947143555e-01
5.019956231117248535e-01,7.056114673614501953e-01,-1.879370398819446564e-02
1.889520406723022461e+00,7.994082570075988770e-01,-1.592419445514678955e-01
2.354802131652832031e+00,7.151459455490112305e-01,-4.457492381334304810e-03
2.475300073623657227e+00,7.866987586021423340e-01,-4.575900733470916748e-02
3.368212223052978516e+00,7.642818093299865723e-01,-1.237228885293006897e-01
-3.354000091552734375e+00,-9.210199713706970215e-01,2.971999943256378174e-01
-1.856008052825927734e+00,-8.382522463798522949e-01,3.423858880996704102e-01
-1.202939987182617188e+00,-8.682740330696105957e-01,1.685182005167007446e-01
-8.326508998870849609e-01,-8.449478149414062500e-01,1.927532106637954712e-01
-6.064116358757019043e-01,-9.106482863426208496e-01,3.388156890869140625e-01
1.369999945163726807e-01,-9.464200139045715332e-01,3.282000124454498291e-01
6.115724444389343262e-01,-7.924177646636962891e-01,2.556529045104980469e-01
1.000550031661987305e+00,-8.548308014869689941e-01,2.078065276145935059e-01
1.262677788734436035e+00,-9.101569652557373047e-01,1.405543982982635498e-01
1.432122111320495605e+00,-9.776560664176940918e-01,2.631373107433319092e-01
1.904000043869018555e+00,-8.800200223922729492e-01,5.620000138878822327e-02
2.777780771255493164e+00,-9.779435992240905762e-01,2.602267265319824219e-01
3.006704330444335938e+00,-9.631417989730834961e-01,9.003914892673492432e-03
-3.386338949203491211e+00,-5.684531927108764648e-01,3.215585052967071533e-01
-3.375999927520751953e+00,-3.478200137615203857e-01,3.361999988555908203e-01
3.354000091552734375e+00,-1.042200028896331787e-01,1.441999971866607666e-01
-3.572746992111206055e+00,3.908906280994415283e-01,2.427632808685302734e-01
-3.459348201751708984e+00,3.619873225688934326e-01,4.216632992029190063e-02
-9.392920732498168945e-01,6.452507376670837402e-01,2.890399694442749023e-01
-3.947552740573883057e-01,6.177620887756347656e-01,4.169740155339241028e-02
-8.497745543718338013e-02,5.629205107688903809e-01,2.882139682769775391e-01
1.273378849029541016e+00,6.784405708312988281e-01,2.205508500337600708e-01
2.188796520233154297e+00,6.645563244819641113e-01,8.709116280078887939e-02
-3.380912303924560547e+00,7.530097961425781250e-01,4.019982740283012390e-02
-2.617191314697265625e+00,8.504520058631896973e-01,1.564017981290817261e-01
-1.608835697174072266e+00,7.733276486396789551e-01,2.701909542083740234e-01
-1.363534092903137207e+00,8.108164072036743164e-01,1.510698795318603516e-01
-1.042472720146179199e+00,7.899870872497558594e-01,2.923813164234161377e-01
9.156398773193359375e-01,7.760410308837890625e-01,1.861553341150283813e-01
1.225000023841857910e+00,7.539029717445373535e-01,5.920000001788139343e-02
2.357046127319335938e+00,7.160374522209167480e-01,3.918001055717468262e-02
2.645299673080444336e+00,7.431996464729309082e-01,2.154315412044525146e-01
2.916967153549194336e+00,7.397716641426086426e-01,2.783475518226623535e-01
3.265383720397949219e+00,7.337683439254760742e-01,6.544172763824462891e-02
3.226000070571899414e+00,-1.111420035362243652e+00,4.422000050544738770e-01
-3.377088546752929688e+00,-7.804246544837951660e-01,5.051991343498229980e-01
-2.108044147491455078e+00,-8.809067606925964355e-01,4.055542349815368652e-01
-2.006410360336303711e+00,-8.440306186676025391e-01,3.848648965358734131e-01
-1.711060404777526855e+00,-7.347343564033508301e-01,5.030059814453125000e-01
-5.589125752449035645e-01,-8.709626793861389160e-01,5.034785866737365723e-01
-1.422251760959625244e-01,-8.952969908714294434e-01,5.023754835128784180e-01
6.814187169075012207e-01,-9.743388891220092773e-01,4.031867384910583496e-01
8.763366937637329102e-01,-9.890958070755004883e-01,5.589420199394226074e-01
1.353281497955322266e+00,-9.159882664680480957e-01,4.789609014987945557e-01
2.684671640396118164e+00,-9.993739128112792969e-01,6.306239962577819824e-01
2.988394498825073242e+00,-1.034545660018920898e+00,4.756946861743927002e-01
3.270350933074951172e+00,-8.704590797424316406e-01,5.480886697769165039e-01
3.354530811309814453e+00,-4.874491095542907715e-01,5.661327838897705078e-01
3.313999891281127930e+00,-3.954000025987625122e-02,6.672000288963317871e-01
-1.185340762138366699e+00,5.601077675819396973e-01,6.294542551040649414e-01
-4.099999964237213135e-01,6.005300283432006836e-01,4.921999871730804443e-01
-9.159962087869644165e-02,5.895786285400390625e-01,4.900898933410644531e-01
2.155232429504394531e-01,5.563200712203979492e-01,4.004418551921844482e-01
5.804719328880310059e-01,6.373102664947509766e-01,5.649941563606262207e-01
1.264872789382934570e+00,6.833290457725524902e-01,6.648184657096862793e-01
1.531774401664733887e+00,6.406341195106506348e-01,5.889421105384826660e-01
2.231939077377319336e+00,6.802619099617004395e-01,4.831901490688323975e-01
2.490215539932250977e+00,6.870832443237304688e-01,6.364072561264038086e-01
3.407221794128417969e+00,5.178332328796386719e-01,5.309541225433349609e-01
-3.453667163848876953e+00,8.514825105667114258e-01,4.640327692031860352e-01
-2.823891639709472656e+00,8.469581007957458496e-01,3.964599072933197021e-01
-2.582853794097900391e+00,8.473798632621765137e-01,6.732040643692016602e-01
-1.670202493667602539e+00,7.731558084487915039e-01,4.278076291084289551e-01
-1.246511101722717285e+00,8.148005604743957520e-01,3.633620440959930420e-01
1.099115848541259766e+00,7.068459391593933105e-01,6.283904910087585449e-01
2.713257551193237305e+00,7.438480257987976074e-01,4.680103659629821777e-01
2.876247882843017578e+00,7.359730005264282227e-01,5.352464914321899414e-01
3.558000087738037109e+00,7.454550266265869141e-01,6.502000093460083008e-01
-2.687000036239624023e+00,-8.906199932098388672e-01,7.021999955177307129e-01
-2.255638122558593750e+00,-8.560667634010314941e-01,7.248500585556030273e-01
-5.430007576942443848e-01,-8.858723044395446777e-01,8.545434474945068359e-01
5.479897260665893555e-01,-9.353732466697692871e-01,7.491845488548278809e-01
8.147248625755310059e-01,-9.385918378829956055e-01,1.001761317253112793e+00
1.253613471984863281e+00,-9.347477555274963379e-01,7.372203469276428223e-01
1.557048559188842773e+00,-9.756588339805603027e-01,8.796869516372680664e-01
2.011053562164306641e+00,-9.580948352813720703e-01,9.024248719215393066e-01
3.263000011444091797e+00,-8.116199970245361328e-01,1.038200020790100098e+00
3.310980319976806641e+00,-6.432722806930541992e-01,9.004812240600585938e-01
-3.336312770843505859e+00,-1.879577189683914185e-01,8.682736158370971680e-01
-3.351888656616210938e+00,1.801180094480514526e-01,7.895765304565429688e-01
-3.341365098953247070e+00,5.072227716445922852e-01,9.417618513107299805e-01
-2.829318523406982422e+00,6.720447540283203125e-01,8.493553996086120605e-01
-1.430563688278198242e+00,6.272083520889282227e-01,8.666481375694274902e-01
-1.228337407112121582e+00,5.698326230049133301e-01,7.615439891815185547e-01
-4.996002018451690674e-01,6.970406770706176758e-01,7.294949889183044434e-01
-1.523500531911849976e-01,6.398975253105163574e-01,9.382510781288146973e-01
2.031666785478591919e-01,6.369106173515319824e-01,7.660694122314453125e-01
1.313561320304870605e+00,6.988250613212585449e-01,7.945559024810791016e-01
1.585960745811462402e+00,6.733150482177734375e-01,7.467074394226074219e-01
1.789628863334655762e+00,6.665626764297485352e-01,7.743579149246215820e-01
-3.499820709228515625e+00,7.413746714591979980e-01,7.650192975997924805e-01
-2.562263011932373047e+00,8.617843985557556152e-01,8.650563955307006836e-01
-2.270293474197387695e+00,8.301662802696228027e-01,7.503635883331298828e-01
1.467783898115158081e-01,7.851337790489196777e-01,9.995441436767578125e-01
9.154632091522216797e-01,7.506536245346069336e-01,7.498350143432617188e-01
1.645289182662963867e+00,7.070932984352111816e-01,9.529906511306762695e-01
1.933603763580322266e+00,7.186869382858276367e-01,9.268097877502441406e-01
2.247251510620117188e+00,7.209258079528808594e-01,8.439264297485351562e-01
2.454408407211303711e+00,7.605109214782714844e-01,9.450164437294006348e-01
2.992103576660156250e+00,7.199101448059082031e-01,9.165682196617126465e-01
-3.196000099182128906e+00,-7.411199808120727539e-01,1.343199968338012695e+00
-2.148999929428100586e+00,-7.457200288772583008e-01,1.061200022697448730e+00
-7.912528514862060547e-01,-8.421208858489990234e-01,1.110229730606079102e+00
-4.964869916439056396e-01,-9.007788300514221191e-01,1.138068914413452148e+00
-1.651488058269023895e-02,-8.036314845085144043e-01,1.360472202301025391e+00
1.330000013113021851e-01,-8.694199919700622559e-01,1.317199945449829102e+00
4.900000095367431641e-01,-9.154199957847595215e-01,1.274199962615966797e+00
8.398728370666503906e-01,-9.403266906738281250e-01,1.276611804962158203e+00
1.254582166671752930e+00,-9.831500649452209473e-01,1.262682676315307617e+00
2.019999980926513672e+00,-1.027719974517822266e+00,1.363199949264526367e+00
3.006630897521972656e+00,-1.013391137123107910e+00,1.205170631408691406e+00
-3.353259563446044922e+00,2.008607983589172363e-01,1.179885864257812500e+00
3.334002494812011719e+00,1.009824424982070923e-01,1.251585721969604492e+00
-3.426911592483520508e+00,6.680950522422790527e-01,1.268384218215942383e+00
-2.862689495086669922e+00,6.449620723724365234e-01,1.105253100395202637e+00
-1.853405833244323730e+00,6.646741628646850586e-01,1.174215078353881836e+00
-1.612241506576538086e+00,5.910931825637817383e-01,1.250987052917480469e+00
-8.032905459403991699e-01,5.403650403022766113e-01,1.153772115707397461e+00
-5.197107195854187012e-01,6.597874164581298828e-01,1.073844671249389648e+00
1.234067380428314209e-01,6.583500504493713379e-01,1.360447168350219727e+00
1.231082320213317871e+00,6.848914027214050293e-01,1.247156977653503418e+00
1.476044416427612305e+00,6.910849809646606445e-01,1.252511143684387207e+00
3.307155132293701172e+00,6.727569103240966797e-01,1.354286313056945801e+00
-3.370318412780761719e+00,9.503911733627319336e-01,1.342641472816467285e+00
-2.549065589904785156e+00,9.167568683624267578e-01,1.257521271705627441e+00
-2.392250061035156250e+00,8.797140121459960938e-01,1.184808850288391113e+00
-1.993407845497131348e+00,8.174193501472473145e-01,1.292415142059326172e+00
-1.665967464447021484e+00,7.211339473724365234e-01,1.107422590255737305e+00
-1.007477760314941406e+00,8.564457893371582031e-01,1.394575119018554688e+00
-5.426163077354431152e-01,7.310148477554321289e-01,1.324782371520996094e+00
-2.404671907424926758e-02,7.437592744827270508e-01,1.115117192268371582e+00
2.625916004180908203e-01,7.491475343704223633e-01,1.261002063751220703e+00
4.992484152317047119e-01,7.285906076431274414e-01,1.281008243560791016e+00
9.047815203666687012e-01,7.344862818717956543e-01,1.101716518402099609e+00
1.700592756271362305e+00,7.165017724037170410e-01,1.187585234642028809e+00
2.001155376434326172e+00,7.360966205596923828e-01,1.249861001968383789e+00
2.237871170043945312e+00,7.574973702430725098e-01,1.255438446998596191e+00
2.630407571792602539e+00,7.398878931999206543e-01,1.180983543395996094e+00
2.917713642120361328e+00,7.119503021240234375e-01,1.143825531005859375e+00
-1.400221824645996094e+00,-1.086422681808471680e+00,1.672922730445861816e+00
1.196830272674560547e+00,-1.090926527976989746e+00,1.474335908889770508e+00
3.025000095367431641e+00,-1.089619994163513184e+00,1.463199973106384277e+00
-3.585999965667724609e+00,-9.645199775695800781e-01,1.454200029373168945e+00
-3.282021284103393555e+00,-8.813841938972473145e-01,1.514462471008300781e+00
-1.721167117357254028e-01,-8.384604454040527344e-01,1.485133171081542969e+00
6.079999804496765137e-01,-9.575200080871582031e-01,1.564200043678283691e+00
2.244280099868774414e+00,-9.664504528045654297e-01,1.558354616165161133e+00
3.259999990463256836e+00,-8.656200170516967773e-01,1.440199971199035645e+00
3.376648902893066406e+00,-1.743938177824020386e-01,1.523239135742187500e+00
3.246230602264404297e+00,2.025018781423568726e-01,1.474837303161621094e+00
-3.395610809326171875e+00,4.877851307392120361e-01,1.578939318656921387e+00
-1.156942129135131836e+00,6.530068516731262207e-01,1.688615798950195312e+00
-3.911596834659576416e-01,6.924698352813720703e-01,1.440976977348327637e+00
-1.953848451375961304e-01,6.412476897239685059e-01,1.558667063713073730e+00
2.135775238275527954e-01,6.523457765579223633e-01,1.443990945816040039e+00
5.023416280746459961e-01,6.262207627296447754e-01,1.583598732948303223e+00
7.991783022880554199e-01,6.157204508781433105e-01,1.607353925704956055e+00
1.298767447471618652e+00,6.755052804946899414e-01,1.599458575248718262e+00
1.446896553039550781e+00,6.835373044013977051e-01,1.667874336242675781e+00
-2.707444190979003906e+00,9.247276782989501953e-01,1.589210033416748047e+00
-2.300707578659057617e+00,8.618440032005310059e-01,1.590962529182434082e+00
-2.038976192474365234e+00,9.168837070465087891e-01,1.552953600883483887e+00
-1.376447558403015137e+00,8.695781826972961426e-01,1.691921472549438477e+00
-9.957677125930786133e-01,7.213754057884216309e-01,1.532410383224487305e+00
-5.358396768569946289e-01,7.712158560752868652e-01,1.548886060714721680e+00
1.629773378372192383e+00,7.643345594406127930e-01,1.652068376541137695e+00
1.932330012321472168e+00,7.143479585647583008e-01,1.431024789810180664e+00
2.148100137710571289e+00,7.158917188644409180e-01,1.407421350479125977e+00
2.644207239151000977e+00,7.308254837989807129e-01,1.647193789482116699e+00
2.923134565353393555e+00,7.132242321968078613e-01,1.552963852882385254e+00
2.717182636260986328e+00,-1.109953641891479492e+00,1.830049753189086914e+00
-2.956274509429931641e+00,-8.587787747383117676e-01,1.811664223670959473e+00
-2.520999908447265625e+00,-9.370200037956237793e-01,2.017199993133544922e+00
-2.284482717514038086e+00,-8.844205737113952637e-01,1.929345726966857910e+00
-1.970000028610229492e+00,-7.666199803352355957e-01,2.030200004577636719e+00
-1.694872975349426270e+00,-8.897329568862915039e-01,1.897995233535766602e+00
-1.189496040344238281e+00,-9.853808283805847168e-01,2.033854722976684570e+00
-1.939173042774200439e-01,-8.392739892005920410e-01,1.904873847961425781e+00
1.207158803939819336e+00,-9.909597039222717285e-01,1.878659725189208984e+00
2.007381200790405273e+00,-9.966284632682800293e-01,1.900635957717895508e+00
2.982396364212036133e+00,-1.007878780364990234e+00,1.844559073448181152e+00
3.322999954223632812e+00,-7.619199752807617188e-01,1.763200044631958008e+00
3.403727531433105469e+00,2.437520325183868408e-01,1.907007336616516113e+00
-3.228378772735595703e+00,3.577261269092559814e-01,2.053800821304321289e+00
-1.316736578941345215e+00,6.667527556419372559e-01,1.796896934509277344e+00
-1.375693380832672119e-01,6.580194234848022461e-01,1.796643018722534180e+00
3.090545237064361572e-01,6.672901511192321777e-01,1.867316246032714844e+00
3.714688420295715332e-01,6.659166216850280762e-01,1.864417076110839844e+00
1.430596351623535156e+00,6.740345954895019531e-01,1.853434801101684570e+00
2.873642206192016602e+00,6.928270459175109863e-01,1.831514358520507812e+00
3.395156860351562500e+00,6.744391322135925293e-01,2.088054895401000977e+00
-3.288944721221923828e+00,7.720779776573181152e-01,1.808117151260375977e+00
-2.717999935150146484e+00,1.005779981613159180e+00,2.084199905395507812e+00
-2.395120143890380859e+00,7.224902510643005371e-01,2.037184476852416992e+00
-1.787999987602233887e+00,8.839020133018493652e-01,1.939200043678283691e+00
-1.045606136322021484e+00,7.189076542854309082e-01,1.797217607498168945e+00
-6.068065762519836426e-01,7.716446518898010254e-01,1.833510518074035645e+00
1.373192518949508667e-01,7.312529683113098145e-01,1.901203155517578125e+00
1.018215656280517578e+00,7.731667757034301758e-01,1.758681774139404297e+00
1.963386893272399902e+00,7.833037972450256348e-01,2.047869443893432617e+00
2.363936424255371094e+00,7.218243479728698730e-01,1.822298169136047363e+00
3.070884227752685547e+00,7.833313941955566406e-01,1.975233554840087891e+00
-3.529000043869018555e+00,-1.103320002555847168e+00,2.260200023651123047e+00
1.975208163261413574e+00,-1.079927921295166016e+00,2.202296972274780273e+00
2.919921875000000000e+00,-1.065194129943847656e+00,2.278262853622436523e+00
-3.581000089645385742e+00,-9.980199337005615234e-01,2.301700115203857422e+00
-3.322000026702880859e+00,-7.918199896812438965e-01,2.205199956893920898e+00
-2.831000089645385742e+00,-8.656200170516967773e-01,2.351200103759765625e+00
-2.403000116348266602e+00,-7.648199796676635742e-01,2.198199987411499023e+00
-2.072999954223632812e+00,-9.135199785232543945e-01,2.140199899673461914e+00
-5.653446912765502930e-02,-9.009452462196350098e-01,2.264915227890014648e+00
4.255105257034301758e-01,-8.039504289627075195e-01,2.235992908477783203e+00
1.144106626510620117e+00,-8.958269357681274414e-01,2.273682594299316406e+00
2.437352418899536133e+00,-9.812732934951782227e-01,2.156018972396850586e+00
2.557811498641967773e+00,-9.905601143836975098e-01,2.224413633346557617e+00
3.424426078796386719e+00,-5.796484351158142090e-01,2.278779506683349609e+00
3.450015306472778320e+00,-3.123727142810821533e-01,2.395937681198120117e+00
3.356919050216674805e+00,3.391867578029632568e-01,2.270213365554809570e+00
-3.279508829116821289e+00,4.242768287658691406e-01,2.294371366500854492e+00
-6.990000009536743164e-01,6.339300274848937988e-01,2.118200063705444336e+00
9.469962716102600098e-01,5.468032956123352051e-01,2.343024730682373047e+00
1.070999979972839355e+00,6.329200267791748047e-01,2.449199914932250977e+00
2.058895349502563477e+00,6.523257493972778320e-01,2.445486068725585938e+00
-3.232000112533569336e+00,9.646099805831909180e-01,2.160200119018554688e+00
-2.646201133728027344e+00,1.022062540054321289e+00,2.287849664688110352e+00
-2.280210733413696289e+00,8.147635459899902344e-01,2.317164182662963867e+00
-1.911349892616271973e+00,8.183522224426269531e-01,2.288269758224487305e+00
-1.164318203926086426e+00,7.531052231788635254e-01,2.332671880722045898e+00
-8.210231065750122070e-01,7.918957471847534180e-01,2.344180822372436523e+00
-6.315329074859619141e-01,7.211071848869323730e-01,2.261486768722534180e+00
-2.159429341554641724e-01,9.510407447814941406e-01,2.303423166275024414e+00
3.610000014305114746e-01,9.936599731445312500e-01,2.291199922561645508e+00
8.324272632598876953e-01,9.562332034111022949e-01,2.390782117843627930e+00
2.291524648666381836e+00,9.331770539283752441e-01,2.298102617263793945e+00
3.096999883651733398e+00,9.732999801635742188e-01,2.243200063705444336e+00
3.332969665527343750e+00,8.683938980102539062e-01,2.157794475555419922e+00
3.700000047683715820e+00,8.904899954795837402e-01,2.291199922561645508e+00
-2.418999910354614258e+00,-1.134320020675659180e+00,2.772200107574462891e+00
-2.046844959259033203e+00,-1.078200340270996094e+00,2.791920661926269531e+00
1.087046861648559570e+00,-1.063298702239990234e+00,2.548908472061157227e+00
1.988999962806701660e+00,-1.130220055580139160e+00,2.489200115203857422e+00
2.323999881744384766e+00,-1.121320009231567383e+00,2.589200019836425781e+00
-3.569373369216918945e+00,-9.179934263229370117e-01,2.559065341949462891e+00
-2.378999948501586914e+00,-1.024119973182678223e+00,2.652199983596801758e+00
-1.572685718536376953e+00,-8.279100060462951660e-01,2.621478319168090820e+00
-1.293288230895996094e+00,-9.050473570823669434e-01,2.793479442596435547e+00
-7.680000066757202148e-01,-8.749200105667114258e-01,2.624200105667114258e+00
1.789047718048095703e-01,-9.948152303695678711e-01,2.501575946807861328e+00
3.539000034332275391e+00,-7.260199785232543945e-01,2.788199901580810547e+00
-3.527184486389160156e+00,-6.285733580589294434e-01,2.621524572372436523e+00
3.496000051498413086e+00,-3.603200018405914307e-01,2.797199964523315430e+00
3.537373781204223633e+00,-2.093027085065841675e-01,2.775443315505981445e+00
-3.365163803100585938e+00,5.614978671073913574e-01,2.646791696548461914e+00
-3.188999891281127930e+00,1.021000027656555176e+00,2.778199911117553711e+00
-2.479632139205932617e+00,9.314233064651489258e-01,2.603700399398803711e+00
-1.927462339401245117e+00,8.551717400550842285e-01,2.606702089309692383e+00
-1.721928596496582031e+00,1.000573396682739258e+00,2.519805431365966797e+00
-9.546795487403869629e-01,8.363302350044250488e-01,2.664261341094970703e+00
-5.955760478973388672e-01,9.931401014328002930e-01,2.589106798171997070e+00
2.870000004768371582e-01,9.444819688796997070e-01,2.724200010299682617e+00
8.140000104904174805e-01,1.010759949684143066e+00,2.537199974060058594e+00
1.236508846282958984e+00,7.712352871894836426e-01,2.635169506072998047e+00
1.574194312095642090e+00,9.090710878372192383e-01,2.587946414947509766e+00
2.473936080932617188e+00,8.008538484573364258e-01,2.577305316925048828e+00
2.942128658294677734e+00,9.572591781616210938e-01,2.691221475601196289e+00
-2.639905452728271484e+00,1.074281930923461914e+00,2.609753608703613281e+00
-1.870571851730346680e+00,1.051853656768798828e+00,2.770985841751098633e+00
-1.317241072654724121e+00,1.062918782234191895e+00,2.473258972167968750e+00
-2.667438387870788574e-01,1.071487426757812500e+00,2.556874990463256836e+00
-2.458983421325683594e+00,-1.085714101791381836e+00,2.908519506454467773e+00
-2.302999973297119141e+00,-1.152819991111755371e+00,2.922199964523315430e+00
-1.019999980926513672e+00,-1.125319957733154297e+00,2.871200084686279297e+00
3.314790248870849609e+00,-1.118243694305419922e+00,3.078486919403076172e+00
-2.805000066757202148e+00,-1.035820007324218750e+00,2.829200029373168945e+00
-1.821676373481750488e+00,-9.565993547439575195e-01,2.926289319992065430e+00
-1.708829760551452637e+00,-8.392435312271118164e-01,2.975079298019409180e+00
-4.773550033569335938e-01,-7.931023240089416504e-01,3.142505168914794922e+00
8.142752647399902344e-01,-9.651497602462768555e-01,2.889496326446533203e+00
2.185105562210083008e+00,-7.229533791542053223e-01,3.143981933593750000e+00
3.535254240036010742e+00,-7.604733705520629883e-01,2.860472202301025391e+00
-3.159615993499755859e+00,-4.060449600219726562e-01,3.058856964111328125e+00
1.568876385688781738e+00,-6.197244524955749512e-01,3.138521909713745117e+00
-2.508270740509033203e+00,-1.711331903934478760e-01,3.140840768814086914e+00
-1.179838299751281738e+00,-6.279206275939941406e-02,3.138477325439453125e+00
8.515095710754394531e-01,-2.544249296188354492e-01,3.147960662841796875e+00
2.155012369155883789e+00,-1.858460754156112671e-01,3.124939918518066406e+00
-4.112061858177185059e-01,2.924003899097442627e-01,3.120463609695434570e+00
3.628422915935516357e-01,2.807824015617370605e-01,3.144975662231445312e+00
1.022158622741699219e+00,3.214272558689117432e-01,3.120760917663574219e+00
1.557396888732910156e+00,2.361273467540740967e-01,3.113347291946411133e+00
2.321139812469482422e+00,1.031458154320716858e-01,3.124971628189086914e+00
2.542953491210937500e+00,9.396725147962570190e-02,3.103361845016479492e+00
2.901999950408935547e+00,8.519999682903289795e-02,3.104199886322021484e+00
-2.275027036666870117e+00,5.920696258544921875e-01,3.134762763977050781e+00
-1.557158946990966797e+00,6.672341823577880859e-01,3.119933128356933594e+00
-8.472095727920532227e-01,6.178205013275146484e-01,3.128523588180541992e+00
-6.834568977355957031e-01,4.168514609336853027e-01,3.089773416519165039e+00
-1.685553491115570068e-01,4.724503159523010254e-01,3.124794483184814453e+00
7.829790562391281128e-02,4.912972450256347656e-01,3.132481575012207031e+00
8.977710008621215820e-01,4.669472575187683105e-01,3.122087240219116211e+00
1.296879649162292480e+00,5.309867858886718750e-01,3.140703439712524414e+00
1.494436979293823242e+00,5.430972576141357422e-01,2.988469123840332031e+00
1.926025390625000000e+00,4.140833914279937744e-01,3.089215993881225586e+00
2.277645587921142578e+00,3.852981626987457275e-01,3.090482473373413086e+00
-3.170611143112182617e+00,9.942530989646911621e-01,3.021868705749511719e+00
-2.724554538726806641e+00,9.865536093711853027e-01,2.955783367156982422e+00
-2.265032529830932617e+00,7.361444234848022461e-01,2.833126544952392578e+00
-1.901820063591003418e+00,8.269500136375427246e-01,2.843989133834838867e+00
-1.637385725975036621e+00,8.960287570953369141e-01,3.004312515258789062e+00
-1.185964822769165039e+00,8.921020030975341797e-01,2.975007057189941406e+00
-7.671983838081359863e-01,7.514591813087463379e-01,3.082748889923095703e+00
-5.239707231521606445e-01,8.203780651092529297e-01,3.108015060424804688e+00
-1.471238583326339722e-01,7.607471346855163574e-01,3.115740299224853516e+00
1.658026874065399170e-01,7.582427859306335449e-01,3.068975448608398438e+00
4.146865904331207275e-01,7.587558627128601074e-01,3.142366409301757812e+00
8.273043632507324219e-01,9.312564730644226074e-01,2.891448497772216797e+00
1.704136371612548828e+00,7.633417248725891113e-01,2.816063642501831055e+00
1.944836497306823730e+00,7.324645519256591797e-01,3.115736484527587891e+00
-1.857128858566284180e+00,-1.068510651588439941e+00,3.156713724136352539e+00
-1.080839514732360840e+00,-1.054701328277587891e+00,3.166996955871582031e+00
-5.301288962364196777e-01,-1.154824733734130859e+00,3.247791767120361328e+00
-2.830344736576080322e-01,-1.156979084014892578e+00,3.183943271636962891e+00
2.707442343235015869e-01,-1.064962863922119141e+00,3.156072616577148438e+00
1.025580167770385742e+00,-1.058847188949584961e+00,3.159291744232177734e+00
1.682489752769470215e+00,-1.137909650802612305e+00,3.256140470504760742e+00
2.096155405044555664e+00,-1.129077076911926270e+00,3.216362476348876953e+00
-3.048251152038574219e+00,-8.658035397529602051e-01,3.252915620803833008e+00
-2.564430236816406250e+00,-8.862843513488769531e-01,3.280755996704101562e+00
-1.950602412223815918e+00,-8.839566111564636230e-01,3.259057760238647461e+00
-1.107920885086059570e+00,-7.898678779602050781e-01,3.191252231597900391e+00
-8.175213336944580078e-01,-8.118067979812622070e-01,3.190043926239013672e+00
-5.628116130828857422e-01,-8.797684907913208008e-01,3.185322999954223633e+00
-7.571235299110412598e-02,-8.842245936393737793e-01,3.176410436630249023e+00
2.292754352092742920e-01,-8.898544907569885254e-01,3.210615158081054688e+00
4.960731565952301025e-01,-7.744381427764892578e-01,3.190476655960083008e+00
1.163109540939331055e+00,-9.383504390716552734e-01,3.174630641937255859e+00
1.540823698043823242e+00,-7.072179913520812988e-01,3.186201333999633789e+00
2.420000076293945312e+00,-1.029919981956481934e+00,3.241199970245361328e+00
2.465367794036865234e+00,-7.046323418617248535e-01,3.261055707931518555e+00
3.035501480102539062e+00,-7.006362080574035645e-01,3.151997804641723633e+00
3.371260643005371094e+00,-9.460871815681457520e-01,3.198115825653076172e+00
3.536999940872192383e+00,-8.584200143814086914e-01,3.289200067520141602e+00
-3.202863216400146484e+00,-6.744288802146911621e-01,3.246726989746093750e+00
-3.062262058258056641e+00,-6.285887360572814941e-01,3.331655740737915039e+00
-2.525429725646972656e+00,-6.339449882507324219e-01,3.335087776184082031e+00
-2.128540992736816406e+00,-5.683786869049072266e-01,3.210296630859375000e+00
-1.909321784973144531e+00,-6.195804476737976074e-01,3.213706731796264648e+00
-1.622325658798217773e+00,-5.400704145431518555e-01,3.179411172866821289e+00
-1.312194347381591797e+00,-6.008780598640441895e-01,3.175008773803710938e+00
-8.145337700843811035e-01,-6.155386567115783691e-01,3.182624816894531250e+00
-6.148890852928161621e-01,-5.396248102188110352e-01,3.182625532150268555e+00
-2.910872995853424072e-01,-5.296095013618469238e-01,3.180360794067382812e+00
2.372014671564102173e-01,-5.624859929084777832e-01,3.210614442825317383e+00
5.713130831718444824e-01,-6.394957304000854492e-01,3.181398868560791016e+00
1.031058192253112793e+00,-5.869505405426025391e-01,3.167922973632812500e+00
1.233521699905395508e+00,-3.913480639457702637e-01,3.162132263183593750e+00
1.467311739921569824e+00,-4.743966162204742432e-01,3.172583341598510742e+00
2.308447599411010742e+00,-5.501713752746582031e-01,3.207838535308837891e+00
3.484999895095825195e+00,-4.933199882507324219e-01,3.224200010299682617e+00
-3.037307977676391602e+00,-2.167704701423645020e-01,3.333779573440551758e+00
-2.209118604660034180e+00,-1.135491505265235901e-01,3.254306554794311523e+00
-1.921039223670959473e+00,-2.111918926239013672e-01,3.226508855819702148e+00
-1.532331824302673340e+00,-8.430418372154235840e-02,3.158713817596435547e+00
-1.389979362487792969e+00,-1.510438770055770874e-01,3.170630931854248047e+00
-8.110182285308837891e-01,-1.382840424776077271e-01,3.172594785690307617e+00
-4.656266570091247559e-01,-1.639153510332107544e-01,3.163628578186035156e+00
-1.522156596183776855e-01,-2.421685457229614258e-01,3.223005056381225586e+00
9.735240936279296875e-01,-1.726641654968261719e-01,3.162928342819213867e+00
1.192853689193725586e+00,-1.228950396180152893e-01,3.159430503845214844e+00
2.012167692184448242e+00,-3.284542560577392578e-01,3.213175058364868164e+00
2.747419595718383789e+00,-2.627025730907917023e-02,3.310060024261474609e+00
2.929954528808593750e+00,-2.547953128814697266e-01,3.232497453689575195e+00
-3.194999933242797852e+00,1.983799934387207031e-01,3.208199977874755859e+00
-3.044654130935668945e+00,1.774410605430603027e-01,3.328480720520019531e+00
-1.957533955574035645e+00,1.455724984407424927e-01,3.186960935592651367e+00
-1.493618011474609375e+00,1.483335644006729126e-01,3.164671897888183594e+00
-1.290552496910095215e+00,1.006849035620689392e-01,3.157550096511840820e+00
-9.850189685821533203e-01,3.319063186645507812e-01,3.152066946029663086e+00
-1.782731502316892147e-03,7.545950263738632202e-02,3.198547363281250000e+00
7.028644531965255737e-02,2.017782032489776611e-01,3.177256822586059570e+00
1.562348365783691406e+00,5.232558399438858032e-02,3.159899950027465820e+00
2.058443307876586914e+00,9.561301767826080322e-02,3.158469438552856445e+00
2.914999961853027344e+00,1.711999997496604919e-02,3.244199991226196289e+00
-3.298889398574829102e+00,5.775822997093200684e-01,3.216418743133544922e+00
-2.518035173416137695e+00,4.505963623523712158e-01,3.219325780868530273e+00
-2.241830825805664062e+00,4.483079016208648682e-01,3.183939933776855469e+00
-2.003211498260498047e+00,4.622253775596618652e-01,3.197908878326416016e+00
-1.721743226051330566e+00,4.336851835250854492e-01,3.203013896942138672e+00
-1.157784581184387207e+00,4.421022832393646240e-01,3.168055772781372070e+00
4.620685279369354248e-01,6.842417120933532715e-01,3.208135843276977539e+00
1.402900338172912598e+00,3.885655403137207031e-01,3.157881736755371094e+00
-2.879884719848632812e+00,7.587121725082397461e-01,3.276934146881103516e+00
