-2.463413715362548828e+00,-2.814476966857910156e+00,-1.760025739669799805e+00
-2.399898529052734375e+00,-2.880388259887695312e+00,-1.764379858970642090e+00
-1.892790079116821289e+00,-2.899898052215576172e+00,-1.855177879333496094e+00
-1.614228606224060059e+00,-2.938987970352172852e+00,-1.820595860481262207e+00
-1.281103134155273438e+00,-2.913607835769653320e+00,-1.830912113189697266e+00
-8.162677288055419922e-01,-2.975027561187744141e+00,-1.849184274673461914e+00
-5.522488951683044434e-01,-2.946161508560180664e+00,-1.864180922508239746e+00
-1.513328254222869873e-01,-3.031621932983398438e+00,-1.890946865081787109e+00
1.254000812768936157e-01,-2.893398523330688477e+00,-1.773773670196533203e+00
5.379623174667358398e-01,-2.908319234848022461e+00,-1.772134542465209961e+00
1.240526318550109863e+00,-2.899629354476928711e+00,-1.811666488647460938e+00
2.023000001907348633e+00,-2.824500083923339844e+00,-1.777799963951110840e+00
2.268642663955688477e+00,-2.804240703582763672e+00,-1.800451040267944336e+00
1.722352385520935059e+00,-2.786262512207031250e+00,-1.858785748481750488e+00
3.020586490631103516e+00,-2.242312669754028320e+00,-1.792880773544311523e+00
-3.019771814346313477e+00,-1.988831758499145508e+00,-1.844829320907592773e+00
3.006925106048583984e+00,-1.795654654502868652e+00,-1.847077727317810059e+00
3.035670518875122070e+00,-9.624695777893066406e-01,-1.815823793411254883e+00
3.093426227569580078e+00,3.926029801368713379e-02,-1.759753227233886719e+00
3.060595035552978516e+00,4.776157140731811523e-01,-1.812940239906311035e+00
-2.953347682952880859e+00,1.009929895401000977e+00,-1.754064559936523438e+00
3.141999959945678711e+00,1.262300014495849609e+00,-1.769099950790405273e+00
-2.962294816970825195e+00,1.840945839881896973e+00,-1.835249781608581543e+00
3.106125354766845703e+00,1.931836009025573730e+00,-1.799552798271179199e+00
2.054990053176879883e+00,3.046634674072265625e+00,-1.758303046226501465e+00
2.663585424423217773e+00,3.056150436401367188e+00,-1.754098296165466309e+00
-1.389710307121276855e+00,3.201509237289428711e+00,-1.763081312179565430e+00
7.590000033378601074e-01,3.200099945068359375e+00,-1.780400037765502930e+00
-2.460076332092285156e+00,-2.846766948699951172e+00,-1.611785531044006348e+00
-2.333859920501708984e+00,-2.875692129135131836e+00,-1.624891996383666992e+00
-1.859898924827575684e+00,-2.898026704788208008e+00,-1.515206694602966309e+00
-1.661992788314819336e+00,-2.904394149780273438e+00,-1.546959161758422852e+00
-1.166918396949768066e+00,-2.899920225143432617e+00,-1.605771899223327637e+00
-9.029949307441711426e-01,-2.920346260070800781e+00,-1.616094350814819336e+00
-4.774825870990753174e-01,-2.927148818969726562e+00,-1.545822739601135254e+00
-2.399822324514389038e-01,-2.913085937500000000e+00,-1.656837701797485352e+00
1.108476147055625916e-01,-2.921924114227294922e+00,-1.538172245025634766e+00
4.329224526882171631e-01,-2.856816530227661133e+00,-1.637868404388427734e+00
8.165531158447265625e-01,-2.863365650177001953e+00,-1.482574105262756348e+00
1.194525480270385742e+00,-2.922148227691650391e+00,-1.553822398185729980e+00
1.512354850769042969e+00,-2.893189191818237305e+00,-1.626012325286865234e+00
2.252141714096069336e+00,-2.828903913497924805e+00,-1.608474254608154297e+00
2.574075937271118164e+00,-2.806005954742431641e+00,-1.606059432029724121e+00
3.010635137557983398e+00,-2.864861249923706055e+00,-1.636565923690795898e+00
-2.887004613876342773e+00,-2.231778860092163086e+00,-1.574793934822082520e+00
3.092713117599487305e+00,-2.146067142486572266e+00,-1.504177808761596680e+00
-2.938718795776367188e+00,-1.970530033111572266e+00,-1.520798921585083008e+00
3.099729299545288086e+00,-2.069148778915405273e+00,-1.506703853607177734e+00
-2.887810945510864258e+00,-1.623075127601623535e+00,-1.522440195083618164e+00
3.004262447357177734e+00,-1.498218178749084473e+00,-1.656310558319091797e+00
-3.003901004791259766e+00,-1.085106611251831055e+00,-1.484706163406372070e+00
3.008653879165649414e+00,-1.298884868621826172e+00,-1.696412324905395508e+00
-3.097129583358764648e+00,-9.929299354553222656e-01,-1.479276418685913086e+00
3.061739683151245117e+00,-8.323449492454528809e-01,-1.609023451805114746e+00
-2.946441650390625000e+00,-5.055656433105468750e-01,-1.529960274696350098e+00
3.064244031906127930e+00,-6.153050065040588379e-01,-1.587767124176025391e+00
-2.958286046981811523e+00,-9.793733805418014526e-02,-1.543657064437866211e+00
3.084907531738281250e+00,-1.175754740834236145e-01,-1.604434490203857422e+00
-2.928875207901000977e+00,1.568066328763961792e-01,-1.559786796569824219e+00
3.106419563293457031e+00,2.007205188274383545e-01,-1.613159894943237305e+00
3.079732656478881836e+00,5.097351074218750000e-01,-1.677858591079711914e+00
-2.931685686111450195e+00,9.475041627883911133e-01,-1.620353460311889648e+00
3.086326122283935547e+00,7.751038074493408203e-01,-1.657789230346679688e+00
3.126006603240966797e+00,1.233093500137329102e+00,-1.616898417472839355e+00
-2.903877496719360352e+00,1.573177814483642578e+00,-1.694816112518310547e+00
-2.956644773483276367e+00,2.056999444961547852e+00,-1.606253504753112793e+00
3.095126628875732422e+00,1.965946793556213379e+00,-1.649112224578857422e+00
-2.944407224655151367e+00,2.384398937225341797e+00,-1.568000078201293945e+00
3.107432603836059570e+00,2.157877206802368164e+00,-1.658170342445373535e+00
-3.008815288543701172e+00,2.739902734756469727e+00,-1.488297462463378906e+00
3.131999969482421875e+00,2.535200119018554688e+00,-1.618800044059753418e+00
-2.854427337646484375e+00,2.939121961593627930e+00,-1.624171018600463867e+00
-2.799079895019531250e+00,2.833239555358886719e+00,-1.660404801368713379e+00
-2.840000092983245850e-01,3.125799894332885742e+00,-1.539899945259094238e+00
8.659840822219848633e-01,3.111060142517089844e+00,-1.406215667724609375e+00
1.679000020027160645e+00,3.095499992370605469e+00,-1.465000033378601074e+00
1.860095620155334473e+00,3.083556175231933594e+00,-1.716261625289916992e+00
2.619542837142944336e+00,2.944632291793823242e+00,-1.592841148376464844e+00
2.933022499084472656e+00,2.941596269607543945e+00,-1.692609310150146484e+00
3.190832614898681641e+00,3.065289497375488281e+00,-1.743860483169555664e+00
-2.819999933242797852e+00,3.238300085067749023e+00,-1.616899967193603516e+00
-1.860999941825866699e+00,3.152100086212158203e+00,-1.445299983024597168e+00
-1.134711265563964844e+00,3.195014953613281250e+00,-1.550277352333068848e+00
-9.258190393447875977e-01,3.177855968475341797e+00,-1.614033699035644531e+00
1.594202995300292969e+00,3.168400287628173828e+00,-1.623987793922424316e+00
-2.806905984878540039e+00,-2.891762018203735352e+00,-1.117560267448425293e+00
-2.516108512878417969e+00,-2.839759826660156250e+00,-1.253177404403686523e+00
-2.310527563095092773e+00,-2.865159511566162109e+00,-1.226016640663146973e+00
-1.767018914222717285e+00,-2.848055362701416016e+00,-1.216904401779174805e+00
-1.609966039657592773e+00,-2.860209465026855469e+00,-1.141207098960876465e+00
-1.258585572242736816e+00,-2.913779973983764648e+00,-1.172356247901916504e+00
-7.828381061553955078e-01,-3.044482707977294922e+00,-1.390106797218322754e+00
-5.651011466979980469e-01,-2.935469627380371094e+00,-1.237558126449584961e+00
-1.865627616643905640e-01,-2.935633897781372070e+00,-1.223810791969299316e+00
1.901421695947647095e-02,-2.976223707199096680e+00,-1.088640332221984863e+00
1.019203543663024902e+00,-2.952952861785888672e+00,-1.177617788314819336e+00
1.274518489837646484e+00,-2.892167806625366211e+00,-1.232219099998474121e+00
1.551923990249633789e+00,-2.837300777435302734e+00,-1.251916885375976562e+00
1.984330177307128906e+00,-2.828491210937500000e+00,-1.149761676788330078e+00
2.204357385635375977e+00,-2.798006772994995117e+00,-1.106444001197814941e+00
2.980000019073486328e+00,-2.643800020217895508e+00,-1.159399986267089844e+00
3.143949508666992188e+00,-2.272411108016967773e+00,-1.252719283103942871e+00
-2.991091012954711914e+00,-1.890339493751525879e+00,-1.251879334449768066e+00
3.099651336669921875e+00,-1.848465681076049805e+00,-1.389014720916748047e+00
-2.968632459640502930e+00,-1.562507271766662598e+00,-1.162284731864929199e+00
3.070077896118164062e+00,-1.498721361160278320e+00,-1.201807737350463867e+00
-2.973491430282592773e+00,-1.214520692825317383e+00,-1.156360507011413574e+00
3.092998743057250977e+00,-1.158476114273071289e+00,-1.295142769813537598e+00
-3.016671180725097656e+00,-9.074847102165222168e-01,-1.167894244194030762e+00
3.096611022949218750e+00,-8.761272430419921875e-01,-1.188885927200317383e+00
-2.966203689575195312e+00,-5.500075221061706543e-01,-1.144145369529724121e+00
3.076635122299194336e+00,-5.075599551200866699e-01,-1.303580880165100098e+00
-2.886921167373657227e+00,-2.219508439302444458e-01,-1.154789805412292480e+00
3.096021652221679688e+00,-1.982801258563995361e-01,-1.235000967979431152e+00
-2.905802488327026367e+00,1.367195397615432739e-01,-1.208161592483520508e+00
3.090404748916625977e+00,1.320701688528060913e-01,-1.271177649497985840e+00
-2.899034261703491211e+00,6.908769607543945312e-01,-1.309401988983154297e+00
3.108126401901245117e+00,6.006898880004882812e-01,-1.056629300117492676e+00
-2.987761735916137695e+00,8.814293742179870605e-01,-1.163501620292663574e+00
3.131942749023437500e+00,9.696528911590576172e-01,-1.164021134376525879e+00
-2.965145826339721680e+00,1.266403913497924805e+00,-1.173083066940307617e+00
3.138173341751098633e+00,1.228011250495910645e+00,-1.133554458618164062e+00
3.100257873535156250e+00,1.689642548561096191e+00,-1.149117588996887207e+00
-2.954342126846313477e+00,1.893085837364196777e+00,-1.219227790832519531e+00
3.084256410598754883e+00,1.820958375930786133e+00,-1.223416686058044434e+00
-3.008860111236572266e+00,2.169520616531372070e+00,-1.113763689994812012e+00
3.081125736236572266e+00,2.319430112838745117e+00,-1.052120685577392578e+00
-2.957177639007568359e+00,2.579533815383911133e+00,-1.176540493965148926e+00
-2.856738090515136719e+00,3.016499757766723633e+00,-1.202018380165100098e+00
-1.707297682762145996e+00,3.135618925094604492e+00,-1.121718764305114746e+00
-7.690027356147766113e-01,3.130770683288574219e+00,-1.117097735404968262e+00
9.530000090599060059e-01,3.045900106430053711e+00,-1.067299962043762207e+00
1.473000049591064453e+00,3.038399934768676758e+00,-1.122599959373474121e+00
2.284767627716064453e+00,2.984395980834960938e+00,-1.211084604263305664e+00
2.481819629669189453e+00,2.954870223999023438e+00,-1.233467459678649902e+00
3.106524944305419922e+00,2.975458383560180664e+00,-1.271702289581298828e+00
3.187968969345092773e+00,2.931601524353027344e+00,-1.374471426010131836e+00
-2.876414060592651367e+00,3.184539794921875000e+00,-1.137793302536010742e+00
-2.729415893554687500e+00,3.217406749725341797e+00,-1.145282506942749023e+00
-1.774645924568176270e+00,3.166383743286132812e+00,-1.337096691131591797e+00
-1.497583270072937012e+00,3.205687999725341797e+00,-1.251437067985534668e+00
-3.825501799583435059e-01,3.187692165374755859e+00,-1.191888809204101562e+00
-2.930271148681640625e+00,-2.849263906478881836e+00,-9.216442108154296875e-01
-2.628064155578613281e+00,-2.822237014770507812e+00,-8.132952451705932617e-01
-2.314984798431396484e+00,-2.859338045120239258e+00,-9.406379461288452148e-01
-1.829314351081848145e+00,-2.824880123138427734e+00,-1.049948930740356445e+00
-1.462532043457031250e+00,-2.878435134887695312e+00,-8.862862586975097656e-01
-9.121689200401306152e-01,-2.946015119552612305e+00,-8.461211323738098145e-01
-3.942900598049163818e-01,-2.809825181961059570e+00,-9.360054731369018555e-01
-3.253048062324523926e-01,-2.816530942916870117e+00,-1.034167408943176270e+00
9.991532564163208008e-01,-2.923161029815673828e+00,-8.441756963729858398e-01
1.376338005065917969e+00,-2.811659336090087891e+00,-7.689958214759826660e-01
1.584849357604980469e+00,-2.844664573669433594e+00,-8.712421655654907227e-01
1.929785728454589844e+00,-2.925884246826171875e+00,-9.353626370429992676e-01
2.326967716217041016e+00,-2.823475599288940430e+00,-7.539638280868530273e-01
-2.933170557022094727e+00,-2.762749671936035156e+00,-7.684507966041564941e-01
-1.639903187751770020e+00,-2.798398256301879883e+00,-9.885435104370117188e-01
1.687436699867248535e-01,-2.769983053207397461e+00,-7.368260622024536133e-01
5.540874004364013672e-01,-2.784934759140014648e+00,-7.738760709762573242e-01
2.422858953475952148e+00,-2.770757675170898438e+00,-8.670892119407653809e-01
3.071187734603881836e+00,-2.357058048248291016e+00,-9.037218689918518066e-01
-2.993375301361083984e+00,-1.859274744987487793e+00,-1.009899020195007324e+00
-2.985665082931518555e+00,-1.606151461601257324e+00,-9.281136989593505859e-01
3.101971387863159180e+00,-1.564485073089599609e+00,-9.538528919219970703e-01
-2.966826200485229492e+00,-1.285227656364440918e+00,-7.952616810798645020e-01
3.051209688186645508e+00,-1.232347726821899414e+00,-8.394843935966491699e-01
-2.979437828063964844e+00,-7.771804928779602051e-01,-9.489237666130065918e-01
3.079210996627807617e+00,-9.069108963012695312e-01,-8.232766389846801758e-01
-2.983696460723876953e+00,-5.660966634750366211e-01,-8.456666469573974609e-01
3.103499174118041992e+00,-5.664638876914978027e-01,-8.414635658264160156e-01
-2.878126382827758789e+00,-2.210460305213928223e-01,-8.600622415542602539e-01
3.102046251296997070e+00,-1.296284347772598267e-01,-8.546476364135742188e-01
-2.911529541015625000e+00,8.379915356636047363e-02,-8.683498501777648926e-01
-3.053393602371215820e+00,5.967782735824584961e-01,-8.928236961364746094e-01
3.110664129257202148e+00,5.974467992782592773e-01,-8.040210604667663574e-01
-3.027163028717041016e+00,8.875610828399658203e-01,-9.139348268508911133e-01
3.107524394989013672e+00,9.449546933174133301e-01,-8.393764495849609375e-01
-2.994877099990844727e+00,1.292621374130249023e+00,-8.355331420898437500e-01
3.113219261169433594e+00,1.199779629707336426e+00,-9.083415865898132324e-01
-2.959543704986572266e+00,1.636598229408264160e+00,-9.666824340820312500e-01
3.108227968215942383e+00,1.560068249702453613e+00,-8.477718234062194824e-01
-2.982590198516845703e+00,1.866611480712890625e+00,-8.672276735305786133e-01
3.096502780914306641e+00,1.762289404869079590e+00,-7.088558077812194824e-01
-2.983048439025878906e+00,2.390922069549560547e+00,-9.501163959503173828e-01
3.087029695510864258e+00,2.402892351150512695e+00,-9.001516699790954590e-01
-2.925379753112792969e+00,2.625742197036743164e+00,-8.684095740318298340e-01
-2.912618160247802734e+00,2.954230308532714844e+00,-9.559102654457092285e-01
-2.073999881744384766e+00,3.141900062561035156e+00,-7.082999944686889648e-01
6.893420964479446411e-02,3.132726430892944336e+00,-8.141748905181884766e-01
5.196011662483215332e-01,3.140235662460327148e+00,-7.908479571342468262e-01
9.271286725997924805e-01,3.082648277282714844e+00,-7.865992784500122070e-01
1.353500008583068848e+00,3.117650032043457031e+00,-9.756000041961669922e-01
1.547740578651428223e+00,3.024060010910034180e+00,-9.403264522552490234e-01
2.125735044479370117e+00,3.071157217025756836e+00,-8.854444622993469238e-01
2.833839178085327148e+00,2.963140487670898438e+00,-1.001502633094787598e+00
3.206648349761962891e+00,3.008495569229125977e+00,-7.230051159858703613e-01
-1.476893186569213867e+00,3.159821987152099609e+00,-9.507238864898681641e-01
-1.327537894248962402e+00,3.165859222412109375e+00,-8.525609970092773438e-01
-7.140147089958190918e-01,3.169382572174072266e+00,-1.024787425994873047e+00
-4.918451011180877686e-01,3.187320947647094727e+00,-9.068422317504882812e-01
-2.831238269805908203e+00,-2.881968259811401367e+00,-4.029789865016937256e-01
-2.620007038116455078e+00,-2.854605913162231445e+00,-4.950986206531524658e-01
-2.234538555145263672e+00,-2.902043819427490234e+00,-5.553541183471679688e-01
-1.935072898864746094e+00,-2.890748023986816406e+00,-6.349990367889404297e-01
-1.164364457130432129e+00,-2.942864179611206055e+00,-6.271538734436035156e-01
-9.129753708839416504e-01,-2.908883333206176758e+00,-5.229051709175109863e-01
-5.085654854774475098e-01,-2.842708349227905273e+00,-6.215599179267883301e-01
2.771288752555847168e-01,-2.809715032577514648e+00,-5.401510000228881836e-01
4.501447975635528564e-01,-2.866884231567382812e+00,-5.424417257308959961e-01
7.514808177947998047e-01,-2.928130149841308594e+00,-6.149856448173522949e-01
1.213289022445678711e+00,-2.910005569458007812e+00,-5.490508079528808594e-01
1.600338459014892578e+00,-2.837084293365478516e+00,-6.341179609298706055e-01
2.067274808883666992e+00,-2.899277925491333008e+00,-4.762377142906188965e-01
2.188521862030029297e+00,-2.865015983581542969e+00,-6.706944704055786133e-01
-2.149560749530792236e-01,-2.779433727264404297e+00,-4.995400309562683105e-01
1.234433278441429138e-01,-2.781120300292968750e+00,-5.782763957977294922e-01
3.141992807388305664e+00,-2.454723596572875977e+00,-5.326086878776550293e-01
3.210023164749145508e+00,-2.462296962738037109e+00,-4.496268332004547119e-01
-2.922614812850952148e+00,-2.291040420532226562e+00,-6.366893649101257324e-01
3.021972656250000000e+00,-2.411680221557617188e+00,-6.587573885917663574e-01
3.206551551818847656e+00,-2.267241477966308594e+00,-5.778495669364929199e-01
-2.996553421020507812e+00,-1.890196204185485840e+00,-5.745271444320678711e-01
2.988330125808715820e+00,-2.064942359924316406e+00,-6.884745955467224121e-01
-3.007514953613281250e+00,-1.595191717147827148e+00,-5.705710053443908691e-01
-3.010121822357177734e+00,-1.239100337028503418e+00,-4.724210798740386963e-01
3.081437349319458008e+00,-1.092256546020507812e+00,-4.856818616390228271e-01
-3.038034677505493164e+00,-8.157736659049987793e-01,-6.057122945785522461e-01
3.109853029251098633e+00,-8.210801482200622559e-01,-5.252112746238708496e-01
-3.048305749893188477e+00,-6.091314554214477539e-01,-4.838832318782806396e-01
3.075922966003417969e+00,-5.341156721115112305e-01,-4.544683098793029785e-01
-3.040423154830932617e+00,-1.272743046283721924e-01,-5.233594179153442383e-01
3.082734584808349609e+00,-1.015924587845802307e-01,-5.582546591758728027e-01
-2.984998941421508789e+00,1.301257908344268799e-01,-6.389493942260742188e-01
3.107193470001220703e+00,1.011294275522232056e-01,-5.578355193138122559e-01
-2.993576765060424805e+00,5.108782052993774414e-01,-5.034138560295104980e-01
3.127472877502441406e+00,5.347719788551330566e-01,-5.768607258796691895e-01
-3.017885684967041016e+00,8.974075317382812500e-01,-5.026320219039916992e-01
3.092136383056640625e+00,1.001912951469421387e+00,-4.111778438091278076e-01
-3.008902072906494141e+00,1.223652720451354980e+00,-5.044878125190734863e-01
3.113255739212036133e+00,1.278596997261047363e+00,-4.954942762851715088e-01
-2.968238592147827148e+00,1.503011465072631836e+00,-4.577071666717529297e-01
3.129896163940429688e+00,1.605424523353576660e+00,-5.292603373527526855e-01
-2.997750759124755859e+00,2.012438535690307617e+00,-5.713564157485961914e-01
3.073758840560913086e+00,2.042828559875488281e+00,-6.382066011428833008e-01
-3.036291360855102539e+00,2.379365921020507812e+00,-4.574819207191467285e-01
-2.954509973526000977e+00,2.737485408782958984e+00,-4.628401100635528564e-01
-3.035336494445800781e+00,2.927906513214111328e+00,-5.245859622955322266e-01
-2.589769601821899414e+00,3.069142341613769531e+00,-5.231261849403381348e-01
-1.633527159690856934e+00,3.124189615249633789e+00,-4.066192209720611572e-01
-1.244034528732299805e+00,3.140492677688598633e+00,-5.149012804031372070e-01
-1.052200868725776672e-01,3.142578601837158203e+00,-5.094676017761230469e-01
4.366974532604217529e-02,3.137709140777587891e+00,-6.155902147293090820e-01
6.406493186950683594e-01,3.123601913452148438e+00,-6.250887513160705566e-01
7.880026102066040039e-01,3.099078178405761719e+00,-5.372806787490844727e-01
1.089887022972106934e+00,3.100601196289062500e+00,-4.021792411804199219e-01
1.619874954223632812e+00,3.076299428939819336e+00,-5.222888588905334473e-01
1.913387894630432129e+00,3.031936883926391602e+00,-5.050113797187805176e-01
2.617940902709960938e+00,2.943357229232788086e+00,-5.227429270744323730e-01
3.007740020751953125e+00,2.961580276489257812e+00,-6.198635101318359375e-01
3.188225746154785156e+00,2.931983947753906250e+00,-5.246602296829223633e-01
-1.124017715454101562e+00,3.167415618896484375e+00,-4.488871693611145020e-01
-1.004712700843811035e+00,3.195846080780029297e+00,-4.876150786876678467e-01
4.822231829166412354e-01,3.160395860671997070e+00,-5.452505946159362793e-01
-2.523779630661010742e+00,-2.849516868591308594e+00,-1.693522334098815918e-01
-2.304410219192504883e+00,-2.841126441955566406e+00,-2.239481955766677856e-01
-1.920969009399414062e+00,-2.867504358291625977e+00,-1.415192931890487671e-01
-1.642894744873046875e+00,-2.874739885330200195e+00,-1.979501247406005859e-01
-1.168522000312805176e+00,-2.856383085250854492e+00,-1.702619343996047974e-01
-8.278275728225708008e-01,-2.833377361297607422e+00,-7.955972850322723389e-02
-5.051721930503845215e-01,-2.841420173645019531e+00,-1.593867540359497070e-01
-1.736872941255569458e-01,-2.894887685775756836e+00,-1.224562302231788635e-01
1.466337889432907104e-01,-2.870262861251831055e+00,-3.656079247593879700e-02
4.640512168407440186e-01,-2.865456819534301758e+00,-3.157328069210052490e-02
1.153147697448730469e+00,-2.875118732452392578e+00,-1.326902210712432861e-01
1.480421304702758789e+00,-2.933495044708251953e+00,-1.643887311220169067e-01
1.922388195991516113e+00,-2.935131788253784180e+00,-1.770748943090438843e-01
2.178494691848754883e+00,-2.989497423171997070e+00,-1.525976955890655518e-01
2.476047277450561523e+00,-2.970489263534545898e+00,-6.463335454463958740e-02
3.174000024795532227e+00,-2.540899991989135742e+00,-1.544999927282333374e-01
2.992518901824951172e+00,-2.144238471984863281e+00,-1.422001123428344727e-01
-2.961827278137207031e+00,-1.838454842567443848e+00,-1.573133170604705811e-01
3.014073133468627930e+00,-1.820747733116149902e+00,-1.866244375705718994e-01
-3.001563072204589844e+00,-1.620686411857604980e+00,-2.637687623500823975e-01
3.024842262268066406e+00,-1.523284673690795898e+00,-7.222105562686920166e-02
-3.053479194641113281e+00,-1.157612562179565430e+00,-1.153780370950698853e-01
3.078592300415039062e+00,-1.275318264961242676e+00,-1.247918978333473206e-01
-3.035520076751708984e+00,-8.876856565475463867e-01,-2.041620016098022461e-01
3.064004659652709961e+00,-8.550510406494140625e-01,-1.707046031951904297e-01
3.078497409820556641e+00,-5.592963695526123047e-01,-2.394371926784515381e-01
-3.032375097274780273e+00,-2.405477315187454224e-01,-1.756120473146438599e-01
3.100265026092529297e+00,-1.750741899013519287e-01,-2.207440435886383057e-01
-2.917040824890136719e+00,1.583177447319030762e-01,-1.648595482110977173e-01
3.102334499359130859e+00,1.176539883017539978e-01,-1.036524176597595215e-01
-2.987161159515380859e+00,4.166806340217590332e-01,-1.806821972131729126e-01
3.121989011764526367e+00,3.830647468566894531e-01,-2.845342755317687988e-01
-3.022224664688110352e+00,8.302115797996520996e-01,-2.218870371580123901e-01
3.110908508300781250e+00,9.445109963417053223e-01,-2.056818008422851562e-01
-2.958079338073730469e+00,1.239772200584411621e+00,-1.790942251682281494e-01
3.134045600891113281e+00,1.217277526855468750e+00,-1.665315926074981689e-01
-2.901127576828002930e+00,1.608515262603759766e+00,-1.577329784631729126e-01
3.144560098648071289e+00,1.451926469802856445e+00,-2.976999282836914062e-01
3.173443555831909180e+00,1.401816248893737793e+00,-4.343501478433609009e-02
-2.899947881698608398e+00,1.920541882514953613e+00,-1.923474371433258057e-01
-2.984507799148559570e+00,2.249516725540161133e+00,-2.479492425918579102e-01
3.086273193359375000e+00,2.368218898773193359e+00,-3.344641923904418945e-01
-2.994608640670776367e+00,2.492310762405395508e+00,-3.316715955734252930e-01
-2.774773597717285156e+00,2.793298244476318359e+00,-5.551526695489883423e-02
-2.978841304779052734e+00,2.998132944107055664e+00,-1.795773208141326904e-01
-2.514471769332885742e+00,3.083782911300659180e+00,-3.452559933066368103e-02
-2.333237409591674805e+00,3.131434440612792969e+00,-9.752779267728328705e-03
-1.557234287261962891e+00,3.124953508377075195e+00,-2.884748950600624084e-02
-8.348977565765380859e-01,3.139297008514404297e+00,-1.087173148989677429e-01
3.391950130462646484e-01,3.140725612640380859e+00,-5.630201660096645355e-03
5.240996479988098145e-01,3.126411676406860352e+00,-2.079543471336364746e-01
9.560267925262451172e-01,3.081738948822021484e+00,-1.998405456542968750e-01
1.151677370071411133e+00,3.076647758483886719e+00,-1.644929200410842896e-01
1.801758408546447754e+00,3.049663543701171875e+00,-1.643053144216537476e-01
2.416443824768066406e+00,2.908775568008422852e+00,-7.960923761129379272e-02
2.711382865905761719e+00,3.010514259338378906e+00,-1.965124458074569702e-01
2.877804756164550781e+00,2.919138669967651367e+00,-1.188298389315605164e-01
-1.221694350242614746e+00,3.155175447463989258e+00,-1.386739164590835571e-01
-9.096035957336425781e-01,3.160152912139892578e+00,-2.329702377319335938e-01
-1.129567623138427734e-01,3.167192935943603516e+00,-1.911038160324096680e-01
1.028772369027137756e-01,3.159590482711791992e+00,-1.033868491649627686e-01
-2.571446418762207031e+00,-2.858279228210449219e+00,1.997755616903305054e-01
-2.320803880691528320e+00,-2.860293626785278320e+00,1.600580811500549316e-01
-1.925890564918518066e+00,-2.868708133697509766e+00,1.253018379211425781e-01
-1.568235993385314941e+00,-2.866045236587524414e+00,1.529804021120071411e-01
-1.244547009468078613e+00,-2.874680757522583008e+00,1.198481693863868713e-01
-8.709197640419006348e-01,-2.891731262207031250e+00,1.819312423467636108e-01
-5.443882942199707031e-01,-2.863919734954833984e+00,1.395601928234100342e-01
2.578489780426025391e-01,-2.827611446380615234e+00,2.120561897754669189e-01
5.428089499473571777e-01,-2.856130599975585938e+00,5.320981144905090332e-03
9.140119552612304688e-01,-2.886956453323364258e+00,1.375553198158740997e-02
1.279978990554809570e+00,-2.909126996994018555e+00,1.761115789413452148e-01
1.603419303894042969e+00,-2.969653606414794922e+00,1.844770312309265137e-01
1.897482395172119141e+00,-3.032872915267944336e+00,2.086800634860992432e-01
1.208917051553726196e-02,-2.798849105834960938e+00,3.061901032924652100e-01
5.028189420700073242e-01,-2.785163640975952148e+00,1.648024916648864746e-01
-2.999639749526977539e+00,-2.139924049377441406e+00,7.065705209970474243e-02
3.060313224792480469e+00,-2.263125896453857422e+00,1.400344967842102051e-01
3.199633836746215820e+00,-2.180171966552734375e+00,2.598078250885009766e-01
-2.950766324996948242e+00,-1.788161396980285645e+00,1.344899386167526245e-01
3.028791189193725586e+00,-1.785193204879760742e+00,1.455657184123992920e-01
-2.971708297729492188e+00,-1.625090599060058594e+00,1.381357312202453613e-01
3.069267511367797852e+00,-1.630711197853088379e+00,2.829344570636749268e-01
3.120989561080932617e+00,-1.216439604759216309e+00,1.764747202396392822e-01
-3.038071870803833008e+00,-9.092642664909362793e-01,2.323489785194396973e-01
-3.101776361465454102e+00,-3.692250847816467285e-01,1.410603374242782593e-01
3.102465629577636719e+00,-5.850604176521301270e-01,1.779582053422927856e-01
-2.968903303146362305e+00,-2.492758780717849731e-01,1.690199524164199829e-01
3.041620254516601562e+00,-3.109548687934875488e-01,1.514309048652648926e-01
-2.905227661132812500e+00,2.121191471815109253e-01,1.245369389653205872e-01
3.114783048629760742e+00,1.850938200950622559e-01,5.497704073786735535e-02
3.141725301742553711e+00,5.545671582221984863e-01,1.034795865416526794e-02
3.158638715744018555e+00,5.374057888984680176e-01,1.529493331909179688e-01
-3.030710935592651367e+00,8.211211562156677246e-01,9.368231892585754395e-02
3.168921947479248047e+00,8.341851830482482910e-01,2.153996974229812622e-01
-2.913116455078125000e+00,1.223906993865966797e+00,1.404909044504165649e-01
3.174523353576660156e+00,1.271532297134399414e+00,2.526515126228332520e-01
-2.893445014953613281e+00,1.647570610046386719e+00,2.104086875915527344e-01
3.115077733993530273e+00,1.685598134994506836e+00,1.272759139537811279e-01
-2.912932872772216797e+00,1.899443030357360840e+00,1.204553097486495972e-01
3.125056505203247070e+00,1.921879649162292480e+00,9.296059608459472656e-02
3.157282590866088867e+00,2.033010244369506836e+00,1.274908781051635742e-01
-2.952240228652954102e+00,2.328853368759155273e+00,2.085845470428466797e-01
3.103718042373657227e+00,2.291308164596557617e+00,7.160496432334184647e-03
3.182482719421386719e+00,2.293915271759033203e+00,2.952554225921630859e-01
-2.807257413864135742e+00,2.659769535064697266e+00,4.382153600454330444e-02
-2.556288242340087891e+00,3.026990413665771484e+00,2.001621574163436890e-01
-2.245467185974121094e+00,3.109899997711181641e+00,1.830707639455795288e-01
-1.927657723426818848e+00,3.118612051010131836e+00,1.407064050436019897e-01
-1.585247516632080078e+00,3.125172615051269531e+00,2.066968232393264771e-01
-1.314136505126953125e+00,3.131165027618408203e+00,2.103962302207946777e-01
-8.314447402954101562e-01,3.141533851623535156e+00,1.499140858650207520e-01
-6.434793472290039062e-01,3.139404535293579102e+00,2.017223238945007324e-01
-1.708020456135272980e-02,3.148797988891601562e+00,3.347249329090118408e-01
1.902562081813812256e-01,3.142328977584838867e+00,2.014634013175964355e-01
9.985462427139282227e-01,3.100493907928466797e+00,1.957086473703384399e-01
1.251012325286865234e+00,3.043193340301513672e+00,1.508820056915283203e-01
1.553164124488830566e+00,3.036250591278076172e+00,1.753874421119689941e-01
1.956227183341979980e+00,3.030087947845458984e+00,7.970835268497467041e-02
2.233162641525268555e+00,2.996631622314453125e+00,1.791082620620727539e-01
2.451140403747558594e+00,2.944422960281372070e+00,1.854666024446487427e-01
3.058121681213378906e+00,2.853171110153198242e+00,2.458965331315994263e-01
-1.862894654273986816e+00,3.154322147369384766e+00,2.349131703376770020e-01
-1.165852546691894531e+00,3.150626659393310547e+00,1.007117852568626404e-01
-9.448590874671936035e-01,3.150741815567016602e+00,1.218782886862754822e-01
-4.068209528923034668e-01,3.163557767868041992e+00,3.258030414581298828e-01
-1.214806139469146729e-01,3.170298099517822266e+00,1.256918609142303467e-01
1.464464962482452393e-01,3.153605461120605469e+00,4.627165384590625763e-03
7.157987356185913086e-01,3.162761926651000977e+00,3.268331587314605713e-01
-2.935348510742187500e+00,-2.935983180999755859e+00,6.904757022857666016e-01
-2.190042972564697266e+00,-2.871473789215087891e+00,6.305660009384155273e-01
-1.929064393043518066e+00,-2.880483150482177734e+00,4.910365045070648193e-01
-1.621719956398010254e+00,-2.877564430236816406e+00,5.558610558509826660e-01
-1.258621215820312500e+00,-2.872593641281127930e+00,5.287509560585021973e-01
-9.479304552078247070e-01,-2.908033847808837891e+00,6.589924693107604980e-01
-5.458405017852783203e-01,-2.872801780700683594e+00,5.630180239677429199e-01
-1.621991246938705444e-01,-2.911688804626464844e+00,6.464169025421142578e-01
3.108454048633575439e-01,-2.898797035217285156e+00,5.018185973167419434e-01
5.822691917419433594e-01,-2.875718116760253906e+00,4.660662412643432617e-01
8.869304060935974121e-01,-2.953599214553833008e+00,5.779303312301635742e-01
1.175886511802673340e+00,-2.904777526855468750e+00,5.660187602043151855e-01
1.748350143432617188e+00,-2.977317333221435547e+00,4.045087397098541260e-01
2.041289806365966797e+00,-2.990386247634887695e+00,5.708310604095458984e-01
2.213000059127807617e+00,-3.030900001525878906e+00,5.375000238418579102e-01
-2.607278347015380859e+00,-2.743602275848388672e+00,6.390772461891174316e-01
-2.396323442459106445e+00,-2.771043777465820312e+00,5.611122250556945801e-01
1.290873736143112183e-01,-2.791661024093627930e+00,3.686373233795166016e-01
-3.026000022888183594e+00,-2.117599964141845703e+00,6.144999861717224121e-01
2.916148424148559570e+00,-2.353840112686157227e+00,6.588976383209228516e-01
-2.983296871185302734e+00,-1.844028472900390625e+00,3.691256940364837646e-01
2.999534606933593750e+00,-1.497222900390625000e+00,6.215959787368774414e-01
-2.871093750000000000e+00,-1.297600865364074707e+00,4.267833828926086426e-01
-3.065976142883300781e+00,-8.322483301162719727e-01,4.523179233074188232e-01
3.105956077575683594e+00,-8.376632332801818848e-01,4.961621761322021484e-01
-3.062053442001342773e+00,-6.043677330017089844e-01,5.119215250015258789e-01
3.071745634078979492e+00,-4.719615280628204346e-01,5.448069572448730469e-01
-2.877609014511108398e+00,-9.876058250665664673e-02,5.089790225028991699e-01
2.985155582427978516e+00,-3.070792555809020996e-01,3.899183273315429688e-01
-2.903077125549316406e+00,2.161127626895904541e-01,5.728961825370788574e-01
-2.771947145462036133e+00,1.108585074543952942e-01,4.363633692264556885e-01
-3.025014400482177734e+00,5.660766363143920898e-01,5.043083429336547852e-01
-3.049611568450927734e+00,7.339755892753601074e-01,4.593132436275482178e-01
3.161792516708374023e+00,1.005561232566833496e+00,5.557887554168701172e-01
-2.894937515258789062e+00,1.288828134536743164e+00,5.837931632995605469e-01
3.165729522705078125e+00,1.233276367187500000e+00,4.646595120429992676e-01
-2.903270959854125977e+00,1.648085594177246094e+00,6.001945137977600098e-01
3.152160167694091797e+00,1.430098533630371094e+00,4.520860314369201660e-01
-3.003485202789306641e+00,1.883508443832397461e+00,4.873775839805603027e-01
3.130441665649414062e+00,1.981119871139526367e+00,4.523460566997528076e-01
-2.911100625991821289e+00,2.126792907714843750e+00,5.006591081619262695e-01
3.195260524749755859e+00,2.227268457412719727e+00,4.755222201347351074e-01
-2.598000049591064453e+00,2.712199926376342773e+00,6.804999709129333496e-01
-2.985429525375366211e+00,3.121450901031494141e+00,6.816650629043579102e-01
-2.310976743698120117e+00,3.103421449661254883e+00,5.298677086830139160e-01
-1.419483542442321777e+00,3.074045419692993164e+00,4.376934170722961426e-01
-9.098846316337585449e-01,3.137121677398681641e+00,5.320023298263549805e-01
-6.081069707870483398e-01,3.140770435333251953e+00,4.902972579002380371e-01
-1.523012965917587280e-01,3.143920660018920898e+00,5.886490345001220703e-01
1.366602927446365356e-01,3.127079010009765625e+00,5.464100241661071777e-01
4.610476493835449219e-01,3.122110843658447266e+00,3.867700099945068359e-01
7.677659392356872559e-01,3.105425119400024414e+00,5.202576518058776855e-01
1.212664484977722168e+00,3.095669984817504883e+00,5.348384976387023926e-01
1.512200951576232910e+00,3.047007560729980469e+00,6.456766128540039062e-01
2.011384487152099609e+00,3.055297851562500000e+00,6.358873248100280762e-01
2.266758441925048828e+00,2.985800027847290039e+00,6.252179741859436035e-01
2.651729345321655273e+00,2.899764776229858398e+00,4.971139430999755859e-01
-2.938689947128295898e+00,3.187283754348754883e+00,5.372888445854187012e-01
-2.087477445602416992e+00,3.172279596328735352e+00,5.558633208274841309e-01
-1.324527263641357422e-01,3.153000831604003906e+00,4.662041664123535156e-01
4.457419216632843018e-01,-3.167513132095336914e+00,8.234270215034484863e-01
-2.749556541442871094e+00,-2.821050405502319336e+00,7.433900833129882812e-01
-2.337466955184936523e+00,-2.856637477874755859e+00,9.380527734756469727e-01
-1.809231758117675781e+00,-2.888217926025390625e+00,8.140181899070739746e-01
-1.546524047851562500e+00,-2.833652973175048828e+00,9.604275226593017578e-01
-1.265326619148254395e+00,-2.854349851608276367e+00,8.444917201995849609e-01
-5.243132114410400391e-01,-2.893784046173095703e+00,8.582907319068908691e-01
-2.599652111530303955e-01,-2.884807825088500977e+00,9.595808386802673340e-01
4.855017662048339844e-01,-2.941278457641601562e+00,9.411857724189758301e-01
8.425149321556091309e-01,-2.887232542037963867e+00,9.189330935478210449e-01
1.195262670516967773e+00,-2.945599794387817383e+00,8.539869785308837891e-01
1.564655900001525879e+00,-2.927509069442749023e+00,8.932408094406127930e-01
1.927060723304748535e+00,-2.989562988281250000e+00,8.992924690246582031e-01
2.951230764389038086e+00,-2.865674257278442383e+00,7.187936305999755859e-01
-2.838255405426025391e+00,-2.536428689956665039e+00,9.593519568443298340e-01
-2.756006956100463867e+00,-2.742518424987792969e+00,7.467784881591796875e-01
2.912139415740966797e+00,-2.548591852188110352e+00,9.808621406555175781e-01
2.877787351608276367e+00,-1.930124878883361816e+00,8.575141429901123047e-01
3.030574560165405273e+00,-1.562574267387390137e+00,9.680137038230895996e-01
-3.096402645111083984e+00,-7.140777707099914551e-01,7.200296521186828613e-01
3.055638074874877930e+00,-8.377020955085754395e-01,8.519479036331176758e-01
-2.899476051330566406e+00,-5.089555978775024414e-01,7.640027999877929688e-01
-2.757189989089965820e+00,-4.562112092971801758e-01,1.007742524147033691e+00
3.035449743270874023e+00,-4.756536483764648438e-01,8.531574606895446777e-01
3.020871162414550781e+00,-2.697392404079437256e-01,9.155304431915283203e-01
3.084769487380981445e+00,1.758373379707336426e-01,8.744074106216430664e-01
-3.069048166275024414e+00,5.287649035453796387e-01,7.490015029907226562e-01
-2.783438682556152344e+00,6.326537132263183594e-01,8.841307759284973145e-01
3.090803384780883789e+00,5.715289115905761719e-01,8.725374341011047363e-01
-3.007625341415405273e+00,7.291294336318969727e-01,8.595972061157226562e-01
-2.798000097274780273e+00,7.140600085258483887e-01,9.254999756813049316e-01
3.135248899459838867e+00,8.955305218696594238e-01,9.253715872764587402e-01
3.152843475341796875e+00,8.434211015701293945e-01,7.460966706275939941e-01
-2.954300880432128906e+00,1.685347437858581543e+00,7.705631256103515625e-01
3.201974153518676758e+00,1.607827782630920410e+00,7.439655661582946777e-01
-3.010591506958007812e+00,1.941003918647766113e+00,9.475283026695251465e-01
3.040999889373779297e+00,2.087059974670410156e+00,7.014999985694885254e-01
-2.769295692443847656e+00,2.318214416503906250e+00,9.004654288291931152e-01
-2.906619787216186523e+00,3.091200828552246094e+00,7.790017127990722656e-01
-2.568875074386596680e+00,3.044179201126098633e+00,8.538148999214172363e-01
-1.254409670829772949e+00,3.148513078689575195e+00,1.036707878112792969e+00
-8.223890066146850586e-01,3.113425254821777344e+00,9.868364334106445312e-01
-6.114403009414672852e-01,3.108447551727294922e+00,8.768414258956909180e-01
-1.204847097396850586e-01,3.074325799942016602e+00,9.806677699089050293e-01
2.166763097047805786e-01,3.115099906921386719e+00,9.823184013366699219e-01
8.672672510147094727e-01,3.058103799819946289e+00,1.035063147544860840e+00
1.139078140258789062e+00,3.107203960418701172e+00,7.783913612365722656e-01
1.525662183761596680e+00,3.021444559097290039e+00,8.668330907821655273e-01
1.962669968605041504e+00,2.919620513916015625e+00,8.483480215072631836e-01
2.190160274505615234e+00,2.890527725219726562e+00,9.875877499580383301e-01
2.623250484466552734e+00,2.879087686538696289e+00,8.992195129394531250e-01
-1.255488872528076172e+00,3.161367893218994141e+00,8.126177787780761719e-01
-7.750406265258789062e-01,-2.847329616546630859e+00,1.166926383972167969e+00
-5.517421364784240723e-01,-2.821572303771972656e+00,1.164367794990539551e+00
-3.279522061347961426e-01,-2.829857826232910156e+00,1.111600399017333984e+00
7.649428248405456543e-01,-2.838701248168945312e+00,1.069089412689208984e+00
1.167425751686096191e+00,-2.910404920578002930e+00,1.083063602447509766e+00
1.447573184967041016e+00,-2.862832069396972656e+00,1.113468647003173828e+00
-2.567306280136108398e+00,-2.648173332214355469e+00,1.283024668693542480e+00
-2.367930412292480469e+00,-2.709089994430541992e+00,1.392699003219604492e+00
-1.792216181755065918e+00,-2.687684774398803711e+00,1.285374283790588379e+00
-1.494261741638183594e+00,-2.712634563446044922e+00,1.325158953666687012e+00
-1.199739575386047363e+00,-2.763892889022827148e+00,1.128950595855712891e+00
-1.001175761222839355e+00,-2.680710315704345703e+00,1.298558235168457031e+00
-4.425819814205169678e-01,-2.759659528732299805e+00,1.248522877693176270e+00
-1.186874061822891235e-01,-2.768367767333984375e+00,1.255510330200195312e+00
6.003362312912940979e-02,-2.770747184753417969e+00,1.253470659255981445e+00
6.440351009368896484e-01,-2.792026996612548828e+00,1.176458001136779785e+00
8.849598169326782227e-01,-2.723507642745971680e+00,1.322049140930175781e+00
1.723262071609497070e+00,-2.755474567413330078e+00,1.150472760200500488e+00
2.218902826309204102e+00,-2.689708948135375977e+00,1.203944921493530273e+00
2.870077371597290039e+00,-2.647184848785400391e+00,1.157280564308166504e+00
2.966552019119262695e+00,-2.408735990524291992e+00,1.109989404678344727e+00
2.973290920257568359e+00,-2.021120071411132812e+00,1.117393970489501953e+00
3.015000104904174805e+00,-1.696300029754638672e+00,1.222499966621398926e+00
2.944862365722656250e+00,-1.149386405944824219e+00,1.265821456909179688e+00
2.966771364212036133e+00,-8.611152768135070801e-01,1.222071886062622070e+00
-2.850391864776611328e+00,-6.106756329536437988e-01,1.121744036674499512e+00
-2.716691255569458008e+00,-3.769474029541015625e-01,1.272800922393798828e+00
2.958580970764160156e+00,-5.226202011108398438e-01,1.209540128707885742e+00
3.004511356353759766e+00,-1.784997284412384033e-01,1.153305888175964355e+00
3.026029586791992188e+00,1.782942116260528564e-01,1.184043407440185547e+00
3.019569158554077148e+00,4.885446429252624512e-01,1.146416544914245605e+00
3.128783941268920898e+00,9.813113212585449219e-01,1.289111256599426270e+00
3.217000007629394531e+00,1.390769958496093750e+00,1.270499944686889648e+00
3.102492094039916992e+00,1.581546902656555176e+00,1.246549844741821289e+00
3.169532775878906250e+00,1.484532356262207031e+00,1.276002645492553711e+00
-3.031322717666625977e+00,1.966368436813354492e+00,1.062451720237731934e+00
-3.223999977111816406e+00,2.398299932479858398e+00,1.132500052452087402e+00
-2.685487985610961914e+00,2.120595932006835938e+00,1.123560667037963867e+00
2.953999996185302734e+00,2.114099979400634766e+00,1.397500038146972656e+00
-2.631000041961669922e+00,2.710700035095214844e+00,1.293499946594238281e+00
-1.895471692085266113e+00,3.029613494873046875e+00,1.208330154418945312e+00
-1.613022804260253906e+00,3.135667324066162109e+00,1.162123441696166992e+00
-1.123367667198181152e+00,3.102952241897583008e+00,1.215959072113037109e+00
-4.523239731788635254e-01,3.041252136230468750e+00,1.241747379302978516e+00
-1.092673316597938538e-01,3.027142286300659180e+00,1.395639419555664062e+00
2.785851359367370605e-01,3.030909061431884766e+00,1.245207786560058594e+00
5.213585495948791504e-01,3.016016006469726562e+00,1.351598381996154785e+00
8.225772976875305176e-01,2.990791082382202148e+00,1.247729897499084473e+00
1.135418653488159180e+00,2.889625072479248047e+00,1.253985166549682617e+00
1.679080367088317871e+00,2.996933221817016602e+00,1.237447381019592285e+00
1.934800982475280762e+00,2.953137874603271484e+00,1.201602578163146973e+00
2.689265251159667969e+00,2.916845083236694336e+00,1.252248167991638184e+00
-2.006158590316772461e+00,3.209837198257446289e+00,1.101233124732971191e+00
-1.355985879898071289e+00,3.171610832214355469e+00,1.060871720314025879e+00
-2.523914813995361328e+00,-2.576430797576904297e+00,1.472892522811889648e+00
-1.784536838531494141e+00,-2.648720979690551758e+00,1.483945965766906738e+00
-1.494653582572937012e+00,-2.652567863464355469e+00,1.506724357604980469e+00
-1.358838915824890137e+00,-2.619024276733398438e+00,1.547056317329406738e+00
-4.084906280040740967e-01,-2.166712999343872070e+00,1.698821187019348145e+00
2.592601776123046875e-01,-2.162738800048828125e+00,1.655382037162780762e+00
1.301403284072875977e+00,-2.110677957534790039e+00,1.740610957145690918e+00
1.834929466247558594e+00,-2.295168876647949219e+00,1.662538766860961914e+00
-1.070000052452087402e+00,-1.920699954032897949e+00,1.738499999046325684e+00
-1.014828085899353027e+00,-1.798422574996948242e+00,1.731388211250305176e+00
-5.100107192993164062e-01,-1.860731840133666992e+00,1.685610055923461914e+00
5.487425327301025391e-01,-1.997552394866943359e+00,1.714319467544555664e+00
1.201283335685729980e+00,-1.925148367881774902e+00,1.722077965736389160e+00
1.697853565216064453e+00,-2.072057962417602539e+00,1.691474795341491699e+00
1.982655048370361328e+00,-1.991946697235107422e+00,1.695513129234313965e+00
-1.103455662727355957e+00,-1.634465813636779785e+00,1.742028713226318359e+00
-2.381658256053924561e-01,-1.671072483062744141e+00,1.673895835876464844e+00
9.000975489616394043e-01,-1.537003397941589355e+00,1.730686783790588379e+00
1.333630204200744629e+00,-1.568615913391113281e+00,1.723658084869384766e+00
1.538709282875061035e+00,-1.563702225685119629e+00,1.731471657752990723e+00
1.888857364654541016e+00,-1.655778527259826660e+00,1.691464781761169434e+00
2.333035707473754883e+00,-1.517467737197875977e+00,1.708456516265869141e+00
-1.079691290855407715e+00,-1.211161732673645020e+00,1.719990849494934082e+00
-8.597100973129272461e-01,-1.153288125991821289e+00,1.727874159812927246e+00
-5.438921451568603516e-01,-1.218171596527099609e+00,1.709657430648803711e+00
-1.628038436174392700e-01,-1.151974439620971680e+00,1.740672588348388672e+00
5.672290325164794922e-01,-1.237888216972351074e+00,1.723780393600463867e+00
1.232893347740173340e+00,-1.228940010070800781e+00,1.735913872718811035e+00
1.605398654937744141e+00,-1.193605899810791016e+00,1.727312922477722168e+00
1.919693946838378906e+00,-1.274482965469360352e+00,1.732895135879516602e+00
2.186416625976562500e+00,-1.180967926979064941e+00,1.746711969375610352e+00
-2.083525657653808594e+00,-7.959176898002624512e-01,1.656412959098815918e+00
-1.576963543891906738e+00,-7.955912947654724121e-01,1.742415547370910645e+00
-1.228163003921508789e+00,-8.781324625015258789e-01,1.717747211456298828e+00
-1.028080701828002930e+00,-9.300714731216430664e-01,1.737311363220214844e+00
-4.945148229598999023e-01,-7.892656326293945312e-01,1.720385789871215820e+00
-1.773843467235565186e-01,-9.174370765686035156e-01,1.707683324813842773e+00
1.791049167513847351e-02,-9.621401429176330566e-01,1.729206562042236328e+00
6.102467775344848633e-01,-9.318397045135498047e-01,1.745326757431030273e+00
7.433227300643920898e-01,-8.031901717185974121e-01,1.736108183860778809e+00
1.268685579299926758e+00,-9.645191431045532227e-01,1.733759164810180664e+00
1.605603694915771484e+00,-9.799526929855346680e-01,1.720592021942138672e+00
3.013355970382690430e+00,-8.649325370788574219e-01,1.454329490661621094e+00
-4.736799299716949463e-01,-5.166025161743164062e-01,1.718485236167907715e+00
-2.632672199979424477e-03,-6.880941987037658691e-01,1.702565312385559082e+00
6.153861880302429199e-01,-6.032927632331848145e-01,1.747205734252929688e+00
7.337067723274230957e-01,-6.057443022727966309e-01,1.741463661193847656e+00
1.086067676544189453e+00,-5.224845409393310547e-01,1.743919491767883301e+00
1.646723389625549316e+00,-5.133616328239440918e-01,1.713856339454650879e+00
1.877120018005371094e+00,-4.877860248088836670e-01,1.728472709655761719e+00
2.168283939361572266e+00,-4.150531291961669922e-01,1.731194972991943359e+00
2.637000083923339844e+00,-5.787000060081481934e-01,1.735499978065490723e+00
2.955237627029418945e+00,-4.661096036434173584e-01,1.468372702598571777e+00
-2.726988315582275391e+00,-2.743713557720184326e-01,1.423736691474914551e+00
-1.441449761390686035e+00,-2.376634441316127777e-02,1.725056767463684082e+00
-1.222112298011779785e+00,-6.616217643022537231e-02,1.739923000335693359e+00
7.259154915809631348e-01,-3.312756121158599854e-01,1.745171785354614258e+00
1.287902116775512695e+00,-2.114477455615997314e-01,1.735628843307495117e+00
1.595251321792602539e+00,-1.755005121231079102e-01,1.720479011535644531e+00
1.851609468460083008e+00,-2.466222047805786133e-01,1.738823413848876953e+00
2.361837863922119141e+00,-3.413153290748596191e-01,1.744768261909484863e+00
3.004000663757324219e+00,-2.834903895854949951e-01,1.498600244522094727e+00
-1.905628919601440430e+00,1.859655082225799561e-01,1.694463610649108887e+00
-1.228029012680053711e+00,2.082476615905761719e-01,1.739990830421447754e+00
3.661541044712066650e-01,2.178479731082916260e-02,1.744728088378906250e+00
1.144941449165344238e+00,7.846873253583908081e-02,1.728169560432434082e+00
1.446643590927124023e+00,1.136697009205818176e-01,1.714111566543579102e+00
2.527307510375976562e+00,1.558493375778198242e-01,1.719894051551818848e+00
-1.452391147613525391e+00,5.719819664955139160e-01,1.715120434761047363e+00
-1.168132781982421875e+00,5.859620571136474609e-01,1.716322541236877441e+00
-5.105164051055908203e-01,6.712265014648437500e-01,1.735143184661865234e+00
-1.556931138038635254e-01,5.485986471176147461e-01,1.744705438613891602e+00
5.002473592758178711e-01,5.227334499359130859e-01,1.738543272018432617e+00
9.475588798522949219e-01,3.864198327064514160e-01,1.707234859466552734e+00
1.747439503669738770e+00,6.562501192092895508e-01,1.749993801116943359e+00
-2.308000087738037109e+00,7.074699997901916504e-01,1.715499997138977051e+00
-1.914579391479492188e+00,8.402454853057861328e-01,1.715062499046325684e+00
-1.458845973014831543e+00,9.755662679672241211e-01,1.725919365882873535e+00
-1.226167321205139160e+00,8.696258068084716797e-01,1.721240162849426270e+00
-2.118197083473205566e-01,8.305221796035766602e-01,1.743181824684143066e+00
1.636346578598022461e+00,8.875190615653991699e-01,1.734846830368041992e+00
1.863059878349304199e+00,8.590255379676818848e-01,1.743575453758239746e+00
3.000999927520751953e+00,8.469499945640563965e-01,1.737499952316284180e+00
-2.673189878463745117e+00,1.314592838287353516e+00,1.404889822006225586e+00
-2.309866189956665039e+00,1.229360938072204590e+00,1.727974534034729004e+00
-1.541709423065185547e+00,1.280439376831054688e+00,1.708113670349121094e+00
-1.132188081741333008e+00,1.222393155097961426e+00,1.724918961524963379e+00
-9.708462953567504883e-01,1.088205575942993164e+00,1.728206396102905273e+00
-2.407086789608001709e-01,1.353964924812316895e+00,1.676271319389343262e+00
5.281018018722534180e-01,1.188449382781982422e+00,1.714614748954772949e+00
8.889091610908508301e-01,1.329845547676086426e+00,1.721892952919006348e+00
1.065207004547119141e+00,1.324055314064025879e+00,1.746532917022705078e+00
1.625405669212341309e+00,1.161635041236877441e+00,1.742781519889831543e+00
2.311458826065063477e+00,1.298270106315612793e+00,1.745268344879150391e+00
3.037805318832397461e+00,1.061301708221435547e+00,1.468229293823242188e+00
-2.513999938964843750e+00,1.662420034408569336e+00,1.639500021934509277e+00
-2.240607261657714844e+00,1.497498035430908203e+00,1.710690379142761230e+00
-1.938153743743896484e+00,1.577597975730895996e+00,1.738086581230163574e+00
-1.515496611595153809e+00,1.533212661743164062e+00,1.724322080612182617e+00
-1.248748779296875000e+00,1.600884318351745605e+00,1.702997446060180664e+00
-4.958559572696685791e-01,1.458981513977050781e+00,1.709395289421081543e+00
-1.827673763036727905e-01,1.451858878135681152e+00,1.729190707206726074e+00
9.019105434417724609e-01,1.417513608932495117e+00,1.748058319091796875e+00
1.352304697036743164e+00,1.642998695373535156e+00,1.707136631011962891e+00
1.473436951637268066e+00,1.604916334152221680e+00,1.717052698135375977e+00
2.124084949493408203e+00,1.723267078399658203e+00,1.692278861999511719e+00
2.688664436340332031e+00,1.607538700103759766e+00,1.714275956153869629e+00
3.095999956130981445e+00,1.655529975891113281e+00,1.490499973297119141e+00
-1.771353721618652344e+00,1.758019447326660156e+00,1.744815826416015625e+00
-1.727635622024536133e+00,1.894737958908081055e+00,1.730146288871765137e+00
-1.229116439819335938e+00,1.857264757156372070e+00,1.675174236297607422e+00
5.739055275917053223e-01,2.007110595703125000e+00,1.740719079971313477e+00
7.540898323059082031e-01,1.959900140762329102e+00,1.725193977355957031e+00
1.268019199371337891e+00,1.965932369232177734e+00,1.726782083511352539e+00
1.515377521514892578e+00,1.858079552650451660e+00,1.722529888153076172e+00
-1.956157922744750977e+00,2.383023500442504883e+00,1.720260381698608398e+00
-1.654125690460205078e+00,2.214844465255737305e+00,1.696150302886962891e+00
-4.547058939933776855e-01,2.269662141799926758e+00,1.738040328025817871e+00
-2.180413305759429932e-01,2.311253070831298828e+00,1.716245412826538086e+00
5.476220846176147461e-01,2.151825904846191406e+00,1.704872846603393555e+00
9.605200290679931641e-01,2.178781986236572266e+00,1.725311756134033203e+00
1.223280072212219238e+00,2.196855068206787109e+00,1.737477898597717285e+00
-1.628122210502624512e+00,2.665283203125000000e+00,1.645284533500671387e+00
-1.347094178199768066e-01,2.658343076705932617e+00,1.678998708724975586e+00
1.230882287025451660e+00,2.459204196929931641e+00,1.711011052131652832e+00
2.010996580123901367e+00,2.783910989761352539e+00,1.714144468307495117e+00
2.172039508819580078e+00,2.528803586959838867e+00,1.697991609573364258e+00
-1.556255936622619629e+00,3.004373311996459961e+00,1.475685477256774902e+00
-1.069874525070190430e+00,3.104204416275024414e+00,1.447815060615539551e+00
-3.720000088214874268e-01,3.058700084686279297e+00,1.479500055313110352e+00
8.249547481536865234e-01,2.958373069763183594e+00,1.439212203025817871e+00
2.829039573669433594e+00,2.845036506652832031e+00,1.470505118370056152e+00
-4.885873198509216309e-02,-2.385799884796142578e+00,1.756540894508361816e+00
-1.069000005722045898e+00,-1.938400030136108398e+00,1.798499941825866699e+00
-9.528960585594177246e-01,-2.010731458663940430e+00,1.767302751541137695e+00
1.187849119305610657e-01,-1.887496113777160645e+00,1.826112627983093262e+00
5.021099448204040527e-01,-1.833082675933837891e+00,1.753103256225585938e+00
8.922665119171142578e-01,-1.948594927787780762e+00,1.776996135711669922e+00
1.056721806526184082e+00,-1.968253374099731445e+00,1.762100219726562500e+00
1.468540310859680176e+00,-1.986892938613891602e+00,1.759542226791381836e+00
-7.369815111160278320e-01,-1.414163470268249512e+00,1.919034838676452637e+00
-3.763613402843475342e-01,-1.483348965644836426e+00,1.765095233917236328e+00
1.204227954149246216e-01,-1.655058383941650391e+00,1.762119889259338379e+00
-1.825897216796875000e+00,-1.247579574584960938e+00,1.867667198181152344e+00
-1.645976781845092773e+00,-1.176995515823364258e+00,1.830403685569763184e+00
-1.230327486991882324e+00,-1.381337642669677734e+00,1.751662850379943848e+00
-6.527070403099060059e-01,-1.286802887916564941e+00,1.757021427154541016e+00
-2.596935629844665527e-02,-1.166481018066406250e+00,1.757753372192382812e+00
1.049772277474403381e-01,-1.167985796928405762e+00,1.758626818656921387e+00
8.792783617973327637e-01,-1.107852458953857422e+00,1.797161817550659180e+00
1.079459071159362793e+00,-1.188068389892578125e+00,1.763365626335144043e+00
2.330028057098388672e+00,-1.114331364631652832e+00,1.761504054069519043e+00
-1.658537983894348145e+00,-8.309158086776733398e-01,1.780365109443664551e+00
-1.114248037338256836e+00,-7.096208333969116211e-01,1.766727447509765625e+00
-8.143221139907836914e-01,-8.390721678733825684e-01,1.757093667984008789e+00
2.148588895797729492e-01,-8.627916574478149414e-01,1.763748407363891602e+00
4.714695513248443604e-01,-9.130400419235229492e-01,1.764215230941772461e+00
7.268071174621582031e-01,-8.636770248413085938e-01,1.753184318542480469e+00
1.853426694869995117e+00,-7.575554251670837402e-01,1.759151220321655273e+00
2.427000045776367188e+00,-9.650999903678894043e-01,1.753499984741210938e+00
-1.441319346427917480e+00,-6.513467431068420410e-01,1.772411465644836426e+00
-1.285444974899291992e+00,-5.240244865417480469e-01,1.774857282638549805e+00
-1.008478760719299316e+00,-5.020437836647033691e-01,1.764680504798889160e+00
2.157736122608184814e-01,-4.756790697574615479e-01,1.779246687889099121e+00
4.783151745796203613e-01,-5.329655408859252930e-01,1.759482979774475098e+00
9.487293958663940430e-01,-5.997186899185180664e-01,1.751142263412475586e+00
1.076698303222656250e+00,-5.737882256507873535e-01,1.752700090408325195e+00
-1.264980792999267578e+00,-2.924084365367889404e-01,1.781028270721435547e+00
-9.074389338493347168e-01,-2.437448501586914062e-01,1.782927751541137695e+00
1.819050312042236328e-01,-3.033619523048400879e-01,1.793878912925720215e+00
5.371065735816955566e-01,-1.772668957710266113e-01,1.758586883544921875e+00
8.057729005813598633e-01,-2.173628807067871094e-01,1.776255130767822266e+00
1.112198114395141602e+00,-1.551208198070526123e-01,1.760493040084838867e+00
1.552041411399841309e+00,-7.880295743234455585e-04,1.755321025848388672e+00
2.312937259674072266e+00,-6.127755343914031982e-02,1.779528379440307617e+00
-8.310034275054931641e-01,4.760524630546569824e-02,1.779760360717773438e+00
-5.284341573715209961e-01,1.880192160606384277e-01,1.783931255340576172e+00
1.042909994721412659e-01,2.125292718410491943e-01,1.762980699539184570e+00
4.918787181377410889e-01,2.674412131309509277e-01,1.758943080902099609e+00
7.772831916809082031e-01,1.863324195146560669e-01,1.777113914489746094e+00
1.672621846199035645e+00,2.049168348312377930e-01,1.788317918777465820e+00
1.781733274459838867e+00,4.815439134836196899e-02,1.847133636474609375e+00
2.281899452209472656e+00,1.303062438964843750e-01,1.779788255691528320e+00
-1.866314888000488281e+00,5.327894091606140137e-01,1.790089845657348633e+00
-1.645478487014770508e+00,5.060673952102661133e-01,1.762919783592224121e+00
-5.893316268920898438e-01,5.270462036132812500e-01,1.765292644500732422e+00
-7.400639355182647705e-02,4.249910414218902588e-01,1.754471540451049805e+00
1.246909126639366150e-01,5.066165328025817871e-01,1.774575233459472656e+00
4.336529076099395752e-01,4.976935088634490967e-01,1.759503841400146484e+00
1.220905423164367676e+00,5.669082999229431152e-01,1.776277184486389160e+00
1.656423449516296387e+00,5.252638459205627441e-01,1.759757876396179199e+00
1.976821422576904297e+00,4.968140125274658203e-01,1.761362075805664062e+00
2.215940237045288086e+00,6.507059335708618164e-01,1.773149490356445312e+00
2.450340747833251953e+00,3.798499405384063721e-01,1.751887917518615723e+00
-1.779066324234008789e+00,1.032160162925720215e+00,1.751513838768005371e+00
-5.107647180557250977e-01,9.740669727325439453e-01,1.757612228393554688e+00
-4.378040507435798645e-02,7.664875984191894531e-01,1.764449954032897949e+00
5.296767503023147583e-02,8.772565126419067383e-01,1.778212070465087891e+00
5.137542486190795898e-01,7.228360176086425781e-01,1.757612109184265137e+00
9.235185980796813965e-01,7.331615090370178223e-01,1.778589248657226562e+00
1.164138913154602051e+00,8.403219580650329590e-01,1.786958098411560059e+00
1.458093881607055664e+00,8.040386438369750977e-01,1.757786273956298828e+00
2.042547941207885742e+00,9.399413466453552246e-01,1.782590150833129883e+00
2.122483968734741211e+00,1.035074591636657715e+00,1.813668012619018555e+00
2.588278770446777344e+00,9.088436365127563477e-01,1.773916006088256836e+00
-1.913939476013183594e+00,1.107864379882812500e+00,1.764855146408081055e+00
-9.268863201141357422e-01,1.340739846229553223e+00,1.766151070594787598e+00
-3.815506398677825928e-02,1.126443624496459961e+00,1.781916618347167969e+00
1.639830619096755981e-01,1.276422262191772461e+00,1.787174940109252930e+00
1.268446683883666992e+00,1.068076610565185547e+00,1.756754040718078613e+00
1.528047919273376465e+00,1.396115422248840332e+00,1.757928729057312012e+00
1.943583846092224121e+00,1.283159136772155762e+00,1.761584162712097168e+00
2.291732788085937500e+00,1.147334814071655273e+00,1.773593425750732422e+00
-1.755487322807312012e+00,1.541289448738098145e+00,1.755743503570556641e+00
-1.697594881057739258e+00,1.667824029922485352e+00,1.758504152297973633e+00
-7.948355078697204590e-01,1.730485796928405762e+00,1.834123492240905762e+00
-4.505791664123535156e-01,1.608138084411621094e+00,1.785004615783691406e+00
1.882372498512268066e-01,1.449133515357971191e+00,1.789970993995666504e+00
5.286916494369506836e-01,1.495624303817749023e+00,1.775411367416381836e+00
9.926252961158752441e-01,1.707472801208496094e+00,1.760172128677368164e+00
1.123387575149536133e+00,1.471401929855346680e+00,1.756915807723999023e+00
1.542338132858276367e+00,1.497132062911987305e+00,1.757499217987060547e+00
1.750275731086730957e+00,1.473720192909240723e+00,1.764502644538879395e+00
-7.634169459342956543e-01,1.990872859954833984e+00,1.774152636528015137e+00
-4.013192653656005859e-01,1.950471401214599609e+00,1.796218752861022949e+00
-2.413110285997390747e-01,1.953364610671997070e+00,1.805329084396362305e+00
1.874593794345855713e-01,1.957474708557128906e+00,1.796887993812561035e+00
4.534533023834228516e-01,1.880279064178466797e+00,1.785905957221984863e+00
1.469579696655273438e+00,2.039472103118896484e+00,1.750645995140075684e+00
1.867972373962402344e+00,1.939833045005798340e+00,1.761910915374755859e+00
2.338970184326171875e+00,1.837852716445922852e+00,1.897568583488464355e+00
-5.695057511329650879e-01,2.303728342056274414e+00,1.767787098884582520e+00
1.566370010375976562e+00,2.184697151184082031e+00,1.790946245193481445e+00
2.374112606048583984e+00,2.346974849700927734e+00,1.797535300254821777e+00
1.580871224403381348e+00,2.629793167114257812e+00,1.808875441551208496e+00
1.857006669044494629e+00,2.673152685165405273e+00,1.783730864524841309e+00
