-2.740015745162963867e+00,7.138126529753208160e-03,-7.409638881683349609e+00
1.902935206890106201e-01,-2.927320957183837891e+00,-7.067614555358886719e+00
4.739860296249389648e-01,-2.897592306137084961e+00,-7.058468818664550781e+00
-1.237828373908996582e+00,-2.458139419555664062e+00,-7.135494709014892578e+00
-7.590000033378601074e-01,-2.588449954986572266e+00,-7.062349796295166016e+00
1.552071452140808105e+00,-2.506611824035644531e+00,-7.024605751037597656e+00
-1.542923688888549805e+00,-2.164453029632568359e+00,-7.042993068695068359e+00
1.981659770011901855e+00,-2.227696418762207031e+00,-7.038897514343261719e+00
-2.732860088348388672e+00,-2.221424877643585205e-01,-7.304486274719238281e+00
2.879670143127441406e+00,3.840372860431671143e-01,-7.002834796905517578e+00
1.310999989509582520e+00,2.320050001144409180e+00,-7.073949813842773438e+00
1.565000057220458984e+00,2.297049999237060547e+00,-7.049749851226806641e+00
-1.227908372879028320e+00,2.575273752212524414e+00,-7.103279590606689453e+00
-8.386391997337341309e-01,2.671993255615234375e+00,-7.160706520080566406e+00
-1.465862691402435303e-01,2.877056360244750977e+00,-7.091817855834960938e+00
-2.299178093671798706e-01,-2.911370277404785156e+00,-6.946714401245117188e+00
-8.623024225234985352e-01,-2.550959348678588867e+00,-6.809239387512207031e+00
-8.537726104259490967e-02,-2.796462297439575195e+00,-6.920499324798583984e+00
5.849999785423278809e-01,-2.750750064849853516e+00,-6.764750003814697266e+00
1.360015153884887695e+00,-2.731888055801391602e+00,-6.982923507690429688e+00
1.406000018119812012e+00,-2.604049921035766602e+00,-6.966949939727783203e+00
-1.306506991386413574e+00,-2.320691823959350586e+00,-6.733570575714111328e+00
1.694144725799560547e+00,-2.363271474838256836e+00,-6.784508705139160156e+00
2.038313627243041992e+00,-2.131912469863891602e+00,-6.945218563079833984e+00
-1.953537344932556152e+00,-1.936428427696228027e+00,-6.808727264404296875e+00
2.145880699157714844e+00,-1.975425958633422852e+00,-6.796379089355468750e+00
-2.121000051498413086e+00,-1.625749945640563965e+00,-6.677750110626220703e+00
-2.038000106811523438e+00,-1.656450033187866211e+00,-6.952549934387207031e+00
-2.839264392852783203e+00,-4.425312578678131104e-02,-6.925788879394531250e+00
2.901828050613403320e+00,2.278774082660675049e-01,-6.922778606414794922e+00
2.943868637084960938e+00,4.237131178379058838e-01,-6.901117801666259766e+00
2.736155033111572266e+00,8.859512805938720703e-01,-6.839031219482421875e+00
2.607784986495971680e+00,1.152323246002197266e+00,-6.806560993194580078e+00
2.361999988555908203e+00,1.554049968719482422e+00,-6.656750202178955078e+00
1.991313219070434570e+00,1.961378335952758789e+00,-6.939409732818603516e+00
2.119999885559082031e+00,1.831050038337707520e+00,-6.983550071716308594e+00
-1.675891399383544922e+00,2.191636562347412109e+00,-6.787921428680419922e+00
2.144085168838500977e+00,2.135900020599365234e+00,-6.921515464782714844e+00
-1.144958257675170898e+00,2.566155910491943359e+00,-6.937498092651367188e+00
-8.145127892494201660e-01,2.622108221054077148e+00,-6.782912254333496094e+00
-2.140214145183563232e-01,2.733270406723022461e+00,-6.876764297485351562e+00
3.600000143051147461e-01,2.777050018310546875e+00,-6.893750190734863281e+00
-8.415696024894714355e-02,2.802506923675537109e+00,-6.716845989227294922e+00
5.097585320472717285e-01,-2.925794124603271484e+00,-6.500508308410644531e+00
-8.839538097381591797e-01,-2.675362110137939453e+00,-6.462044715881347656e+00
-5.553533434867858887e-01,-2.729220867156982422e+00,-6.432017326354980469e+00
6.850000023841857910e-01,-2.796950101852416992e+00,-6.526750087738037109e+00
1.117435932159423828e+00,-2.671023368835449219e+00,-6.563196182250976562e+00
1.448738694190979004e+00,-2.581761598587036133e+00,-6.411174297332763672e+00
1.910944223403930664e+00,-2.220349788665771484e+00,-6.529097557067871094e+00
-2.110958814620971680e+00,-1.757593393325805664e+00,-6.632522583007812500e+00
2.050194501876831055e+00,-2.091221332550048828e+00,-6.485152721405029297e+00
2.400397300720214844e+00,-1.722471952438354492e+00,-6.465785026550292969e+00
2.786999940872192383e+00,-8.261500000953674316e-01,-6.425749778747558594e+00
2.891397953033447266e+00,-5.336229875683784485e-02,-6.469253540039062500e+00
-2.769999980926513672e+00,2.038500010967254639e-01,-6.333749771118164062e+00
2.860144853591918945e+00,4.436955451965332031e-01,-6.575283050537109375e+00
-2.517087936401367188e+00,1.204792976379394531e+00,-6.321082115173339844e+00
-2.143752336502075195e+00,1.742869496345520020e+00,-6.593684673309326172e+00
2.194562911987304688e+00,1.634663462638854980e+00,-6.453184604644775391e+00
-1.869763731956481934e+00,1.993562340736389160e+00,-6.353537082672119141e+00
-1.770048975944519043e+00,2.121344327926635742e+00,-6.310603618621826172e+00
1.573675751686096191e+00,2.289865016937255859e+00,-6.492911815643310547e+00
-8.282480835914611816e-01,2.625737667083740234e+00,-6.455177307128906250e+00
-4.817143976688385010e-01,2.779912471771240234e+00,-6.394865036010742188e+00
-1.521410495042800903e-01,2.888494253158569336e+00,-6.607403755187988281e+00
2.653465569019317627e-01,2.915046930313110352e+00,-6.588622570037841797e+00
-9.514323472976684570e-01,-2.533255338668823242e+00,-6.146840095520019531e+00
-3.971844911575317383e-01,-2.739002704620361328e+00,-6.178852081298828125e+00
1.312976002693176270e+00,-2.628821849822998047e+00,-6.123409271240234375e+00
1.489481449127197266e+00,-2.534225702285766602e+00,-6.295655250549316406e+00
-1.953356981277465820e+00,-2.116636037826538086e+00,-6.080497264862060547e+00
-1.519173741340637207e+00,-2.264955043792724609e+00,-6.190467834472656250e+00
2.012369394302368164e+00,-2.149423599243164062e+00,-6.144388675689697266e+00
-2.242000102996826172e+00,-1.533599972724914551e+00,-6.191750049591064453e+00
2.431999921798706055e+00,-1.626749992370605469e+00,-6.215750217437744141e+00
2.520591497421264648e+00,-1.635734915733337402e+00,-6.086623191833496094e+00
-2.299821853637695312e+00,-1.117194414138793945e+00,-6.125349044799804688e+00
-2.349758386611938477e+00,-9.101505875587463379e-01,-6.213142395019531250e+00
2.741801500320434570e+00,-1.007176041603088379e+00,-6.145422935485839844e+00
-2.450999975204467773e+00,-5.860499739646911621e-01,-6.057750225067138672e+00
2.894007921218872070e+00,-1.645489633083343506e-01,-6.164749622344970703e+00
-2.832000017166137695e+00,1.036500036716461182e-01,-6.281750202178955078e+00
-2.770351648330688477e+00,1.903552561998367310e-01,-6.090798377990722656e+00
-2.727934837341308594e+00,6.062400937080383301e-01,-6.132573604583740234e+00
-2.631249427795410156e+00,8.676743507385253906e-01,-6.179908752441406250e+00
2.680999994277954102e+00,9.844999313354492188e-01,-6.286749839782714844e+00
-1.869435548782348633e+00,2.043111801147460938e+00,-6.219361305236816406e+00
2.074832916259765625e+00,1.855972647666931152e+00,-6.299759387969970703e+00
-1.775544166564941406e+00,2.133342742919921875e+00,-6.152516365051269531e+00
-1.496074438095092773e+00,2.345834970474243164e+00,-6.225666046142578125e+00
1.256322383880615234e+00,2.364749908447265625e+00,-6.219605922698974609e+00
-1.119849562644958496e+00,2.500340461730957031e+00,-6.253958702087402344e+00
-6.410000324249267578e-01,2.681050062179565430e+00,-6.106249809265136719e+00
-1.687410101294517517e-02,2.692082881927490234e+00,-5.975419998168945312e+00
4.900000095367431641e-01,2.774049997329711914e+00,-6.091750144958496094e+00
1.000866413116455078e+00,2.529219865798950195e+00,-6.049742698669433594e+00
-6.800000369548797607e-02,-2.906250000000000000e+00,-5.835750102996826172e+00
-8.057694435119628906e-01,-2.661727905273437500e+00,-5.815525054931640625e+00
-5.876085162162780762e-01,-2.645860195159912109e+00,-5.751557350158691406e+00
1.509007453918457031e+00,-2.484849691390991211e+00,-5.823336601257324219e+00
-1.751268744468688965e+00,-2.146352052688598633e+00,-5.842555046081542969e+00
-1.683869481086730957e+00,-2.183692932128906250e+00,-5.707954883575439453e+00
-1.380858778953552246e+00,-2.293807744979858398e+00,-5.798650264739990234e+00
1.672267913818359375e+00,-2.350230455398559570e+00,-5.822738647460937500e+00
1.972250342369079590e+00,-2.217612743377685547e+00,-5.781890392303466797e+00
-1.980842232704162598e+00,-1.899674057960510254e+00,-5.796778202056884766e+00
2.410955429077148438e+00,-1.789684057235717773e+00,-5.893857002258300781e+00
-2.207690000534057617e+00,-1.668029189109802246e+00,-5.770209789276123047e+00
-2.350223064422607422e+00,-1.077082991600036621e+00,-5.731870651245117188e+00
2.684080362319946289e+00,-1.180544495582580566e+00,-5.804256916046142578e+00
-2.468254566192626953e+00,-9.496876001358032227e-01,-5.788457393646240234e+00
-2.805440664291381836e+00,-4.088239371776580811e-01,-5.898305416107177734e+00
-2.724866867065429688e+00,-4.496652483940124512e-01,-5.797702789306640625e+00
2.914063930511474609e+00,-5.111952424049377441e-01,-5.756389141082763672e+00
2.880764007568359375e+00,-1.941669583320617676e-01,-5.825222492218017578e+00
2.800014019012451172e+00,3.912523984909057617e-01,-5.818505287170410156e+00
-2.614954233169555664e+00,1.216300845146179199e+00,-5.941806793212890625e+00
1.991696953773498535e+00,1.952272057533264160e+00,-5.851993560791015625e+00
2.131287813186645508e+00,1.947106838226318359e+00,-5.934269428253173828e+00
1.537369608879089355e+00,2.267164707183837891e+00,-5.700370788574218750e+00
1.797898173332214355e+00,2.117908477783203125e+00,-5.604805469512939453e+00
-2.117069959640502930e-01,2.720287799835205078e+00,-5.823411941528320312e+00
6.388285756111145020e-01,2.690908432006835938e+00,-5.891338825225830078e+00
9.103714227676391602e-01,2.646398305892944336e+00,-5.640412330627441406e+00
1.088383674621582031e+00,2.548768758773803711e+00,-5.786446571350097656e+00
1.547266356647014618e-02,3.014913082122802734e+00,-5.768218994140625000e+00
5.730000138282775879e-01,2.804049968719482422e+00,-5.857749938964843750e+00
1.012490913271903992e-01,-2.849559783935546875e+00,-5.269877433776855469e+00
-8.139661550521850586e-01,-2.647738695144653320e+00,-5.594883918762207031e+00
-6.346001029014587402e-01,-2.702115058898925781e+00,-5.313676834106445312e+00
1.466928243637084961e+00,-2.504935979843139648e+00,-5.471966266632080078e+00
-1.763977885246276855e+00,-2.145950317382812500e+00,-5.530023574829101562e+00
-1.661452770233154297e+00,-2.226228237152099609e+00,-5.291834831237792969e+00
-1.381000041961669922e+00,-2.369649887084960938e+00,-5.568749904632568359e+00
-1.946964621543884277e+00,-1.955718398094177246e+00,-5.352806091308593750e+00
2.417000055313110352e+00,-1.724050045013427734e+00,-5.428750038146972656e+00
-2.321763992309570312e+00,-1.297498345375061035e+00,-5.450769424438476562e+00
2.734283208847045898e+00,-1.023350834846496582e+00,-5.268379688262939453e+00
-2.450999975204467773e+00,-6.374499797821044922e-01,-5.472750186920166016e+00
2.897518157958984375e+00,-6.326518058776855469e-01,-5.511174201965332031e+00
2.890033721923828125e+00,-2.777880132198333740e-01,-5.426765441894531250e+00
-2.785000085830688477e+00,5.180000066757202148e-01,-5.338250160217285156e+00
2.785998344421386719e+00,5.332210659980773926e-01,-5.489800453186035156e+00
2.822707653045654297e+00,3.794489502906799316e-01,-5.472512245178222656e+00
2.674064397811889648e+00,9.665500521659851074e-01,-5.450479507446289062e+00
-2.560073614120483398e+00,1.169547557830810547e+00,-5.453372955322265625e+00
2.554765224456787109e+00,1.207646012306213379e+00,-5.505746841430664062e+00
-2.437789916992187500e+00,1.412562251091003418e+00,-5.595709323883056641e+00
1.972943067550659180e+00,1.822024703025817871e+00,-5.308733463287353516e+00
1.498568058013916016e+00,2.282835006713867188e+00,-5.441543102264404297e+00
-5.059999823570251465e-01,2.644049882888793945e+00,-5.571750164031982422e+00
1.439999938011169434e-01,2.689049959182739258e+00,-5.255750179290771484e+00
8.880391716957092285e-01,2.631411075592041016e+00,-5.433889389038085938e+00
9.148802608251571655e-03,-3.035341501235961914e+00,-5.247018814086914062e+00
-7.567899227142333984e-01,-2.630945205688476562e+00,-5.211079597473144531e+00
-5.956811904907226562e-01,-2.593228101730346680e+00,-4.985066890716552734e+00
-2.632143795490264893e-01,-2.704700708389282227e+00,-5.047975540161132812e+00
1.140000104904174805e+00,-2.703299999237060547e+00,-5.092249870300292969e+00
1.565485715866088867e+00,-2.464483499526977539e+00,-5.003339767456054688e+00
-1.959780454635620117e+00,-1.927709341049194336e+00,-5.040359973907470703e+00
2.241809606552124023e+00,-1.847560644149780273e+00,-5.021204948425292969e+00
2.412369251251220703e+00,-1.738299250602722168e+00,-5.153553485870361328e+00
2.458572626113891602e+00,-1.611467123031616211e+00,-4.960536003112792969e+00
-2.316966295242309570e+00,-1.128262877464294434e+00,-5.056858539581298828e+00
2.587647676467895508e+00,-1.248903393745422363e+00,-5.116806507110595703e+00
2.826959133148193359e+00,-7.301588654518127441e-01,-5.083025932312011719e+00
-2.723823547363281250e+00,-6.551237106323242188e-01,-5.024633407592773438e+00
2.849019765853881836e+00,-5.282033085823059082e-01,-5.169284820556640625e+00
2.894419193267822266e+00,-3.265436589717864990e-01,-5.077822208404541016e+00
2.865999937057495117e+00,1.793500036001205444e-01,-5.098750114440917969e+00
-2.750999927520751953e+00,3.909499943256378174e-01,-5.115749835968017578e+00
2.737634897232055664e+00,4.297157227993011475e-01,-5.146759510040283203e+00
2.811907529830932617e+00,3.782666027545928955e-01,-4.910695552825927734e+00
-2.658926486968994141e+00,9.860919117927551270e-01,-4.964217185974121094e+00
2.631787538528442383e+00,8.768984675407409668e-01,-5.080931663513183594e+00
-2.608198165893554688e+00,1.056458473205566406e+00,-4.994963645935058594e+00
2.576999902725219727e+00,1.158049941062927246e+00,-5.035749912261962891e+00
2.192368507385253906e+00,1.618984699249267578e+00,-5.025186061859130859e+00
-1.943565011024475098e+00,1.888983488082885742e+00,-4.995882987976074219e+00
2.055548191070556641e+00,1.825739264488220215e+00,-5.112976551055908203e+00
-1.782999992370605469e+00,2.185050010681152344e+00,-4.949749946594238281e+00
1.279372334480285645e+00,2.363772630691528320e+00,-5.041121482849121094e+00
1.603780031204223633e+00,2.230734348297119141e+00,-5.130840301513671875e+00
1.786302208900451660e+00,2.166675329208374023e+00,-4.951327800750732422e+00
1.316391080617904663e-01,2.781881332397460938e+00,-5.248655796051025391e+00
3.609794080257415771e-01,2.779466152191162109e+00,-4.974896907806396484e+00
1.027390480041503906e+00,2.582352161407470703e+00,-5.054927825927734375e+00
1.030000001192092896e-01,2.892549991607666016e+00,-4.998749732971191406e+00
6.800000071525573730e-01,2.813050031661987305e+00,-5.167749881744384766e+00
-1.134546399116516113e+00,-2.484377384185791016e+00,-4.579119682312011719e+00
-8.923543095588684082e-01,-2.559083700180053711e+00,-4.666047573089599609e+00
-1.706300377845764160e-01,-2.696139335632324219e+00,-4.802267551422119141e+00
5.957076549530029297e-01,-2.782860994338989258e+00,-4.787683486938476562e+00
1.004064083099365234e+00,-2.754712104797363281e+00,-4.645729541778564453e+00
1.454215884208679199e+00,-2.525022983551025391e+00,-4.753889083862304688e+00
-1.635104298591613770e+00,-2.184743404388427734e+00,-4.668039798736572266e+00
-1.285717248916625977e+00,-2.384498596191406250e+00,-4.634307861328125000e+00
1.581957817077636719e+00,-2.360157012939453125e+00,-4.774709701538085938e+00
-1.924852013587951660e+00,-1.991926789283752441e+00,-4.709410667419433594e+00
2.228179454803466797e+00,-1.819619178771972656e+00,-4.835772037506103516e+00
2.385637044906616211e+00,-1.610927104949951172e+00,-4.804905891418457031e+00
2.465629577636718750e+00,-1.535290002822875977e+00,-4.852186203002929688e+00
-2.285875320434570312e+00,-1.211542606353759766e+00,-4.702390193939208984e+00
2.688999891281127930e+00,-1.164250016212463379e+00,-4.621749877929687500e+00
-2.789999961853027344e+00,-7.624499797821044922e-01,-4.770750045776367188e+00
-2.341847181320190430e+00,-1.048560976982116699e+00,-4.628786563873291016e+00
2.920759677886962891e+00,-6.050541400909423828e-01,-4.891618251800537109e+00
-2.835540771484375000e+00,-1.926707029342651367e-01,-4.764728069305419922e+00
2.853893518447875977e+00,-2.707779109477996826e-01,-4.607920646667480469e+00
2.792531013488769531e+00,4.649159014225006104e-01,-4.557976245880126953e+00
2.815268516540527344e+00,4.038963913917541504e-01,-4.805843353271484375e+00
-2.570362567901611328e+00,1.019189238548278809e+00,-4.713490486145019531e+00
2.574945211410522461e+00,1.099248528480529785e+00,-4.725949287414550781e+00
-2.473708868026733398e+00,1.555566072463989258e+00,-4.621414184570312500e+00
-2.332899808883666992e+00,1.622696638107299805e+00,-4.627271175384521484e+00
2.097563982009887695e+00,1.715397715568542480e+00,-4.606510162353515625e+00
-2.131401062011718750e+00,1.769038915634155273e+00,-4.825058460235595703e+00
-1.950870633125305176e+00,2.045008182525634766e+00,-4.820494174957275391e+00
1.950489759445190430e+00,1.977426528930664062e+00,-4.759474754333496094e+00
-1.757867455482482910e+00,2.206160783767700195e+00,-4.729084014892578125e+00
-1.507809400558471680e+00,2.335185289382934570e+00,-4.615430831909179688e+00
1.325516223907470703e+00,2.369907140731811523e+00,-4.722162246704101562e+00
1.470102906227111816e+00,2.297786712646484375e+00,-4.698921680450439453e+00
-8.404163718223571777e-01,2.646602153778076172e+00,-4.721808433532714844e+00
-5.641313195228576660e-01,2.764341831207275391e+00,-4.791707515716552734e+00
2.150000035762786865e-01,2.700050115585327148e+00,-4.797749996185302734e+00
6.219999790191650391e-01,2.695050001144409180e+00,-4.573750019073486328e+00
-5.561220049858093262e-01,2.805877447128295898e+00,-4.619355678558349609e+00
-9.206995964050292969e-01,-2.554857015609741211e+00,-4.363140106201171875e+00
-6.424337029457092285e-01,-2.629999637603759766e+00,-4.471799850463867188e+00
-2.054761052131652832e-01,-2.693758010864257812e+00,-4.390241622924804688e+00
1.453230142593383789e+00,-2.570949554443359375e+00,-4.257601737976074219e+00
-1.768355846405029297e+00,-2.152651309967041016e+00,-4.442952156066894531e+00
-1.419862508773803711e+00,-2.354943513870239258e+00,-4.337445259094238281e+00
-1.386920094490051270e+00,-2.371914625167846680e+00,-4.350529670715332031e+00
1.524182081222534180e+00,-2.343079328536987305e+00,-4.316831588745117188e+00
-1.986371040344238281e+00,-1.928460597991943359e+00,-4.444277286529541016e+00
2.307724714279174805e+00,-1.858488321304321289e+00,-4.512799263000488281e+00
-2.196951627731323242e+00,-1.484107971191406250e+00,-4.443070411682128906e+00
-2.057701587677001953e+00,-1.644964694976806641e+00,-4.407752037048339844e+00
2.392999887466430664e+00,-1.523749947547912598e+00,-4.300749778747558594e+00
2.450469970703125000e+00,-1.520764112472534180e+00,-4.449244499206542969e+00
2.647000074386596680e+00,-1.152250051498413086e+00,-4.499750137329101562e+00
-2.485749721527099609e+00,-7.494940757751464844e-01,-4.229091167449951172e+00
-2.409938573837280273e+00,-9.671342968940734863e-01,-4.220332145690917969e+00
2.638001918792724609e+00,-9.477621316909790039e-01,-4.351083278656005859e+00
2.765000104904174805e+00,-5.242499709129333496e-01,-4.493750095367431641e+00
2.826906204223632812e+00,-4.860152900218963623e-01,-4.368910789489746094e+00
-2.849863290786743164e+00,-1.794332563877105713e-01,-4.340285301208496094e+00
-2.723999977111816406e+00,1.501500010490417480e-01,-4.258749961853027344e+00
-2.609999895095825195e+00,8.894500136375427246e-01,-4.201749801635742188e+00
2.661000013351440430e+00,9.103500247001647949e-01,-4.331749916076660156e+00
2.238631963729858398e+00,1.560882329940795898e+00,-4.384577274322509766e+00
-1.826296329498291016e+00,2.129775762557983398e+00,-4.446089744567871094e+00
-1.470615386962890625e+00,2.388099908828735352e+00,-4.388156890869140625e+00
-9.157630801200866699e-01,2.397760868072509766e+00,-4.219113349914550781e+00
1.243493437767028809e+00,2.402956962585449219e+00,-4.418601036071777344e+00
1.466545939445495605e+00,2.252972364425659180e+00,-4.372138500213623047e+00
1.755319833755493164e+00,2.142035722732543945e+00,-4.472482204437255859e+00
-8.224624991416931152e-01,2.617740154266357422e+00,-4.418850898742675781e+00
-4.665363430976867676e-01,2.787456035614013672e+00,-4.450738430023193359e+00
-5.455981194972991943e-02,2.718863964080810547e+00,-4.310152530670166016e+00
3.754287213087081909e-02,2.696384429931640625e+00,-4.283997058868408203e+00
6.259030103683471680e-01,2.717566967010498047e+00,-4.266000747680664062e+00
7.896093726158142090e-01,2.631724596023559570e+00,-4.475083351135253906e+00
1.146733283996582031e+00,2.473841905593872070e+00,-4.373015403747558594e+00
-1.070999979972839355e+00,-2.665750026702880859e+00,-3.969749927520751953e+00
-8.491711616516113281e-01,-2.618798732757568359e+00,-4.015770912170410156e+00
6.701867580413818359e-01,-2.775791168212890625e+00,-3.973443269729614258e+00
1.474248647689819336e+00,-2.464164018630981445e+00,-4.067132472991943359e+00
-1.923367619514465332e+00,-2.135777950286865234e+00,-4.165174007415771484e+00
-1.505503177642822266e+00,-2.320797443389892578e+00,-4.167402744293212891e+00
1.540605783462524414e+00,-2.438890695571899414e+00,-3.936061382293701172e+00
-2.030610799789428711e+00,-1.992118477821350098e+00,-4.064228057861328125e+00
2.332642078399658203e+00,-1.604955434799194336e+00,-4.072016716003417969e+00
2.586611986160278320e+00,-1.158652424812316895e+00,-3.853115797042846680e+00
-2.423542976379394531e+00,-1.018172144889831543e+00,-4.063169956207275391e+00
-2.575000047683715820e+00,-5.454499721527099609e-01,-3.983750104904174805e+00
-2.773470878601074219e+00,4.238846302032470703e-01,-3.917483806610107422e+00
2.667000055313110352e+00,5.432500243186950684e-01,-4.110750198364257812e+00
-2.722048044204711914e+00,7.231533527374267578e-01,-3.978762626647949219e+00
2.691928863525390625e+00,7.956569194793701172e-01,-4.019634723663330078e+00
-2.528737068176269531e+00,1.500021696090698242e+00,-3.988193273544311523e+00
-2.183880329132080078e+00,1.733892202377319336e+00,-3.939840316772460938e+00
1.735854387283325195e+00,2.034717559814453125e+00,-4.124928951263427734e+00
1.752205967903137207e+00,1.999603867530822754e+00,-3.998921155929565430e+00
1.273751378059387207e+00,2.396888971328735352e+00,-4.113749504089355469e+00
-9.964005947113037109e-01,2.584353446960449219e+00,-4.020393371582031250e+00
-2.421943247318267822e-01,2.690474033355712891e+00,-3.914768695831298828e+00
1.869377195835113525e-01,2.720524787902832031e+00,-3.982967376708984375e+00
8.710902333259582520e-01,2.701226949691772461e+00,-4.118361949920654297e+00
1.113960623741149902e+00,2.489801168441772461e+00,-4.196647644042968750e+00
5.249499082565307617e-01,2.813885688781738281e+00,-3.874318838119506836e+00
-1.066401749849319458e-01,-2.889097690582275391e+00,-3.828672409057617188e+00
-8.104775547981262207e-01,-2.630645751953125000e+00,-3.848754882812500000e+00
-5.487101674079895020e-01,-2.627378463745117188e+00,-3.777760982513427734e+00
-3.179999887943267822e-01,-2.642849922180175781e+00,-3.762749910354614258e+00
1.365377545356750488e+00,-2.523596286773681641e+00,-3.525686502456665039e+00
1.455587863922119141e+00,-2.537657260894775391e+00,-3.782778024673461914e+00
-1.561245441436767578e+00,-2.249795913696289062e+00,-3.650721073150634766e+00
-1.826843738555908203e+00,-1.959674715995788574e+00,-3.613381624221801758e+00
2.350082635879516602e+00,-1.523081064224243164e+00,-3.603171348571777344e+00
2.471999883651733398e+00,-1.630550026893615723e+00,-3.515749931335449219e+00
2.508494377136230469e+00,-1.255744338035583496e+00,-3.694692850112915039e+00
-2.427000045776367188e+00,-1.037750005722045898e+00,-3.652750015258789062e+00
-2.662231683731079102e+00,-6.451995968818664551e-01,-3.765802383422851562e+00
2.815999984741210938e+00,-4.038499891757965088e-01,-3.507750034332275391e+00
-2.943283319473266602e+00,-1.821028888225555420e-01,-3.659117460250854492e+00
2.769999980926513672e+00,-2.281499952077865601e-01,-3.696749925613403320e+00
-2.760738372802734375e+00,3.134609758853912354e-01,-3.762462377548217773e+00
2.837145328521728516e+00,9.085302054882049561e-02,-3.562335968017578125e+00
-2.828734636306762695e+00,4.991960525512695312e-01,-3.558976650238037109e+00
-2.755000114440917969e+00,3.874500095844268799e-01,-3.716749906539916992e+00
2.544604301452636719e+00,9.919104576110839844e-01,-3.510443687438964844e+00
-2.529999971389770508e+00,1.333050012588500977e+00,-3.514750003814697266e+00
2.531896591186523438e+00,1.113254308700561523e+00,-3.536377906799316406e+00
-2.499000072479248047e+00,1.422549962997436523e+00,-3.812250137329101562e+00
2.311124563217163086e+00,1.406309604644775391e+00,-3.586624860763549805e+00
1.713187217712402344e+00,2.025624990463256836e+00,-3.656709194183349609e+00
1.982115268707275391e+00,1.913195610046386719e+00,-3.678366661071777344e+00
2.147090196609497070e+00,1.879248261451721191e+00,-3.807316541671752930e+00
-1.608391284942626953e+00,2.254055023193359375e+00,-3.582302808761596680e+00
9.128943681716918945e-01,2.413571596145629883e+00,-3.559482336044311523e+00
1.252673149108886719e+00,2.389049530029296875e+00,-3.720805644989013672e+00
1.463971853256225586e+00,2.283687114715576172e+00,-3.647190093994140625e+00
-1.149764060974121094e+00,2.510455131530761719e+00,-3.624647140502929688e+00
-1.624973267316818237e-01,2.657329559326171875e+00,-3.632050991058349609e+00
8.098334819078445435e-02,2.758180856704711914e+00,-3.808768749237060547e+00
6.563081741333007812e-01,2.697968959808349609e+00,-3.595027923583984375e+00
6.163657307624816895e-01,2.820999622344970703e+00,-3.791349172592163086e+00
6.251482963562011719e-01,-2.861414670944213867e+00,-3.397721529006958008e+00
-1.102628111839294434e+00,-2.541163682937622070e+00,-3.190681934356689453e+00
-8.870049715042114258e-01,-2.638681411743164062e+00,-3.488749265670776367e+00
-4.202432930469512939e-01,-2.622106075286865234e+00,-3.490697383880615234e+00
8.896352052688598633e-01,-2.696525812149047852e+00,-3.417793273925781250e+00
1.194142580032348633e+00,-2.553799152374267578e+00,-3.448758125305175781e+00
1.484298348426818848e+00,-2.483690261840820312e+00,-3.341172218322753906e+00
-1.391000032424926758e+00,-2.369349956512451172e+00,-3.485749959945678711e+00
-1.778335452079772949e+00,-2.052760601043701172e+00,-3.421941757202148438e+00
2.248433828353881836e+00,-1.620185256004333496e+00,-3.340501785278320312e+00
-2.329132556915283203e+00,-1.188780784606933594e+00,-3.423928022384643555e+00
2.599999904632568359e+00,-1.071849942207336426e+00,-3.387749910354614258e+00
-2.506239891052246094e+00,-7.941396236419677734e-01,-3.191493988037109375e+00
-2.399562120437622070e+00,-1.020218968391418457e+00,-3.255928516387939453e+00
2.769999980926513672e+00,-1.032349944114685059e+00,-3.305749893188476562e+00
-2.803529262542724609e+00,-6.034585833549499512e-01,-3.382866859436035156e+00
2.757745981216430664e+00,-5.556133985519409180e-01,-3.197656393051147461e+00
2.838032484054565430e+00,-5.577041506767272949e-01,-3.412669420242309570e+00
-2.868591547012329102e+00,-2.415812611579895020e-01,-3.234869241714477539e+00
-2.776737451553344727e+00,-1.331558227539062500e-01,-3.387173175811767578e+00
2.770313501358032227e+00,-2.291825860738754272e-01,-3.326752424240112305e+00
2.719126701354980469e+00,2.813052833080291748e-01,-3.183119058609008789e+00
2.839657306671142578e+00,1.123667433857917786e-01,-3.221199750900268555e+00
2.723702669143676758e+00,5.227288007736206055e-01,-3.472476482391357422e+00
-2.715852975845336914e+00,9.165968298912048340e-01,-3.248450517654418945e+00
-2.525326967239379883e+00,1.344248652458190918e+00,-3.377959489822387695e+00
2.378171205520629883e+00,1.100610852241516113e+00,-3.245090246200561523e+00
2.461635828018188477e+00,1.192868828773498535e+00,-3.392810344696044922e+00
-2.538000106811523438e+00,1.402050018310546875e+00,-3.185750007629394531e+00
2.262169837951660156e+00,1.493525743484497070e+00,-3.259984731674194336e+00
-1.808066606521606445e+00,2.055325031280517578e+00,-3.244795799255371094e+00
1.700322747230529785e+00,2.020613193511962891e+00,-3.256736278533935547e+00
2.067631244659423828e+00,1.804305315017700195e+00,-3.377170562744140625e+00
-1.682000041007995605e+00,2.248049974441528320e+00,-3.324749946594238281e+00
1.269406557083129883e+00,2.301697969436645508e+00,-3.247085571289062500e+00
1.466015338897705078e+00,2.183055400848388672e+00,-3.255775213241577148e+00
-1.233999967575073242e+00,2.491050004959106445e+00,-3.370749950408935547e+00
-9.084196388721466064e-02,2.766050577163696289e+00,-3.401558399200439453e+00
2.058067731559276581e-02,2.762473821640014648e+00,-3.161386013031005859e+00
5.347175598144531250e-01,2.701928138732910156e+00,-3.332217693328857422e+00
9.411487579345703125e-01,2.664438247680664062e+00,-3.365242004394531250e+00
-1.620998829603195190e-01,-2.870896816253662109e+00,-3.029526948928833008e+00
2.249409854412078857e-01,-2.873028278350830078e+00,-2.884793281555175781e+00
-8.700000047683715820e-01,-2.659650087356567383e+00,-3.144750118255615234e+00
-1.990000009536743164e-01,-2.704250097274780273e+00,-3.079750061035156250e+00
9.105002284049987793e-01,-2.664585828781127930e+00,-2.952197074890136719e+00
1.378999948501586914e+00,-2.638250112533569336e+00,-2.850749969482421875e+00
-1.795613527297973633e+00,-2.187622547149658203e+00,-3.066760063171386719e+00
-1.395226359367370605e+00,-2.390429258346557617e+00,-3.061951398849487305e+00
1.387266874313354492e+00,-2.415165185928344727e+00,-3.149066209793090820e+00
1.507743835449218750e+00,-2.372668266296386719e+00,-2.984562397003173828e+00
2.153176069259643555e+00,-1.919283986091613770e+00,-2.809690952301025391e+00
2.246000051498413086e+00,-1.717249989509582520e+00,-2.879250049591064453e+00
-2.280618906021118164e+00,-1.132427096366882324e+00,-3.139775276184082031e+00
2.516999959945678711e+00,-1.323750019073486328e+00,-2.859750032424926758e+00
-2.422367572784423828e+00,-9.342696666717529297e-01,-2.977040052413940430e+00
2.679993867874145508e+00,-9.465700984001159668e-01,-3.121184825897216797e+00
2.772261619567871094e+00,-5.593496561050415039e-01,-2.913475036621093750e+00
-2.857443809509277344e+00,-6.324306130409240723e-02,-3.100734233856201172e+00
-2.872223615646362305e+00,2.349372506141662598e-01,-2.958395481109619141e+00
2.822930097579956055e+00,5.952856689691543579e-02,-3.077826023101806641e+00
-2.901487588882446289e+00,5.427285432815551758e-01,-3.045378684997558594e+00
-2.757476806640625000e+00,4.798172116279602051e-01,-2.858739137649536133e+00
2.611962080001831055e+00,5.601468682289123535e-01,-2.972023487091064453e+00
-2.737345933914184570e+00,9.286605119705200195e-01,-2.895124435424804688e+00
2.757566690444946289e+00,8.148803710937500000e-01,-2.842890739440917969e+00
-2.243473052978515625e+00,1.687257528305053711e+00,-2.978623867034912109e+00
2.191034555435180664e+00,1.555195212364196777e+00,-2.964298009872436523e+00
-2.179990291595458984e+00,1.780235886573791504e+00,-2.805730342864990234e+00
-1.852488517761230469e+00,1.994813561439514160e+00,-2.869573831558227539e+00
1.714720845222473145e+00,2.056835174560546875e+00,-3.017104387283325195e+00
1.887440323829650879e+00,1.962511062622070312e+00,-2.949832677841186523e+00
1.278790712356567383e+00,2.374396800994873047e+00,-3.000217914581298828e+00
5.347489714622497559e-01,2.674935817718505859e+00,-2.982390642166137695e+00
8.736014962196350098e-01,2.790170431137084961e+00,-2.981230497360229492e+00
1.933602988719940186e-01,-2.806101322174072266e+00,-2.571541547775268555e+00
3.676256835460662842e-01,-2.965406656265258789e+00,-2.521717309951782227e+00
-7.557845115661621094e-01,-2.667998790740966797e+00,-2.481151342391967773e+00
-4.344999790191650391e-01,-2.681499958038330078e+00,-2.660249948501586914e+00
1.285236924886703491e-01,-2.788648128509521484e+00,-2.736963987350463867e+00
8.548613786697387695e-01,-2.662473917007446289e+00,-2.687949657440185547e+00
-1.270192027091979980e+00,-2.446446657180786133e+00,-2.608407974243164062e+00
1.726226329803466797e+00,-2.240411520004272461e+00,-2.738775968551635742e+00
1.859223127365112305e+00,-2.221682310104370117e+00,-2.739237785339355469e+00
1.923336982727050781e+00,-1.996610999107360840e+00,-2.661180973052978516e+00
2.268001556396484375e+00,-1.642490744590759277e+00,-2.504526376724243164e+00
-2.317221641540527344e+00,-1.130800127983093262e+00,-2.625531673431396484e+00
2.636250972747802734e+00,-1.191353559494018555e+00,-2.610293626785278320e+00
-2.496664047241210938e+00,-8.710598945617675781e-01,-2.737702131271362305e+00
-2.340808868408203125e+00,-1.042408466339111328e+00,-2.472476482391357422e+00
2.705342292785644531e+00,-9.134579300880432129e-01,-2.652457952499389648e+00
-2.685399055480957031e+00,-3.932221233844757080e-01,-2.775787353515625000e+00
2.753489255905151367e+00,-3.562402427196502686e-01,-2.533809423446655273e+00
2.849575281143188477e+00,-6.100193858146667480e-01,-2.583306074142456055e+00
-2.863039493560791016e+00,-3.208779916167259216e-02,-2.617239952087402344e+00
-2.791544198989868164e+00,-2.193143665790557861e-01,-2.635043144226074219e+00
-2.731515407562255859e+00,4.514153599739074707e-01,-2.720809698104858398e+00
2.592684268951416016e+00,5.654004812240600586e-01,-2.795836925506591797e+00
-2.745749950408935547e+00,7.678923606872558594e-01,-2.733584165573120117e+00
-2.616892337799072266e+00,1.408669710159301758e+00,-2.553825616836547852e+00
2.108307123184204102e+00,1.747120618820190430e+00,-2.799177885055541992e+00
-1.890390038490295410e+00,2.035024166107177734e+00,-2.697411298751831055e+00
1.845783352851867676e+00,1.971120834350585938e+00,-2.471801757812500000e+00
-1.608609437942504883e+00,2.241193294525146484e+00,-2.585643291473388672e+00
-1.391812086105346680e+00,2.445945262908935547e+00,-2.688675880432128906e+00
9.239028692245483398e-01,2.425441741943359375e+00,-2.761683464050292969e+00
1.162914156913757324e+00,2.403442382812500000e+00,-2.675157546997070312e+00
1.574250102043151855e+00,2.193686723709106445e+00,-2.653319597244262695e+00
-2.879995703697204590e-01,2.611916780471801758e+00,-2.506726503372192383e+00
1.037413775920867920e-01,2.614905595779418945e+00,-2.587743520736694336e+00
-4.054926037788391113e-01,-2.826606750488281250e+00,-2.260195493698120117e+00
2.617247700691223145e-01,-2.872852802276611328e+00,-2.214760065078735352e+00
-1.427999973297119141e+00,-2.482850074768066406e+00,-2.189749956130981445e+00
-1.050769805908203125e+00,-2.490528821945190430e+00,-2.261982679367065430e+00
-7.568904757499694824e-01,-2.459392309188842773e+00,-2.189526557922363281e+00
-6.805103421211242676e-01,-2.697673082351684570e+00,-2.360724925994873047e+00
1.005011424422264099e-01,-2.766494989395141602e+00,-2.124946117401123047e+00
1.172943592071533203e+00,-2.557583093643188477e+00,-2.143788814544677734e+00
1.533621191978454590e+00,-2.455310344696044922e+00,-2.162866830825805664e+00
1.622021436691284180e+00,-2.355839490890502930e+00,-2.447583436965942383e+00
1.919999957084655762e+00,-1.983649969100952148e+00,-2.114749908447265625e+00
2.188659191131591797e+00,-1.735963106155395508e+00,-2.229533433914184570e+00
-2.283949375152587891e+00,-1.320617318153381348e+00,-2.228751420974731445e+00
2.655399799346923828e+00,-1.164831519126892090e+00,-2.223671436309814453e+00
-2.586822271347045898e+00,-7.774755358695983887e-01,-2.300836563110351562e+00
-2.613051891326904297e+00,-5.665597319602966309e-01,-2.121867656707763672e+00
2.790798664093017578e+00,-6.198349595069885254e-01,-2.186132907867431641e+00
2.820750951766967773e+00,-5.094068050384521484e-01,-2.316701889038085938e+00
-2.849689483642578125e+00,-9.105920046567916870e-02,-2.343440532684326172e+00
-2.934771060943603516e+00,2.438593097031116486e-02,-2.109112501144409180e+00
2.727602481842041016e+00,1.898373067378997803e-01,-2.323859214782714844e+00
-2.763000011444091797e+00,3.926500082015991211e-01,-2.253750085830688477e+00
2.588999986648559570e+00,5.609499812126159668e-01,-2.387749910354614258e+00
2.483392238616943359e+00,9.361594319343566895e-01,-2.372141838073730469e+00
-2.519448518753051758e+00,1.396596193313598633e+00,-2.194465637207031250e+00
2.461360692977905273e+00,1.145177125930786133e+00,-2.440457344055175781e+00
-2.333570241928100586e+00,1.569777250289916992e+00,-2.175613403320312500e+00
2.176759243011474609e+00,1.454649329185485840e+00,-2.221970796585083008e+00
-1.902072787284851074e+00,2.088691473007202148e+00,-2.229879856109619141e+00
1.713632583618164062e+00,2.079218626022338867e+00,-2.190183877944946289e+00
1.888834357261657715e+00,1.916856408119201660e+00,-2.225773334503173828e+00
-1.799398899078369141e+00,2.132162809371948242e+00,-2.320691823959350586e+00
-1.630470752716064453e+00,2.224313735961914062e+00,-2.207848072052001953e+00
-9.765314459800720215e-01,2.389729738235473633e+00,-2.153625965118408203e+00
1.227865815162658691e+00,2.389347076416015625e+00,-2.327962160110473633e+00
1.637586593627929688e+00,2.194445848464965820e+00,-2.291468620300292969e+00
-6.620000004768371582e-01,2.688050031661987305e+00,-2.317749977111816406e+00
-3.163266927003860474e-02,2.687713384628295898e+00,-2.265124320983886719e+00
2.027617692947387695e-01,2.656300067901611328e+00,-2.176978588104248047e+00
6.659100055694580078e-01,2.632809162139892578e+00,-2.351144075393676758e+00
8.971686959266662598e-01,2.617772340774536133e+00,-2.214073896408081055e+00
-4.547377228736877441e-01,-2.637725353240966797e+00,-1.950150370597839355e+00
-2.875736057758331299e-01,-2.661348342895507812e+00,-2.024897098541259766e+00
1.545000076293945312e-01,-2.752315282821655273e+00,-2.004766464233398438e+00
7.937104105949401855e-01,-2.688884019851684570e+00,-1.905721426010131836e+00
1.348882198333740234e+00,-2.481124401092529297e+00,-2.082669973373413086e+00
-1.510025024414062500e+00,-2.259897947311401367e+00,-1.773668289184570312e+00
-1.294716477394104004e+00,-2.381218433380126953e+00,-1.811104178428649902e+00
1.693829655647277832e+00,-2.227317333221435547e+00,-1.878736853599548340e+00
2.022757291793823242e+00,-1.815537691116333008e+00,-1.982982158660888672e+00
2.198399066925048828e+00,-1.776808381080627441e+00,-1.934406399726867676e+00
-2.824991226196289062e+00,-7.546606659889221191e-01,-2.028741359710693359e+00
2.777561664581298828e+00,-5.607072114944458008e-01,-1.905342459678649902e+00
-2.880986213684082031e+00,-1.975526362657546997e-01,-1.925795316696166992e+00
-2.924515485763549805e+00,1.260866820812225342e-01,-2.038946866989135742e+00
-2.773000001907348633e+00,2.785499989986419678e-01,-2.090749979019165039e+00
2.780774354934692383e+00,1.287674754858016968e-01,-1.880037784576416016e+00
-2.906117200851440430e+00,6.640639901161193848e-01,-1.910024642944335938e+00
2.615000009536743164e+00,6.628500223159790039e-01,-1.827749967575073242e+00
2.470978021621704102e+00,8.907678127288818359e-01,-1.803180336952209473e+00
-2.436395406723022461e+00,1.386054039001464844e+00,-2.018779754638671875e+00
-2.419467210769653320e+00,1.404093265533447266e+00,-2.021516323089599609e+00
2.020030975341796875e+00,1.737701177597045898e+00,-2.012611865997314453e+00
2.194025039672851562e+00,1.603848457336425781e+00,-1.891350746154785156e+00
1.702187776565551758e+00,2.039294719696044922e+00,-2.085496902465820312e+00
1.871127128601074219e+00,1.816946744918823242e+00,-1.907206058502197266e+00
1.393791198730468750e+00,2.235187292098999023e+00,-1.948821783065795898e+00
1.471747398376464844e+00,2.195150375366210938e+00,-1.851198434829711914e+00
-1.158848762512207031e+00,2.500534057617187500e+00,-1.862679243087768555e+00
2.411770373582839966e-01,2.664297103881835938e+00,-2.041366577148437500e+00
5.890614390373229980e-01,2.580327272415161133e+00,-1.972644686698913574e+00
9.763060808181762695e-01,2.628657341003417969e+00,-1.933366417884826660e+00
1.152625083923339844e+00,2.460020780563354492e+00,-1.886810183525085449e+00
-8.987011313438415527e-01,-2.607163906097412109e+00,-1.628386616706848145e+00
-4.609659612178802490e-01,-2.661672115325927734e+00,-1.597842812538146973e+00
5.609999895095825195e-01,-2.765049934387207031e+00,-1.701750040054321289e+00
7.870000004768371582e-01,-2.686249971389770508e+00,-1.550750017166137695e+00
1.305776238441467285e+00,-2.440276861190795898e+00,-1.484632492065429688e+00
1.714626789093017578e+00,-2.203509330749511719e+00,-1.571147680282592773e+00
1.764246702194213867e+00,-2.177643775939941406e+00,-1.569463729858398438e+00
1.972235560417175293e+00,-1.935857057571411133e+00,-1.581641316413879395e+00
2.161912918090820312e+00,-1.835798501968383789e+00,-1.619509577751159668e+00
2.539999961853027344e+00,-1.149250030517578125e+00,-1.554749965667724609e+00
2.674999952316284180e+00,-5.880500078201293945e-01,-1.733749985694885254e+00
-2.889902353286743164e+00,-2.277822196483612061e-01,-1.665810585021972656e+00
2.732000112533569336e+00,-1.198500022292137146e-01,-1.491750001907348633e+00
-2.827392101287841797e+00,1.184849888086318970e-01,-1.614904522895812988e+00
2.795458078384399414e+00,2.155220359563827515e-01,-1.557699203491210938e+00
-2.865000009536743164e+00,4.568499922752380371e-01,-1.566750049591064453e+00
2.668780326843261719e+00,4.200181365013122559e-01,-1.498635530471801758e+00
2.538785219192504883e+00,8.447852134704589844e-01,-1.708262562751770020e+00
-2.499000072479248047e+00,1.368049979209899902e+00,-1.552749991416931152e+00
2.274587631225585938e+00,1.398880004882812500e+00,-1.441434860229492188e+00
2.500999927520751953e+00,1.083050012588500977e+00,-1.526749968528747559e+00
-2.206047296524047852e+00,1.682679176330566406e+00,-1.611684799194335938e+00
2.119187355041503906e+00,1.628849744796752930e+00,-1.551603436470031738e+00
-1.895125389099121094e+00,2.010931253433227539e+00,-1.624982833862304688e+00
1.715702772140502930e+00,2.033777236938476562e+00,-1.583621144294738770e+00
1.937496662139892578e+00,1.920846223831176758e+00,-1.511472225189208984e+00
1.243760943412780762e+00,2.355382204055786133e+00,-1.549862742424011230e+00
1.492380499839782715e+00,2.213830471038818359e+00,-1.563968539237976074e+00
-6.284038424491882324e-01,2.563678741455078125e+00,-1.650317549705505371e+00
2.233718931674957275e-01,2.593492031097412109e+00,-1.453093051910400391e+00
3.579547405242919922e-01,2.690231084823608398e+00,-1.706756591796875000e+00
9.084994196891784668e-01,2.547985076904296875e+00,-1.480413079261779785e+00
1.280000060796737671e-01,2.829050064086914062e+00,-1.670750021934509277e+00
-1.142861962318420410e+00,-2.505037069320678711e+00,-1.247087001800537109e+00
-8.599284291267395020e-01,-2.624587059020996094e+00,-1.244919896125793457e+00
-4.017173647880554199e-01,-2.652645826339721680e+00,-1.298189640045166016e+00
3.409999907016754150e-01,-2.792749881744384766e+00,-1.134750008583068848e+00
3.909556269645690918e-01,-2.793144702911376953e+00,-1.257190108299255371e+00
-1.197683095932006836e+00,-2.349148035049438477e+00,-1.265563726425170898e+00
1.359180927276611328e+00,-2.418363332748413086e+00,-1.286206722259521484e+00
1.516041159629821777e+00,-2.316179513931274414e+00,-1.255905985832214355e+00
1.794049024581909180e+00,-2.172906875610351562e+00,-1.280333518981933594e+00
2.110736370086669922e+00,-1.826448321342468262e+00,-1.324196338653564453e+00
2.266000032424926758e+00,-1.690150022506713867e+00,-1.192250013351440430e+00
2.496715545654296875e+00,-1.174365043640136719e+00,-1.201818823814392090e+00
-2.462970495223999023e+00,-7.236629128456115723e-01,-1.186549305915832520e+00
2.621224641799926758e+00,-1.009581804275512695e+00,-1.192849159240722656e+00
-2.852822542190551758e+00,-6.939986944198608398e-01,-1.150536656379699707e+00
-2.800396919250488281e+00,-3.118191361427307129e-01,-1.374521613121032715e+00
-2.872955083847045898e+00,2.795701846480369568e-02,-1.277436017990112305e+00
2.706257820129394531e+00,2.119625508785247803e-01,-1.196877479553222656e+00
2.802472829818725586e+00,1.252904683351516724e-01,-1.058718085289001465e+00
2.425978660583496094e+00,8.588017225265502930e-01,-1.116944193840026855e+00
2.473444700241088867e+00,8.286510705947875977e-01,-1.118536591529846191e+00
-2.543030977249145508e+00,1.242161154747009277e+00,-1.220404982566833496e+00
2.010627269744873047e+00,1.702136158943176270e+00,-1.327539920806884766e+00
2.161345005035400391e+00,1.542916774749755859e+00,-1.334934592247009277e+00
-2.117486476898193359e+00,1.873291134834289551e+00,-1.279297113418579102e+00
1.851451516151428223e+00,1.856695175170898438e+00,-1.369824290275573730e+00
-8.209999799728393555e-01,2.435050010681152344e+00,-1.306750059127807617e+00
1.511108160018920898e+00,2.233853816986083984e+00,-1.208748698234558105e+00
-6.848607957363128662e-02,2.756696701049804688e+00,-1.149505496025085449e+00
3.673902526497840881e-02,2.786467790603637695e+00,-1.132100820541381836e+00
7.764670848846435547e-01,2.600966215133666992e+00,-1.059469938278198242e+00
3.976289033889770508e-01,-2.812403678894042969e+00,-9.418449997901916504e-01
-3.389999866485595703e-01,-2.669349908828735352e+00,-7.157499790191650391e-01
1.206891417503356934e+00,-2.532062768936157227e+00,-9.430513381958007812e-01
-2.010999917984008789e+00,-1.591050028800964355e+00,-7.927500009536743164e-01
2.190315485000610352e+00,-1.699726819992065430e+00,-8.118586540222167969e-01
2.528000116348266602e+00,-1.490849971771240234e+00,-7.767500281333923340e-01
-2.319000005722045898e+00,-1.304900050163269043e+00,-7.942500114440917969e-01
2.457999944686889648e+00,-1.233950018882751465e+00,-9.637500047683715820e-01
2.658904314041137695e+00,-9.968915581703186035e-01,-8.767177462577819824e-01
-2.580100536346435547e+00,-6.191518306732177734e-01,-9.575250148773193359e-01
-2.915827274322509766e+00,-1.336192786693572998e-01,-8.845994472503662109e-01
2.442974090576171875e+00,9.877902269363403320e-01,-7.406152486801147461e-01
2.496454715728759766e+00,9.040959477424621582e-01,-8.251559138298034668e-01
2.137855529785156250e+00,1.532459259033203125e+00,-8.596569895744323730e-01
-1.631739497184753418e+00,2.252324104309082031e+00,-9.474253654479980469e-01
-1.394483208656311035e+00,2.341009616851806641e+00,-7.130188941955566406e-01
1.207583427429199219e+00,2.289418935775756836e+00,-8.825370669364929199e-01
1.530422210693359375e+00,2.151724815368652344e+00,-8.545567393302917480e-01
-7.323082685470581055e-01,2.714922428131103516e+00,-8.294963240623474121e-01
-6.796664595603942871e-01,2.569951057434082031e+00,-8.250478506088256836e-01
1.461243033409118652e-01,2.663429737091064453e+00,-9.254445433616638184e-01
5.598217248916625977e-01,2.572698116302490234e+00,-7.938852906227111816e-01
9.207409024238586426e-01,2.605506896972656250e+00,-9.137763977050781250e-01
-4.139076545834541321e-02,2.826654195785522461e+00,-7.057828307151794434e-01
2.756539881229400635e-01,-2.818901062011718750e+00,-5.724617838859558105e-01
1.018773913383483887e-01,-2.764278411865234375e+00,-5.407612919807434082e-01
6.949999928474426270e-01,-2.588449954986572266e+00,-5.967500209808349609e-01
-1.156333327293395996e+00,-2.354249954223632812e+00,-4.780833423137664795e-01
-1.859303951263427734e+00,-1.874005913734436035e+00,-6.558377742767333984e-01
2.247752189636230469e+00,-1.627705812454223633e+00,-6.115592122077941895e-01
-2.187999963760375977e+00,-1.313150048255920410e+00,-4.977500140666961670e-01
2.494651556015014648e+00,-1.136676192283630371e+00,-6.639191508293151855e-01
-2.469357967376708984e+00,-7.447248697280883789e-01,-4.914833009243011475e-01
2.652623176574707031e+00,-8.969175815582275391e-01,-4.282705485820770264e-01
-2.886639118194580078e+00,-6.537473201751708984e-01,-5.123465061187744141e-01
-2.891419172286987305e+00,-1.290207952260971069e-01,-4.485285282135009766e-01
-2.773224353790283203e+00,3.457944095134735107e-02,-6.004790663719177246e-01
2.429907560348510742e+00,9.748719334602355957e-01,-4.459494650363922119e-01
2.538893699645996094e+00,8.043521046638488770e-01,-5.681329965591430664e-01
2.373195886611938477e+00,1.170245051383972168e+00,-5.568574070930480957e-01
-1.957493662834167480e+00,1.932189464569091797e+00,-4.663461148738861084e-01
1.590276479721069336e+00,2.072249889373779297e+00,-6.851267218589782715e-01
1.883208036422729492e+00,1.892606258392333984e+00,-5.814364552497863770e-01
1.071205496788024902e+00,2.344909906387329102e+00,-5.342797636985778809e-01
1.563698768615722656e+00,2.140865564346313477e+00,-5.426167845726013184e-01
-1.221342206001281738e+00,2.501325845718383789e+00,-4.136756956577301025e-01
-6.102501153945922852e-01,2.592587471008300781e+00,-5.448744893074035645e-01
-2.400000020861625671e-02,2.738049983978271484e+00,-5.617499947547912598e-01
5.768128037452697754e-01,2.681831121444702148e+00,-6.816862821578979492e-01
9.530634284019470215e-01,2.489079236984252930e+00,-4.105797708034515381e-01
1.101698577404022217e-01,-2.809414625167846680e+00,-1.221287716180086136e-02
-7.745006084442138672e-01,-2.464689731597900391e+00,-1.913441158831119537e-02
-3.159485757350921631e-01,-2.540028333663940430e+00,-1.292200684547424316e-01
2.530454397201538086e-01,-2.783259868621826172e+00,-7.300626486539840698e-02
1.199824690818786621e+00,-2.578746795654296875e+00,-1.715586930513381958e-01
1.351387023925781250e+00,-2.411270618438720703e+00,-2.687451243400573730e-01
1.537616252899169922e+00,-2.317364454269409180e+00,-1.960667967796325684e-01
1.818738341331481934e+00,-2.067249536514282227e+00,-2.131722122430801392e-01
-2.053858518600463867e+00,-1.541569948196411133e+00,-1.590547561645507812e-01
2.036999940872192383e+00,-1.727650046348571777e+00,-1.717499941587448120e-01
-2.335999965667724609e+00,-1.349850058555603027e+00,-2.127500027418136597e-01
2.447000026702880859e+00,-1.169350028038024902e+00,-2.787500023841857910e-01
-2.648662567138671875e+00,-7.564641833305358887e-01,-2.708393931388854980e-01
2.559177875518798828e+00,-8.147388100624084473e-01,-2.390421330928802490e-01
2.593022108078002930e+00,-6.371309161186218262e-01,-1.616644263267517090e-01
-2.954683780670166016e+00,-1.160877197980880737e-01,-2.282369136810302734e-01
-2.904000043869018555e+00,5.119500160217285156e-01,-6.374999880790710449e-02
2.598999738693237305e+00,3.784491121768951416e-01,-3.860867023468017578e-02
2.426471948623657227e+00,9.666247367858886719e-01,-1.256764382123947144e-01
2.355891704559326172e+00,1.258068799972534180e+00,-2.312998026609420776e-01
1.975000023841857910e+00,1.669049978256225586e+00,-1.967500001192092896e-01
-2.012898683547973633e+00,1.861211299896240234e+00,-1.492718309164047241e-01
1.804845929145812988e+00,1.945883393287658691e+00,-2.694686129689216614e-02
-1.584110975265502930e+00,2.287319898605346680e+00,-7.947982102632522583e-02
1.254363417625427246e+00,2.419068574905395508e+00,-8.167091012001037598e-02
1.539576053619384766e+00,2.239244937896728516e+00,-2.438443154096603394e-01
-1.414190769195556641e+00,2.451082468032836914e+00,-2.034755796194076538e-01
-1.220171689987182617e+00,2.538875818252563477e+00,-2.367113828659057617e-01
-8.058401346206665039e-01,2.561732769012451172e+00,-2.402992546558380127e-01
-5.749999880790710449e-01,2.589050054550170898e+00,-3.377499878406524658e-01
-4.800000041723251343e-02,2.770050048828125000e+00,-2.247499972581863403e-01
7.809809446334838867e-01,2.609198093414306641e+00,-1.406778693199157715e-01
1.152741193771362305e+00,2.496193408966064453e+00,-1.784137189388275146e-01
-2.046102844178676605e-02,2.802339076995849609e+00,-3.529906505718827248e-03
-9.584500789642333984e-01,-2.474695205688476562e+00,1.517114490270614624e-01
-6.826559901237487793e-01,-2.548891067504882812e+00,1.015361174941062927e-01
-2.300000041723251343e-01,-2.617650032043457031e+00,1.792500019073486328e-01
8.997817039489746094e-01,-2.622115850448608398e+00,1.168253570795059204e-01
1.248623371124267578e+00,-2.513396978378295898e+00,1.180152818560600281e-01
-9.718509912490844727e-01,-2.437448978424072266e+00,3.196882605552673340e-01
1.390440225601196289e+00,-2.416882276535034180e+00,6.042237207293510437e-02
1.627008080482482910e+00,-2.178670883178710938e+00,2.468270808458328247e-01
-1.957000017166137695e+00,-1.767249941825866699e+00,2.152500003576278687e-01
1.972462892532348633e+00,-1.958400487899780273e+00,2.041053771972656250e-01
-2.153443098068237305e+00,-1.449628710746765137e+00,1.166665032505989075e-01
2.178633689880371094e+00,-1.673739433288574219e+00,1.280662864446640015e-01
2.562229394912719727e+00,-9.029265046119689941e-01,2.462549507617950439e-01
2.646000862121582031e+00,-6.135791540145874023e-01,1.621157974004745483e-01
-2.869999885559082031e+00,-3.054999932646751404e-02,3.322499990463256836e-01
2.695633888244628906e+00,-7.809656113386154175e-02,3.761501284316182137e-03
2.601302146911621094e+00,3.237117528915405273e-01,1.636013388633728027e-01
-2.825252056121826172e+00,5.030695199966430664e-01,8.894466608762741089e-02
2.386981487274169922e+00,1.008088588714599609e+00,2.291770577430725098e-01
2.542328596115112305e+00,7.738738059997558594e-01,2.821321133524179459e-03
2.363110780715942383e+00,1.200274705886840820e+00,2.098427414894104004e-01
-2.509999990463256836e+00,1.717049956321716309e+00,2.932499945163726807e-01
-2.021290063858032227e+00,1.853367328643798828e+00,1.845722496509552002e-01
1.960000038146972656e+00,1.871050000190734863e+00,2.192499935626983643e-01
-1.632160067558288574e+00,2.260202646255493164e+00,5.576005578041076660e-02
8.929266929626464844e-01,2.307785034179687500e+00,1.511407494544982910e-01
1.365782737731933594e+00,2.252113103866577148e+00,3.654636815190315247e-02
-1.075227141380310059e+00,2.627548694610595703e+00,2.042849361896514893e-02
-7.358450293540954590e-01,2.675603866577148438e+00,3.010526001453399658e-01
-6.919488310813903809e-01,2.538829803466796875e+00,3.397601544857025146e-01
-4.160725045949220657e-03,2.775881767272949219e+00,2.024170570075511932e-02
1.382051259279251099e-01,2.497899055480957031e+00,1.364242583513259888e-01
7.757220268249511719e-01,2.569371700286865234e+00,9.891118109226226807e-02
-8.440862894058227539e-01,-2.553183794021606445e+00,4.485012888908386230e-01
-2.680000066757202148e-01,-2.691550016403198242e+00,5.462499856948852539e-01
1.289819777011871338e-01,-2.765985488891601562e+00,4.226226508617401123e-01
1.135661959648132324e+00,-2.544564723968505859e+00,6.152831315994262695e-01
-1.483999967575073242e+00,-2.232949972152709961e+00,4.342499971389770508e-01
-1.382673859596252441e+00,-2.291302919387817383e+00,5.377478599548339844e-01
1.358999967575073242e+00,-2.366250038146972656e+00,6.847499608993530273e-01
1.811376214027404785e+00,-2.216054439544677734e+00,4.719432294368743896e-01
2.170090198516845703e+00,-1.910997867584228516e+00,3.745868504047393799e-01
2.551288127899169922e+00,-1.207634687423706055e+00,4.133539497852325439e-01
-2.517127990722656250e+00,-7.428418993949890137e-01,6.122733950614929199e-01
2.671266794204711914e+00,-8.403576016426086426e-01,5.366761684417724609e-01
2.696829319000244141e+00,-5.312843322753906250e-01,4.340007603168487549e-01
2.832999944686889648e+00,-4.213500022888183594e-01,3.712500035762786865e-01
-3.016000032424926758e+00,-8.555000275373458862e-02,4.662500023841857910e-01
-2.961999893188476562e+00,2.330500036478042603e-01,6.772500276565551758e-01
2.575203657150268555e+00,3.308846056461334229e-02,5.021200180053710938e-01
-2.849987506866455078e+00,5.103628039360046387e-01,5.456897020339965820e-01
-2.776000022888183594e+00,5.483499765396118164e-01,4.432500004768371582e-01
-2.644000053405761719e+00,9.372500181198120117e-01,6.682500243186950684e-01
2.411591529846191406e+00,7.972160577774047852e-01,5.502601861953735352e-01
-2.570380449295043945e+00,1.316638588905334473e+00,4.139072000980377197e-01
2.326881170272827148e+00,1.346642374992370605e+00,6.848442554473876953e-01
-2.314446210861206055e+00,1.717347979545593262e+00,6.108432412147521973e-01
2.137784004211425781e+00,1.661726713180541992e+00,4.085280895233154297e-01
-2.140231847763061523e+00,1.856497049331665039e+00,5.222554802894592285e-01
-2.072600841522216797e+00,1.865911602973937988e+00,6.196575164794921875e-01
1.647424578666687012e+00,2.013894796371459961e+00,6.083243489265441895e-01
1.923169732093811035e+00,1.913356065750122070e+00,5.592702627182006836e-01
-1.705200910568237305e+00,2.276429176330566406e+00,4.993189573287963867e-01
9.960197210311889648e-01,2.310205459594726562e+00,6.975419521331787109e-01
1.421184182167053223e+00,2.243112087249755859e+00,4.213967025279998779e-01
7.683345675468444824e-01,2.636414289474487305e+00,4.969756305217742920e-01
-7.723120450973510742e-01,-2.577904462814331055e+00,1.018036246299743652e+00
-1.979099363088607788e-01,-2.631793022155761719e+00,9.138924479484558105e-01
3.165617883205413818e-01,-2.779165029525756836e+00,8.842145800590515137e-01
4.013099670410156250e-01,-2.738723278045654297e+00,8.850276470184326172e-01
7.301197648048400879e-01,-2.580769777297973633e+00,7.938800454139709473e-01
1.229114294052124023e+00,-2.500088930130004883e+00,9.596801996231079102e-01
-1.419999957084655762e+00,-2.332849979400634766e+00,7.032499909400939941e-01
-1.015720844268798828e+00,-2.413636207580566406e+00,9.946675896644592285e-01
2.341863393783569336e+00,-1.478143095970153809e+00,1.009035944938659668e+00
2.411055803298950195e+00,-1.245459318161010742e+00,8.190398812294006348e-01
-2.635841608047485352e+00,-7.155553102493286133e-01,1.014410734176635742e+00
2.576117753982543945e+00,-9.247209429740905762e-01,1.012051105499267578e+00
-2.947000026702880859e+00,-6.233500242233276367e-01,7.132499814033508301e-01
2.710695981979370117e+00,-5.759534835815429688e-01,1.026648759841918945e+00
2.645610809326171875e+00,-2.138729840517044067e-01,8.286022543907165527e-01
2.799999952316284180e+00,-1.844999939203262329e-02,9.362499713897705078e-01
2.698530197143554688e+00,1.251280754804611206e-01,9.481002688407897949e-01
2.610430717468261719e+00,4.004503190517425537e-01,7.910296916961669922e-01
-2.602373600006103516e+00,1.176550865173339844e+00,8.589178323745727539e-01
2.403707742691040039e+00,1.154665589332580566e+00,9.616624116897583008e-01
-2.337152004241943359e+00,1.659457445144653320e+00,7.403273582458496094e-01
-1.884202361106872559e+00,1.948668599128723145e+00,8.561179637908935547e-01
1.756933927536010742e+00,1.886017799377441406e+00,9.698423147201538086e-01
-1.812402009963989258e+00,2.170797348022460938e+00,8.922169804573059082e-01
-1.423561453819274902e+00,2.301692485809326172e+00,1.047708034515380859e+00
1.120247483253479004e+00,2.362649679183959961e+00,8.967363834381103516e-01
1.418044686317443848e+00,2.341330289840698242e+00,7.054895758628845215e-01
-1.316597342491149902e+00,2.517364740371704102e+00,7.913792133331298828e-01
-7.870000004768371582e-01,2.676049947738647461e+00,9.192500114440917969e-01
6.982502341270446777e-01,2.543881654739379883e+00,8.253117203712463379e-01
8.090623617172241211e-01,2.511599540710449219e+00,8.078737258911132812e-01
-1.343708857893943787e-02,-2.905306339263916016e+00,1.329021453857421875e+00
-9.819999933242797852e-01,-2.571549892425537109e+00,1.060250043869018555e+00
-2.198623418807983398e-01,-2.639189243316650391e+00,1.189855337142944336e+00
-9.929999709129333496e-01,-2.417649984359741211e+00,1.090250015258789062e+00
-2.608412265777587891e+00,-1.107398271560668945e+00,1.060988545417785645e+00
-2.398999929428100586e+00,-1.239650011062622070e+00,1.235249996185302734e+00
2.426054716110229492e+00,-1.109407782554626465e+00,1.221870422363281250e+00
-2.557473897933959961e+00,-6.964723467826843262e-01,1.362141966819763184e+00
2.612074851989746094e+00,-5.952944755554199219e-01,1.236617684364318848e+00
2.629829645156860352e+00,1.697409152984619141e-01,1.312857389450073242e+00
2.656668663024902344e+00,4.946294426918029785e-01,1.283553361892700195e+00
2.424993753433227539e+00,1.020348787307739258e+00,1.182059168815612793e+00
2.486000061035156250e+00,8.189499974250793457e-01,1.153249979019165039e+00
2.295316457748413086e+00,1.223465442657470703e+00,1.345891833305358887e+00
-2.308500051498413086e+00,1.583050012588500977e+00,1.159250020980834961e+00
-1.640616893768310547e+00,2.226264476776123047e+00,1.298928856849670410e+00
1.125000000000000000e+00,2.283050060272216797e+00,1.127249956130981445e+00
1.488999962806701660e+00,2.327049970626831055e+00,1.217249989509582520e+00
-8.010225743055343628e-02,2.752160072326660156e+00,1.185184359550476074e+00
2.126700989902019501e-02,2.702706336975097656e+00,1.109208583831787109e+00
4.633757174015045166e-01,2.533206224441528320e+00,1.395814895629882812e+00
8.275818824768066406e-01,2.594103813171386719e+00,1.213975310325622559e+00
-1.143200278282165527e+00,-2.495653867721557617e+00,1.632497906684875488e+00
-9.330858588218688965e-01,-2.508700847625732422e+00,1.513629317283630371e+00
-6.523367762565612793e-01,-2.608973503112792969e+00,1.528443813323974609e+00
-1.899373084306716919e-01,-2.694263219833374023e+00,1.545973181724548340e+00
2.243999958038330078e+00,-1.495849967002868652e+00,1.403249979019165039e+00
-2.944000005722045898e+00,-7.037500143051147461e-01,1.509250044822692871e+00
2.511972188949584961e+00,-7.264730334281921387e-01,1.482823014259338379e+00
2.602823019027709961e+00,-6.318378448486328125e-01,1.578976035118103027e+00
-2.974949359893798828e+00,-2.094250619411468506e-01,1.604114174842834473e+00
2.589903831481933594e+00,1.534902006387710571e-01,1.495113134384155273e+00
2.580976963043212891e+00,3.906422555446624756e-01,1.551918268203735352e+00
-2.576049566268920898e+00,1.323115825653076172e+00,1.421764731407165527e+00
-2.215754747390747070e+00,1.720679879188537598e+00,1.640245079994201660e+00
1.999500036239624023e+00,1.516550064086914062e+00,1.542750000953674316e+00
-1.932999968528747559e+00,2.097049951553344727e+00,1.530249953269958496e+00
1.688523411750793457e+00,1.880552530288696289e+00,1.646747589111328125e+00
-1.674769997596740723e+00,2.324504375457763672e+00,1.524317622184753418e+00
-7.164805531501770020e-01,2.453289031982421875e+00,1.663345694541931152e+00
8.247493207454681396e-02,2.595730543136596680e+00,1.469048142433166504e+00
4.829631447792053223e-01,2.569695949554443359e+00,1.571842789649963379e+00
7.841540575027465820e-01,2.623184204101562500e+00,1.632136344909667969e+00
-1.626559197902679443e-01,-2.889273405075073242e+00,1.990781307220458984e+00
-5.263358354568481445e-01,-2.688308238983154297e+00,1.961373567581176758e+00
-2.605514526367187500e-01,-2.772925615310668945e+00,1.898464560508728027e+00
2.521946728229522705e-01,-2.730703115463256836e+00,1.840600013732910156e+00
-1.415769934654235840e+00,-2.416587591171264648e+00,1.813946843147277832e+00
-1.113000035285949707e+00,-2.439349889755249023e+00,2.044250011444091797e+00
1.343000054359436035e+00,-2.355950117111206055e+00,2.097249984741210938e+00
-2.638000011444091797e+00,-7.590500116348266602e-01,1.827250003814697266e+00
-2.315000057220458984e+00,-9.733499884605407715e-01,1.967249989509582520e+00
-2.962999820709228516e+00,-1.867499947547912598e-01,1.942749977111816406e+00
-2.729583740234375000e+00,-2.752167582511901855e-01,2.046326637268066406e+00
-2.963232755661010742e+00,6.945168133825063705e-03,2.017390489578247070e+00
-2.864000082015991211e+00,8.318499922752380371e-01,1.857249975204467773e+00
-2.594068527221679688e+00,1.157223701477050781e+00,2.041864871978759766e+00
2.192686319351196289e+00,1.268765687942504883e+00,1.986691713333129883e+00
2.528032779693603516e+00,1.068769931793212891e+00,1.889813542366027832e+00
-2.218000650405883789e+00,1.682524800300598145e+00,1.914281606674194336e+00
1.990274548530578613e+00,1.595366835594177246e+00,1.906581044197082520e+00
1.527318954467773438e+00,1.968036890029907227e+00,1.878084301948547363e+00
-1.594314336776733398e+00,2.301615238189697266e+00,1.883445143699645996e+00
-1.337869048118591309e+00,2.353140354156494141e+00,1.921502828598022461e+00
8.539797067642211914e-01,2.387026548385620117e+00,2.084229469299316406e+00
1.262361288070678711e+00,2.240613937377929688e+00,1.908171296119689941e+00
-1.291787385940551758e+00,2.530759096145629883e+00,1.981369495391845703e+00
-8.041107058525085449e-01,2.574741363525390625e+00,1.995321989059448242e+00
-6.240545511245727539e-01,2.580251932144165039e+00,1.904206275939941406e+00
2.690213918685913086e-01,2.559283733367919922e+00,1.939423322677612305e+00
-8.346365690231323242e-01,-2.511206150054931641e+00,2.175107479095458984e+00
-5.938076376914978027e-01,-2.584350109100341797e+00,2.391907215118408203e+00
-2.802815437316894531e-01,-2.644723892211914062e+00,2.104686498641967773e+00
7.531731724739074707e-01,-2.671028375625610352e+00,2.263329029083251953e+00
1.136724233627319336e+00,-2.560787677764892578e+00,2.399159431457519531e+00
-1.282999992370605469e+00,-2.416749954223632812e+00,2.279249906539916992e+00
1.606605410575866699e+00,-2.232275009155273438e+00,2.316420078277587891e+00
1.764000058174133301e+00,-1.930449962615966797e+00,2.109250068664550781e+00
-2.169644594192504883e+00,-1.711469411849975586e+00,2.291770458221435547e+00
-2.257617950439453125e+00,-1.258062243461608887e+00,2.218261957168579102e+00
-2.470221996307373047e+00,-8.307114243507385254e-01,2.155379772186279297e+00
-2.422473430633544922e+00,-8.846176862716674805e-01,2.178035259246826172e+00
2.404999971389770508e+00,-7.916499972343444824e-01,2.204250097274780273e+00
-2.823263883590698242e+00,-5.480829477310180664e-01,2.420587539672851562e+00
-2.993000030517578125e+00,-1.234500035643577576e-01,2.407249927520751953e+00
2.590462923049926758e+00,1.061739772558212280e-01,2.187309980392456055e+00
-3.016999959945678711e+00,3.867500126361846924e-01,2.319250106811523438e+00
2.381999969482421875e+00,7.778500318527221680e-01,2.299250125885009766e+00
-2.584336042404174805e+00,1.157895684242248535e+00,2.253623723983764648e+00
2.194845676422119141e+00,1.291537046432495117e+00,2.240514278411865234e+00
-2.542456388473510742e+00,1.421519875526428223e+00,2.195951938629150391e+00
-2.096999883651733398e+00,1.651049971580505371e+00,2.169250011444091797e+00
1.993240237236022949e+00,1.492599129676818848e+00,2.267252922058105469e+00
1.465223908424377441e+00,2.050269365310668945e+00,2.252752542495727539e+00
-1.958908200263977051e+00,2.184068679809570312e+00,2.276303529739379883e+00
-1.619467735290527344e+00,2.185095787048339844e+00,2.371487855911254883e+00
8.844385743141174316e-01,2.315378189086914062e+00,2.220279216766357422e+00
-7.881630063056945801e-01,2.682551383972167969e+00,2.267550706863403320e+00
-5.900530815124511719e-01,2.695002794265747070e+00,2.153962135314941406e+00
-1.309999972581863403e-01,2.690049886703491211e+00,2.184250116348266602e+00
5.440000295639038086e-01,2.640049934387207031e+00,2.103250026702880859e+00
-4.991556704044342041e-01,-2.607477903366088867e+00,2.595101594924926758e+00
3.170000016689300537e-01,-2.674550056457519531e+00,2.616250038146972656e+00
8.753244876861572266e-01,-2.513783216476440430e+00,2.656631231307983398e+00
-1.245867490768432617e+00,-2.368587970733642578e+00,2.575392723083496094e+00
-1.017278909683227539e+00,-2.408296346664428711e+00,2.747083663940429688e+00
5.890144109725952148e-01,-2.448757886886596680e+00,2.608796358108520508e+00
7.612301707267761230e-01,-2.438601970672607422e+00,2.782579183578491211e+00
1.211613893508911133e+00,-2.336268901824951172e+00,2.729283094406127930e+00
-2.195707559585571289e+00,-1.596175432205200195e+00,2.709671020507812500e+00
-2.231222391128540039e+00,-1.145808935165405273e+00,2.651929616928100586e+00
2.273000001907348633e+00,-1.300950050354003906e+00,2.711250066757202148e+00
-2.457993507385253906e+00,-7.642765641212463379e-01,2.630422115325927734e+00
-2.368899106979370117e+00,-9.096918702125549316e-01,2.600967645645141602e+00
-2.636714458465576172e+00,-5.002154111862182617e-01,2.606620311737060547e+00
2.550189733505249023e+00,-5.649791955947875977e-01,2.694076061248779297e+00
2.680151939392089844e+00,-2.374143600463867188e-01,2.569242954254150391e+00
2.609985828399658203e+00,1.341573596000671387e-01,2.599274158477783203e+00
-2.839674711227416992e+00,5.061345696449279785e-01,2.642189979553222656e+00
-2.598297119140625000e+00,6.561452150344848633e-01,2.673519134521484375e+00
-2.590713739395141602e+00,8.025960326194763184e-01,2.612040042877197266e+00
2.384325742721557617e+00,8.529361486434936523e-01,2.569156646728515625e+00
-2.596999883651733398e+00,1.393049955368041992e+00,2.792249917984008789e+00
2.236286640167236328e+00,1.311085462570190430e+00,2.570794582366943359e+00
1.661011219024658203e+00,1.706166982650756836e+00,2.795882701873779297e+00
1.826149821281433105e+00,1.585639595985412598e+00,2.619683980941772461e+00
-1.936518073081970215e+00,1.890019774436950684e+00,2.606518507003784180e+00
-1.734732866287231445e+00,2.059019565582275391e+00,2.609014749526977539e+00
1.675615310668945312e+00,1.816151380538940430e+00,2.527422904968261719e+00
-1.516719222068786621e+00,2.247102499008178711e+00,2.645926237106323242e+00
-1.249614119529724121e+00,2.442708730697631836e+00,2.582381010055541992e+00
-8.964301347732543945e-01,2.398763656616210938e+00,2.731545448303222656e+00
6.265766620635986328e-01,2.326167345046997070e+00,2.636750698089599609e+00
-9.249418973922729492e-01,2.520845174789428711e+00,2.629135131835937500e+00
-6.610584259033203125e-01,-2.478888750076293945e+00,2.909354448318481445e+00
-1.578586995601654053e-01,-2.551684856414794922e+00,2.963854551315307617e+00
-8.399026393890380859e-01,-2.373137474060058594e+00,3.094114065170288086e+00
6.348695755004882812e-01,-2.394187688827514648e+00,2.970917701721191406e+00
9.027044773101806641e-01,-2.369867086410522461e+00,2.914001464843750000e+00
1.185348033905029297e+00,-2.232024669647216797e+00,2.995461940765380859e+00
1.576134681701660156e+00,-1.968174934387207031e+00,3.071380138397216797e+00
1.988504052162170410e+00,-1.417228937149047852e+00,3.006605863571166992e+00
2.003598928451538086e+00,-1.371626734733581543e+00,3.089480400085449219e+00
2.412992954254150391e+00,-1.093655228614807129e+00,3.016521215438842773e+00
-2.143620967864990234e+00,-1.033112764358520508e+00,3.111836433410644531e+00
2.354965448379516602e+00,-9.593004584312438965e-01,3.061722993850708008e+00
2.560665369033813477e+00,-5.639368295669555664e-01,2.915118455886840820e+00
2.435108184814453125e+00,-1.147646307945251465e-01,3.073015689849853516e+00
2.477648496627807617e+00,1.089241206645965576e-01,3.048604011535644531e+00
-3.007517576217651367e+00,5.776174068450927734e-01,2.861599445343017578e+00
-2.435031175613403320e+00,5.191689133644104004e-01,2.929025173187255859e+00
2.603682041168212891e+00,4.786413311958312988e-01,3.059502601623535156e+00
-2.570638179779052734e+00,9.205150604248046875e-01,2.929421901702880859e+00
2.279475688934326172e+00,8.228885531425476074e-01,2.979307651519775391e+00
-2.495808124542236328e+00,1.273637771606445312e+00,2.968817710876464844e+00
1.964528322219848633e+00,1.283108234405517578e+00,3.090958118438720703e+00
2.247520446777343750e+00,1.171123266220092773e+00,3.110001325607299805e+00
1.616922140121459961e+00,1.678617715835571289e+00,2.937818050384521484e+00
-2.138004064559936523e+00,1.890057921409606934e+00,2.871255159378051758e+00
-1.901526093482971191e+00,1.756367325782775879e+00,2.837187290191650391e+00
-1.692578434944152832e+00,2.024094104766845703e+00,2.843096971511840820e+00
1.353382587432861328e+00,1.885108709335327148e+00,2.989070892333984375e+00
-1.622411012649536133e+00,2.117978572845458984e+00,2.992096185684204102e+00
-1.137450218200683594e+00,2.335216045379638672e+00,3.129799604415893555e+00
-8.212857842445373535e-01,2.298244953155517578e+00,3.071877241134643555e+00
-5.662607550621032715e-01,2.293187856674194336e+00,3.126411437988281250e+00
8.838137239217758179e-02,2.387405157089233398e+00,3.120636463165283203e+00
4.963237941265106201e-01,2.376704692840576172e+00,3.062501430511474609e+00
8.823533058166503906e-01,2.304398536682128906e+00,2.931113481521606445e+00
1.143000006675720215e+00,2.189049959182739258e+00,2.961250066757202148e+00
-7.200000286102294922e-01,2.466049909591674805e+00,2.893249988555908203e+00
-1.356367138214409351e-04,-2.457258939743041992e+00,3.150922060012817383e+00
-8.782342076301574707e-01,-2.255159854888916016e+00,3.311508417129516602e+00
-1.805307716131210327e-01,-2.404019832611083984e+00,3.315898418426513672e+00
5.200451016426086426e-01,-2.348641872406005859e+00,3.325355529785156250e+00
9.627763032913208008e-01,-2.232108592987060547e+00,3.315050840377807617e+00
1.145098686218261719e+00,-2.125683784484863281e+00,3.354613542556762695e+00
1.323703050613403320e+00,-2.052019119262695312e+00,3.213651418685913086e+00
1.518336415290832520e+00,-1.842062592506408691e+00,3.356230735778808594e+00
-1.646999955177307129e+00,-1.685549974441528320e+00,3.278249979019165039e+00
-1.983000040054321289e+00,-1.245650053024291992e+00,3.231249809265136719e+00
2.011220693588256836e+00,-1.166944622993469238e+00,3.259596109390258789e+00
-2.326999902725219727e+00,-7.870500087738037109e-01,3.197249889373779297e+00
-2.026455640792846680e+00,-1.044594645500183105e+00,3.481047868728637695e+00
2.141808509826660156e+00,-9.400193691253662109e-01,3.414879083633422852e+00
2.176185846328735352e+00,-6.646566390991210938e-01,3.477239847183227539e+00
-2.747741460800170898e+00,-6.919460743665695190e-02,3.316403627395629883e+00
2.339386463165283203e+00,-8.976526558399200439e-02,3.347129344940185547e+00
-2.638588905334472656e+00,2.586513459682464600e-01,3.339155912399291992e+00
2.323831796646118164e+00,1.146536245942115784e-01,3.462441682815551758e+00
2.453550100326538086e+00,2.370915561914443970e-01,3.191892862319946289e+00
-2.358989715576171875e+00,6.272594928741455078e-01,3.457315921783447266e+00
2.299901962280273438e+00,4.749662876129150391e-01,3.352532148361206055e+00
-2.430635929107666016e+00,9.467366337776184082e-01,3.163476467132568359e+00
2.049064874649047852e+00,9.726061820983886719e-01,3.355792045593261719e+00
1.700385570526123047e+00,1.388082385063171387e+00,3.357910156250000000e+00
1.959399700164794922e+00,1.143274784088134766e+00,3.302984714508056641e+00
1.403626799583435059e+00,1.545181751251220703e+00,3.462283849716186523e+00
-1.677051067352294922e+00,1.896028995513916016e+00,3.285410642623901367e+00
-1.150930285453796387e+00,2.040814638137817383e+00,3.416873216629028320e+00
1.023635983467102051e+00,1.928295373916625977e+00,3.312332868576049805e+00
1.200866699218750000e+00,1.844767928123474121e+00,3.367239952087402344e+00
-1.822999954223632812e+00,2.323050022125244141e+00,3.306250095367431641e+00
-1.055322885513305664e+00,2.159846067428588867e+00,3.345008134841918945e+00
-9.558844566345214844e-01,2.185706853866577148e+00,3.392323493957519531e+00
-1.592796891927719116e-01,2.332273244857788086e+00,3.368400335311889648e+00
3.010276257991790771e-01,2.302082538604736328e+00,3.187551021575927734e+00
-1.070000007748603821e-01,2.457050085067749023e+00,3.268249988555908203e+00
1.575529724359512329e-01,2.550209760665893555e+00,3.231142282485961914e+00
-1.267506480216979980e-01,-2.263006448745727539e+00,3.654113054275512695e+00
4.810000061988830566e-01,-2.178849935531616211e+00,3.612250089645385742e+00
-9.047865867614746094e-01,-2.030961990356445312e+00,3.540080547332763672e+00
-6.119999885559082031e-01,-1.996850013732910156e+00,3.837249994277954102e+00
5.429415106773376465e-01,-2.029699087142944336e+00,3.742986440658569336e+00
8.700000047683715820e-01,-1.995849967002868652e+00,3.763250112533569336e+00
-1.488936424255371094e+00,-1.466456413269042969e+00,3.770746707916259766e+00
-9.671140909194946289e-01,-1.682756423950195312e+00,3.791182041168212891e+00
-1.399687767028808594e+00,-1.291631460189819336e+00,3.840606451034545898e+00
1.828573822975158691e+00,-1.121458530426025391e+00,3.554535150527954102e+00
-1.787572622299194336e+00,-9.198043942451477051e-01,3.696158647537231445e+00
2.089053153991699219e+00,-9.899647235870361328e-01,3.613019466400146484e+00
2.144299983978271484e+00,-7.412782311439514160e-01,3.617045640945434570e+00
-2.237238645553588867e+00,-3.790247142314910889e-01,3.831806898117065430e+00
2.086772918701171875e+00,-5.630231499671936035e-01,3.717721939086914062e+00
2.123787641525268555e+00,-5.384679436683654785e-01,3.641221284866333008e+00
-2.469760417938232422e+00,-2.134148478507995605e-01,3.613874912261962891e+00
-2.109110593795776367e+00,-2.276775240898132324e-01,3.816451787948608398e+00
-2.028990030288696289e+00,-2.617940902709960938e-01,3.847930669784545898e+00
2.041121244430541992e+00,-1.430967152118682861e-01,3.835364103317260742e+00
2.212392807006835938e+00,-1.243052482604980469e-01,3.551892757415771484e+00
2.070378541946411133e+00,7.750571519136428833e-02,3.782966375350952148e+00
2.175497770309448242e+00,8.872283995151519775e-02,3.642290830612182617e+00
2.014329671859741211e+00,6.240828633308410645e-01,3.662329912185668945e+00
2.203484296798706055e+00,3.965916335582733154e-01,3.557620286941528320e+00
-2.135902643203735352e+00,7.124384641647338867e-01,3.762367725372314453e+00
1.889772176742553711e+00,8.669309020042419434e-01,3.692157983779907227e+00
-1.893449783325195312e+00,1.394834399223327637e+00,3.697105169296264648e+00
1.453778862953186035e+00,1.312046766281127930e+00,3.784399032592773438e+00
1.841835975646972656e+00,1.078979253768920898e+00,3.633604049682617188e+00
-1.817110776901245117e+00,1.490682721138000488e+00,3.510883808135986328e+00
-1.652473211288452148e+00,1.540197849273681641e+00,3.806574344635009766e+00
1.258615016937255859e+00,1.523614287376403809e+00,3.736017942428588867e+00
1.445661783218383789e+00,1.439810156822204590e+00,3.550656080245971680e+00
-1.483884215354919434e+00,1.847260117530822754e+00,3.682704687118530273e+00
-1.322847604751586914e+00,1.822867512702941895e+00,3.724233388900756836e+00
-9.056933522224426270e-01,1.988743782043457031e+00,3.715700149536132812e+00
5.396548509597778320e-01,1.881895542144775391e+00,3.775568962097167969e+00
1.007065057754516602e+00,1.809146881103515625e+00,3.675260305404663086e+00
1.066682100296020508e+00,1.859245061874389648e+00,3.516494035720825195e+00
-6.383813619613647461e-01,2.228379487991333008e+00,3.521304845809936523e+00
-1.286516338586807251e-01,2.146995306015014648e+00,3.639992475509643555e+00
4.009999930858612061e-01,2.153049945831298828e+00,3.673249959945678711e+00
-8.930000066757202148e-01,-1.591750025749206543e+00,3.964250087738037109e+00
8.970000147819519043e-01,-1.745650053024291992e+00,3.852250099182128906e+00
-1.427000045776367188e+00,-1.120749950408935547e+00,4.036250114440917969e+00
-1.839347243309020996e+00,-8.607077002525329590e-01,4.008663654327392578e+00
-1.729427218437194824e+00,-9.277837276458740234e-01,3.861072540283203125e+00
1.808328747749328613e+00,-7.590138912200927734e-01,3.986828804016113281e+00
1.938009619712829590e+00,-5.613820552825927734e-01,3.973021745681762695e+00
-2.041929721832275391e+00,-2.237087190151214600e-01,3.882595777511596680e+00
1.898473620414733887e+00,-1.339012235403060913e-01,4.030761241912841797e+00
-2.163835048675537109e+00,2.680133581161499023e-01,3.946504592895507812e+00
-2.069479942321777344e+00,1.254592686891555786e-01,4.061080932617187500e+00
1.870347380638122559e+00,2.836548388004302979e-01,4.044676780700683594e+00
1.639445781707763672e+00,6.633964776992797852e-01,4.146318912506103516e+00
1.818391323089599609e+00,4.907518923282623291e-01,3.974707603454589844e+00
1.550202608108520508e+00,7.815333604812622070e-01,4.103381156921386719e+00
-1.882572650909423828e+00,1.357943177223205566e+00,3.882237434387207031e+00
9.065665006637573242e-01,1.229788064956665039e+00,4.157467842102050781e+00
1.193058967590332031e+00,1.216879844665527344e+00,4.052639007568359375e+00
-1.555235862731933594e+00,1.732890009880065918e+00,3.958682775497436523e+00
-7.879999876022338867e-01,1.526049971580505371e+00,4.140250205993652344e+00
-3.522282242774963379e-01,1.651880621910095215e+00,4.111285209655761719e+00
6.113014817237854004e-01,1.615157604217529297e+00,4.121428012847900391e+00
8.887883424758911133e-01,1.583391189575195312e+00,3.912387371063232422e+00
1.050098299980163574e+00,1.485524415969848633e+00,3.903802156448364258e+00
-5.904814600944519043e-01,1.937029361724853516e+00,3.966575622558593750e+00
-1.910310387611389160e-01,1.807171821594238281e+00,3.956171035766601562e+00
6.343691945075988770e-01,1.786544322967529297e+00,3.913909912109375000e+00
1.725290536880493164e+00,-2.273919582366943359e-01,4.210481166839599609e+00
-5.180000066757202148e-01,1.550050020217895508e+00,4.244249820709228516e+00
-5.017121434211730957e-01,-1.140025973320007324e+00,5.072956085205078125e+00
-1.840512305498123169e-01,-1.146745324134826660e+00,5.031286239624023438e+00
6.380815804004669189e-02,-1.134879112243652344e+00,5.068396568298339844e+00
6.497365236282348633e-01,-1.054342985153198242e+00,5.104170799255371094e+00
-7.307732105255126953e-01,-7.814943790435791016e-01,5.067848682403564453e+00
-5.765103101730346680e-01,-8.858723044395446777e-01,5.019837379455566406e+00
6.678583621978759766e-01,-9.829396009445190430e-01,4.974930286407470703e+00
8.540601134300231934e-01,-8.263850808143615723e-01,5.064424991607666016e+00
-9.488216638565063477e-01,-5.619574785232543945e-01,5.047160148620605469e+00
1.031564950942993164e+00,-6.508381366729736328e-01,5.196581840515136719e+00
1.112746000289916992e+00,-4.369089305400848389e-01,4.982171535491943359e+00
-1.137556076049804688e+00,-2.445373684167861938e-01,5.099499702453613281e+00
1.152956724166870117e+00,-3.391518890857696533e-01,5.126333236694335938e+00
9.371380805969238281e-01,2.501399517059326172e-01,5.125240325927734375e+00
-8.664871454238891602e-01,4.698742926120758057e-01,5.226280212402343750e+00
-7.569467425346374512e-01,9.030357599258422852e-01,5.226859092712402344e+00
-4.807189106941223145e-01,1.007685899734497070e+00,5.199913024902343750e+00
-3.216181397438049316e-01,1.029528737068176270e+00,5.248930454254150391e+00
-1.917157769203186035e-01,1.143266081809997559e+00,5.106825351715087891e+00
1.606135517358779907e-01,-1.123528480529785156e+00,5.427416324615478516e+00
-8.061962127685546875e-01,-7.646808624267578125e-01,5.443891048431396484e+00
-6.884788870811462402e-01,-9.394161105155944824e-01,5.519629955291748047e+00
6.883648633956909180e-01,-1.042380571365356445e+00,5.286545276641845703e+00
8.852750062942504883e-01,-8.602897524833679199e-01,5.391045570373535156e+00
-1.057452917098999023e+00,-3.808010518550872803e-01,5.306945323944091797e+00
-9.201295971870422363e-01,-5.533866286277770996e-01,5.479907512664794922e+00
1.021198153495788574e+00,-5.211119055747985840e-01,5.422322750091552734e+00
-1.137942075729370117e+00,-1.760563105344772339e-01,5.353866577148437500e+00
1.012723088264465332e+00,-2.156382352113723755e-01,5.469418525695800781e+00
-1.185949444770812988e+00,1.691722124814987183e-01,5.442211151123046875e+00
1.041586995124816895e+00,1.389186680316925049e-01,5.346814632415771484e+00
-9.394022226333618164e-01,5.447138547897338867e-01,5.416678428649902344e+00
8.349999785423278809e-01,4.908500015735626221e-01,5.545249938964843750e+00
-7.414979934692382812e-01,9.209689497947692871e-01,5.418933868408203125e+00
-4.609173536300659180e-01,9.615033268928527832e-01,5.445632934570312500e+00
-1.977796107530593872e-01,1.027601957321166992e+00,5.336795330047607422e+00
3.498891592025756836e-01,9.723868370056152344e-01,5.268964767456054688e+00
4.601282775402069092e-01,9.464287161827087402e-01,5.383190155029296875e+00
-6.025739014148712158e-02,1.059347629547119141e+00,5.355285167694091797e+00
1.292232573032379150e-01,1.075891971588134766e+00,5.337940216064453125e+00
-4.045071899890899658e-01,-1.123352885246276855e+00,5.885061740875244141e+00
-2.925041615962982178e-01,-1.174509644508361816e+00,5.770236492156982422e+00
2.580444514751434326e-01,-1.158311963081359863e+00,5.772745132446289062e+00
6.538677215576171875e-01,-9.815342426300048828e-01,5.672807216644287109e+00
9.128610491752624512e-01,-7.345058321952819824e-01,5.744899749755859375e+00
-8.944300413131713867e-01,-5.374921560287475586e-01,5.779335021972656250e+00
9.804714322090148926e-01,-5.238885879516601562e-01,5.792005062103271484e+00
-1.053606390953063965e+00,-1.529521644115447998e-01,5.620398998260498047e+00
1.073287844657897949e+00,-2.706355452537536621e-01,5.881561279296875000e+00
-1.196329116821289062e+00,3.121511936187744141e-01,5.639510154724121094e+00
8.698139786720275879e-01,1.780490875244140625e-01,5.738917827606201172e+00
-1.300900697708129883e+00,3.854718804359436035e-01,5.714106082916259766e+00
-9.309477806091308594e-01,4.974113404750823975e-01,5.792302608489990234e+00
-5.321836471557617188e-01,9.705301523208618164e-01,5.808658599853515625e+00
-1.497999578714370728e-01,1.040346384048461914e+00,5.798801422119140625e+00
1.930187344551086426e-01,1.010586857795715332e+00,5.625355243682861328e+00
5.014911890029907227e-01,1.008069515228271484e+00,5.743170261383056641e+00
-8.989287167787551880e-02,1.066897273063659668e+00,5.840791225433349609e+00
4.616018012166023254e-02,1.053375005722045898e+00,5.843263626098632812e+00
-4.373308420181274414e-01,-1.094968438148498535e+00,5.985454082489013672e+00
-1.484201252460479736e-01,-1.075347900390625000e+00,6.167399883270263672e+00
1.399936974048614502e-01,-1.083640217781066895e+00,6.136472702026367188e+00
4.266599416732788086e-01,-1.107966423034667969e+00,6.168221950531005859e+00
-7.629624009132385254e-01,-7.593567967414855957e-01,6.154214382171630859e+00
-5.826017856597900391e-01,-9.237127304077148438e-01,6.073145389556884766e+00
6.763342618942260742e-01,-1.030897378921508789e+00,6.116609573364257812e+00
8.418997526168823242e-01,-8.754535317420959473e-01,6.270211219787597656e+00
-1.073720455169677734e+00,-3.866229653358459473e-01,6.201838016510009766e+00
-9.976308941841125488e-01,-4.733531177043914795e-01,6.220603466033935547e+00
9.535024762153625488e-01,-6.287521123886108398e-01,6.095325946807861328e+00
1.086971044540405273e+00,-4.346284568309783936e-01,6.224892616271972656e+00
-1.219409465789794922e+00,-1.175335645675659180e-01,6.221160888671875000e+00
1.087302565574645996e+00,-1.455303728580474854e-01,6.187185287475585938e+00
8.468795418739318848e-01,1.867722421884536743e-01,6.057607173919677734e+00
-1.061195969581604004e+00,4.645427167415618896e-01,5.977265834808349609e+00
-9.718289971351623535e-01,6.156743764877319336e-01,6.121511936187744141e+00
8.421025276184082031e-01,4.175951480865478516e-01,6.111226081848144531e+00
-8.372392654418945312e-01,7.975579500198364258e-01,6.214206218719482422e+00
-5.358692407608032227e-01,9.609903693199157715e-01,6.141883373260498047e+00
3.486589193344116211e-01,1.008953213691711426e+00,6.150990486145019531e+00
5.014151334762573242e-01,8.669765591621398926e-01,6.288953781127929688e+00
-2.215698063373565674e-01,1.116255402565002441e+00,6.175358772277832031e+00
2.003342807292938232e-01,1.086536049842834473e+00,6.204870700836181641e+00
-8.031952381134033203e-01,-7.802393436431884766e-01,6.343990802764892578e+00
-4.350484907627105713e-01,-9.356231093406677246e-01,6.572080612182617188e+00
-2.249393016099929810e-01,-9.831263422966003418e-01,6.423246860504150391e+00
1.158725842833518982e-01,-1.044521570205688477e+00,6.355615139007568359e+00
5.465388894081115723e-01,-9.740334749221801758e-01,6.441625118255615234e+00
8.562138676643371582e-01,-8.925846219062805176e-01,6.332159042358398438e+00
-1.070559501647949219e+00,-3.663047850131988525e-01,6.562667846679687500e+00
-9.807328581809997559e-01,-5.362248420715332031e-01,6.544904232025146484e+00
1.010962247848510742e+00,-4.881305098533630371e-01,6.550159454345703125e+00
1.051637530326843262e+00,-4.186587631702423096e-01,6.443325042724609375e+00
-1.193715929985046387e+00,-2.399398982524871826e-01,6.457608222961425781e+00
9.884260296821594238e-01,-5.597250536084175110e-02,6.488481998443603516e+00
-1.317517042160034180e+00,1.954796165227890015e-01,6.573249816894531250e+00
8.513820767402648926e-01,1.799428015947341919e-01,6.376940250396728516e+00
1.171154141426086426e+00,1.344089023768901825e-02,6.456254005432128906e+00
-1.137291669845581055e+00,3.728141486644744873e-01,6.638362884521484375e+00
-1.004375934600830078e+00,5.262792110443115234e-01,6.386651992797851562e+00
-7.759816646575927734e-01,7.961438298225402832e-01,6.488362789154052734e+00
-5.381677150726318359e-01,9.363641738891601562e-01,6.435334682464599609e+00
-2.311428487300872803e-01,1.013371467590332031e+00,6.528595447540283203e+00
1.917686909437179565e-01,1.037447571754455566e+00,6.439474105834960938e+00
5.448002219200134277e-01,7.516276240348815918e-01,6.334234714508056641e+00
-6.190426647663116455e-02,-1.093074560165405273e+00,6.852235317230224609e+00
3.253485858440399170e-01,-1.131291866302490234e+00,6.674759864807128906e+00
4.969543516635894775e-01,-1.198718309402465820e+00,6.907636165618896484e+00
-5.051832199096679688e-01,-9.386367797851562500e-01,6.846722602844238281e+00
-2.810381650924682617e-01,-9.980670809745788574e-01,6.780630588531494141e+00
1.121767833828926086e-01,-1.048197031021118164e+00,6.676412105560302734e+00
6.695577502250671387e-01,-9.428632259368896484e-01,6.852592945098876953e+00
8.379806876182556152e-01,-7.975414395332336426e-01,6.719469070434570312e+00
-9.668521881103515625e-01,-4.730708599090576172e-01,6.895001411437988281e+00
1.002030134201049805e+00,-5.025752186775207520e-01,6.788218498229980469e+00
-1.200228929519653320e+00,-1.901816427707672119e-01,6.856631755828857422e+00
1.008456945419311523e+00,-2.706483602523803711e-01,6.765600681304931641e+00
-1.279668450355529785e+00,2.872320711612701416e-01,6.809579372406005859e+00
1.256827712059020996e+00,1.955321729183197021e-01,6.686397075653076172e+00
-1.097489237785339355e+00,4.418084919452667236e-01,6.881904125213623047e+00
-9.000543355941772461e-01,6.076200008392333984e-01,6.674035072326660156e+00
-1.177887439727783203e+00,9.451918601989746094e-01,6.653137207031250000e+00
-7.721741795539855957e-01,7.545386552810668945e-01,6.841543674468994141e+00
-5.330755114555358887e-01,8.920975923538208008e-01,6.862544536590576172e+00
-3.122207522392272949e-01,1.011298298835754395e+00,6.839036941528320312e+00
1.018684878945350647e-01,1.028836250305175781e+00,6.843625545501708984e+00
4.719008803367614746e-01,7.640560269355773926e-01,6.941413879394531250e+00
-9.664098918437957764e-02,1.061856865882873535e+00,6.807148933410644531e+00
-1.326212286949157715e-02,-1.113212823867797852e+00,7.099782943725585938e+00
2.030737996101379395e-01,-1.106064200401306152e+00,7.117723464965820312e+00
3.798703849315643311e-01,-1.125087857246398926e+00,7.102880477905273438e+00
-5.975816845893859863e-01,-8.479446172714233398e-01,7.228893280029296875e+00
-1.944923214614391327e-02,-9.430825710296630859e-01,7.265655517578125000e+00
1.476139575242996216e-01,-9.389261007308959961e-01,7.256005764007568359e+00
3.988012671470642090e-01,-1.026298880577087402e+00,7.313414573669433594e+00
-9.751910567283630371e-01,-3.854902684688568115e-01,7.201639175415039062e+00
-6.630041599273681641e-01,-6.611657142639160156e-01,7.200861454010009766e+00
-4.311558231711387634e-02,-6.287357211112976074e-01,7.297027111053466797e+00
3.073477447032928467e-01,-6.279364228248596191e-01,7.281649589538574219e+00
9.052190780639648438e-01,-6.055430769920349121e-01,7.059777259826660156e+00
-1.316989898681640625e+00,-1.066990196704864502e-01,7.185780525207519531e+00
-1.262049436569213867e+00,5.736898630857467651e-02,7.144204616546630859e+00
-9.037576317787170410e-01,1.550568491220474243e-01,7.188355922698974609e+00
-4.814752340316772461e-01,1.770013719797134399e-01,7.282672882080078125e+00
1.526227295398712158e-01,2.309766113758087158e-01,7.242244720458984375e+00
3.701294064521789551e-01,3.321539461612701416e-01,7.333635330200195312e+00
7.969999909400939941e-01,1.986500024795532227e-01,7.117249965667724609e+00
-1.174575328826904297e+00,5.629553198814392090e-01,7.170020580291748047e+00
-2.674641013145446777e-01,4.815833568572998047e-01,7.265405178070068359e+00
2.326103746891021729e-01,5.461360216140747070e-01,7.283116340637207031e+00
4.465711116790771484e-01,6.811214089393615723e-01,7.326221466064453125e+00
-8.267051577568054199e-01,8.481502532958984375e-01,7.223079204559326172e+00
-5.290847420692443848e-01,8.978317975997924805e-01,7.196362018585205078e+00
-1.799782067537307739e-01,9.752756953239440918e-01,7.188398838043212891e+00
6.837511807680130005e-02,9.414631128311157227e-01,7.299370765686035156e+00
5.681379437446594238e-01,8.182079195976257324e-01,7.330369949340820312e+00
-4.777525737881660461e-02,1.064668416976928711e+00,7.150159835815429688e+00
1.171739473938941956e-01,1.064551711082458496e+00,7.098412036895751953e+00
-1.311638951301574707e+00,3.301377594470977783e-01,7.372926712036132812e+00
2.579999864101409912e-01,1.028499975800514221e-01,7.368249893188476562e+00
5.600856542587280273e-01,5.190094113349914551e-01,7.360754966735839844e+00
