-1.878724932670593262e+00,-2.853996276855468750e+00,-2.943982839584350586e+00
-9.479619860649108887e-01,-2.858112573623657227e+00,-2.846390724182128906e+00
-2.976375818252563477e+00,-2.694772005081176758e+00,-2.821543216705322266e+00
-2.578699588775634766e+00,-2.768604278564453125e+00,-2.908976078033447266e+00
-1.597749710083007812e+00,-2.724119901657104492e+00,-2.810169696807861328e+00
-6.249608993530273438e-01,-2.760901212692260742e+00,-2.840840101242065430e+00
-3.583623096346855164e-02,-2.780762195587158203e+00,-2.929754495620727539e+00
6.145365908741950989e-02,-2.752663850784301758e+00,-2.964707136154174805e+00
1.146434545516967773e+00,-2.756721258163452148e+00,-2.921333789825439453e+00
1.671402096748352051e+00,-2.700423955917358398e+00,-3.022053003311157227e+00
1.912378311157226562e+00,-2.698786973953247070e+00,-2.940645694732666016e+00
2.216764450073242188e+00,-2.695409059524536133e+00,-2.900629997253417969e+00
2.548704862594604492e+00,-2.694639205932617188e+00,-2.864412069320678711e+00
3.174312591552734375e+00,-2.668843269348144531e+00,-2.836984634399414062e+00
4.788663864135742188e+00,-7.290813326835632324e-01,-2.861471414566040039e+00
4.909296035766601562e+00,-3.320719599723815918e-01,-2.866420745849609375e+00
4.793724060058593750e+00,6.138779222965240479e-02,-2.898916482925415039e+00
4.721858978271484375e+00,1.165364503860473633e+00,-2.861211538314819336e+00
4.915267944335937500e+00,1.059221744537353516e+00,-2.879660367965698242e+00
4.722969055175781250e+00,1.665818691253662109e+00,-2.893167495727539062e+00
9.637857675552368164e-01,2.705863952636718750e+00,-2.801282644271850586e+00
1.495724201202392578e+00,2.731861114501953125e+00,-2.818955659866333008e+00
-3.917461633682250977e+00,-2.576905965805053711e+00,-2.700851202011108398e+00
-3.615672111511230469e+00,-2.599069833755493164e+00,-2.498085498809814453e+00
-3.223149538040161133e+00,-2.583584070205688477e+00,-2.452337265014648438e+00
-2.508012533187866211e+00,-2.713830947875976562e+00,-2.662502765655517578e+00
-2.182942867279052734e+00,-2.627238988876342773e+00,-2.641381025314331055e+00
-1.960838556289672852e+00,-2.668871641159057617e+00,-2.582746982574462891e+00
-1.546722531318664551e+00,-2.691858291625976562e+00,-2.776869773864746094e+00
-1.239886403083801270e+00,-2.695943355560302734e+00,-2.626880645751953125e+00
-8.571424484252929688e-01,-2.663130760192871094e+00,-2.625507593154907227e+00
-5.524111986160278320e-01,-2.696716308593750000e+00,-2.745368003845214844e+00
-1.215835660696029663e-01,-2.695471048355102539e+00,-2.564871549606323242e+00
1.180761754512786865e-01,-2.631501436233520508e+00,-2.619856119155883789e+00
5.642490983009338379e-01,-2.717851638793945312e+00,-2.627656221389770508e+00
8.385065793991088867e-01,-2.729086875915527344e+00,-2.610144615173339844e+00
1.248544692993164062e+00,-2.692880868911743164e+00,-2.555091857910156250e+00
1.619953036308288574e+00,-2.725852489471435547e+00,-2.696753978729248047e+00
2.044661045074462891e+00,-2.622751712799072266e+00,-2.535795688629150391e+00
2.147555828094482422e+00,-2.644446611404418945e+00,-2.719758033752441406e+00
2.553285121917724609e+00,-2.630647182464599609e+00,-2.641485691070556641e+00
2.864358901977539062e+00,-2.662485599517822266e+00,-2.526422500610351562e+00
3.259363889694213867e+00,-2.651186943054199219e+00,-2.734918832778930664e+00
4.463130950927734375e+00,-1.826739311218261719e+00,-2.701417207717895508e+00
-4.992729663848876953e+00,-8.842574954032897949e-01,-2.638575077056884766e+00
4.841937065124511719e+00,-8.676012158393859863e-01,-2.577351570129394531e+00
-5.012068748474121094e+00,-5.042251348495483398e-01,-2.551584720611572266e+00
-5.055559158325195312e+00,-2.875468134880065918e-01,-2.545548439025878906e+00
4.804000854492187500e+00,-2.018447965383529663e-01,-2.515962123870849609e+00
4.816808223724365234e+00,1.927412003278732300e-01,-2.521088600158691406e+00
-5.050352096557617188e+00,8.432626724243164062e-01,-2.623214721679687500e+00
4.689246177673339844e+00,7.178460359573364258e-01,-2.523803234100341797e+00
-4.801964282989501953e+00,1.268856883049011230e+00,-2.578000783920288086e+00
4.770816802978515625e+00,1.147773027420043945e+00,-2.666564464569091797e+00
-4.295802593231201172e+00,2.120770454406738281e+00,-2.452193260192871094e+00
-3.705173969268798828e+00,2.630368471145629883e+00,-2.638491868972778320e+00
-3.092911720275878906e+00,2.614483833312988281e+00,-2.563673019409179688e+00
-2.622950553894042969e+00,2.677318334579467773e+00,-2.459032535552978516e+00
-2.089530229568481445e+00,2.621732950210571289e+00,-2.474421977996826172e+00
-1.492616295814514160e+00,2.654487609863281250e+00,-2.616742134094238281e+00
-1.225191473960876465e+00,2.723007202148437500e+00,-2.581211090087890625e+00
-1.039416432380676270e+00,2.751809358596801758e+00,-2.530746936798095703e+00
-5.795828700065612793e-01,2.711985826492309570e+00,-2.636288881301879883e+00
-6.218221038579940796e-02,2.636837005615234375e+00,-2.650039196014404297e+00
2.135589867830276489e-01,2.664443731307983398e+00,-2.654539585113525391e+00
4.781061708927154541e-01,2.673679590225219727e+00,-2.682771682739257812e+00
9.449095726013183594e-01,2.701300859451293945e+00,-2.676444053649902344e+00
1.325026392936706543e+00,2.666960716247558594e+00,-2.666425466537475586e+00
1.576490879058837891e+00,2.674781322479248047e+00,-2.682294607162475586e+00
1.758609056472778320e+00,2.701932191848754883e+00,-2.716201782226562500e+00
2.327193260192871094e+00,2.689558029174804688e+00,-2.651905059814453125e+00
2.687119245529174805e+00,2.679056882858276367e+00,-2.451333761215209961e+00
-3.544440984725952148e+00,2.920043468475341797e+00,-2.666337728500366211e+00
-1.475942015647888184e+00,-2.833424806594848633e+00,-2.433298110961914062e+00
-3.673680067062377930e+00,-2.644207477569580078e+00,-2.206600666046142578e+00
-3.261205434799194336e+00,-2.635267496109008789e+00,-2.272864103317260742e+00
-3.022402524948120117e+00,-2.638837337493896484e+00,-2.302818298339843750e+00
-2.510289192199707031e+00,-2.760986804962158203e+00,-2.206607818603515625e+00
-2.130707740783691406e+00,-2.690041780471801758e+00,-2.311259746551513672e+00
-1.221951246261596680e+00,-2.695661783218383789e+00,-2.265021324157714844e+00
-8.834214210510253906e-01,-2.638029336929321289e+00,-2.202751874923706055e+00
-5.434496402740478516e-01,-2.628844261169433594e+00,-2.201051235198974609e+00
-2.128886580467224121e-01,-2.679014682769775391e+00,-2.112502336502075195e+00
1.715060919523239136e-01,-2.697994232177734375e+00,-2.288676738739013672e+00
6.547266840934753418e-01,-2.690186262130737305e+00,-2.240957260131835938e+00
9.091434478759765625e-01,-2.712802410125732422e+00,-2.184885501861572266e+00
1.160185813903808594e+00,-2.712425947189331055e+00,-2.235790729522705078e+00
1.427744865417480469e+00,-2.691491127014160156e+00,-2.207152128219604492e+00
1.925806999206542969e+00,-2.551109313964843750e+00,-2.439341783523559570e+00
2.406404972076416016e+00,-2.673937559127807617e+00,-2.243237495422363281e+00
2.617720842361450195e+00,-2.642796277999877930e+00,-2.359729528427124023e+00
2.888591527938842773e+00,-2.626300096511840820e+00,-2.241684436798095703e+00
3.457286357879638672e+00,-2.477821826934814453e+00,-2.374663114547729492e+00
3.692631006240844727e+00,-2.515483140945434570e+00,-2.207980632781982422e+00
3.245706558227539062e+00,-2.417246580123901367e+00,-2.351498603820800781e+00
4.096637725830078125e+00,-2.211009025573730469e+00,-2.183258533477783203e+00
4.422274112701416016e+00,-1.801764130592346191e+00,-2.384505510330200195e+00
-4.650545597076416016e+00,-1.579205989837646484e+00,-2.175081253051757812e+00
4.781867504119873047e+00,-1.383941411972045898e+00,-2.109259605407714844e+00
-4.984826564788818359e+00,-7.400903105735778809e-01,-2.203690528869628906e+00
4.883564949035644531e+00,-9.218820333480834961e-01,-2.416664600372314453e+00
4.924390792846679688e+00,-9.712032675743103027e-01,-2.177371978759765625e+00
-5.002791881561279297e+00,-5.401434302330017090e-01,-2.269388437271118164e+00
4.833265304565429688e+00,-5.412271618843078613e-01,-2.320124387741088867e+00
4.917584896087646484e+00,-3.095682561397552490e-01,-2.364061594009399414e+00
4.850882530212402344e+00,5.238291621208190918e-01,-2.329585075378417969e+00
-4.963958740234375000e+00,8.231676220893859863e-01,-2.290355682373046875e+00
-4.895065784454345703e+00,9.506366848945617676e-01,-2.313794612884521484e+00
4.866967678070068359e+00,7.946025133132934570e-01,-2.396239042282104492e+00
4.947128772735595703e+00,1.015665650367736816e+00,-2.264049768447875977e+00
-4.873224735260009766e+00,1.217661619186401367e+00,-2.245024681091308594e+00
4.743281364440917969e+00,1.341225981712341309e+00,-2.331305980682373047e+00
4.909568786621093750e+00,1.278839588165283203e+00,-2.259331226348876953e+00
-4.634805679321289062e+00,1.622250318527221680e+00,-2.253168582916259766e+00
-4.451543807983398438e+00,2.090203762054443359e+00,-2.369384527206420898e+00
4.419013977050781250e+00,2.096177101135253906e+00,-2.151557207107543945e+00
-4.312302112579345703e+00,2.210484266281127930e+00,-2.325304985046386719e+00
-4.090405941009521484e+00,2.320702314376831055e+00,-2.207225799560546875e+00
4.326766490936279297e+00,2.128228902816772461e+00,-2.119439601898193359e+00
-3.733983755111694336e+00,2.507010459899902344e+00,-2.241123914718627930e+00
-3.324438095092773438e+00,2.717654228210449219e+00,-2.225939035415649414e+00
-2.593917608261108398e+00,2.633774757385253906e+00,-2.285594701766967773e+00
-2.248539209365844727e+00,2.605644226074218750e+00,-2.223150730133056641e+00
-1.919302225112915039e+00,2.682984828948974609e+00,-2.160864353179931641e+00
-1.480707764625549316e+00,2.668919563293457031e+00,-2.163407087326049805e+00
-3.586462438106536865e-01,2.575434446334838867e+00,-2.123243331909179688e+00
8.604284524917602539e-01,2.671859025955200195e+00,-2.234827518463134766e+00
1.348459243774414062e+00,2.634867906570434570e+00,-2.177274227142333984e+00
1.520624876022338867e+00,2.742613315582275391e+00,-2.259000301361083984e+00
2.259032726287841797e+00,2.655856132507324219e+00,-2.385991096496582031e+00
2.589602947235107422e+00,2.685871601104736328e+00,-2.268394947052001953e+00
2.863588571548461914e+00,2.650989055633544922e+00,-2.415356397628784180e+00
3.384922981262207031e+00,2.554555416107177734e+00,-2.121313571929931641e+00
2.381982564926147461e+00,2.814946174621582031e+00,-2.439180374145507812e+00
-3.880923986434936523e+00,-2.607447385787963867e+00,-2.096013069152832031e+00
-3.227663040161132812e+00,-2.613794565200805664e+00,-1.793126463890075684e+00
-2.976218700408935547e+00,-2.682844638824462891e+00,-1.952781438827514648e+00
-2.511111974716186523e+00,-2.695456266403198242e+00,-2.047561407089233398e+00
-2.343453407287597656e+00,-2.673057317733764648e+00,-2.046328306198120117e+00
-1.833087682723999023e+00,-2.659990549087524414e+00,-2.062898397445678711e+00
-1.116904020309448242e+00,-2.618767738342285156e+00,-1.990944385528564453e+00
-8.035568594932556152e-01,-2.624078512191772461e+00,-1.988736987113952637e+00
-5.172973871231079102e-01,-2.629482269287109375e+00,-1.774824738502502441e+00
-1.596953570842742920e-01,-2.679473876953125000e+00,-1.909898877143859863e+00
2.867398262023925781e-01,-2.616559982299804688e+00,-1.925101757049560547e+00
5.054538249969482422e-01,-2.657560825347900391e+00,-1.932294487953186035e+00
1.024387001991271973e+00,-2.663504362106323242e+00,-1.919704318046569824e+00
1.216899752616882324e+00,-2.664058446884155273e+00,-1.913029789924621582e+00
1.568182587623596191e+00,-2.665462732315063477e+00,-1.893421173095703125e+00
1.938600182533264160e+00,-2.669552803039550781e+00,-1.943704247474670410e+00
2.268481969833374023e+00,-2.701489925384521484e+00,-1.944157123565673828e+00
2.667714118957519531e+00,-2.647438049316406250e+00,-1.820953488349914551e+00
3.028367757797241211e+00,-2.639715433120727539e+00,-1.904537677764892578e+00
3.277773618698120117e+00,-2.569215536117553711e+00,-1.853326916694641113e+00
-4.142190933227539062e+00,-2.401814222335815430e+00,-1.851454496383666992e+00
4.261443614959716797e+00,-2.114730358123779297e+00,-2.025674343109130859e+00
-4.469132423400878906e+00,-1.806012630462646484e+00,-2.080413579940795898e+00
4.451639175415039062e+00,-1.815163612365722656e+00,-1.915634393692016602e+00
-4.764591217041015625e+00,-1.490606546401977539e+00,-1.911976337432861328e+00
4.613042831420898438e+00,-1.695497751235961914e+00,-1.839895486831665039e+00
-4.904618263244628906e+00,-1.249856829643249512e+00,-1.809774398803710938e+00
-4.856910705566406250e+00,-1.102001905441284180e+00,-2.024088382720947266e+00
-4.936542510986328125e+00,-7.638577222824096680e-01,-1.887158393859863281e+00
-4.857441425323486328e+00,-9.323647618293762207e-01,-1.902621865272521973e+00
4.746371746063232422e+00,-7.094612717628479004e-01,-2.016398668289184570e+00
-5.025423526763916016e+00,-5.369294881820678711e-01,-1.841035842895507812e+00
4.766728401184082031e+00,-6.965532302856445312e-01,-1.769748091697692871e+00
-4.999921798706054688e+00,-2.278884053230285645e-01,-1.912167787551879883e+00
4.844485282897949219e+00,-7.804219424724578857e-02,-1.875102281570434570e+00
-4.949362277984619141e+00,2.064307630062103271e-01,-2.038580894470214844e+00
4.820405483245849609e+00,8.525487035512924194e-02,-1.917098879814147949e+00
-5.000952243804931641e+00,6.357043981552124023e-01,-2.090800285339355469e+00
4.833462715148925781e+00,5.082557201385498047e-01,-1.965272188186645508e+00
4.949398517608642578e+00,6.395147442817687988e-01,-1.776840806007385254e+00
-4.889669418334960938e+00,1.004111647605895996e+00,-1.965985298156738281e+00
4.874333381652832031e+00,8.757377862930297852e-01,-1.905355930328369141e+00
-4.875609397888183594e+00,1.335986495018005371e+00,-2.043196678161621094e+00
4.853718280792236328e+00,1.200450301170349121e+00,-1.865144729614257812e+00
4.624131679534912109e+00,1.563567399978637695e+00,-1.781544327735900879e+00
-4.449453353881835938e+00,1.967934846878051758e+00,-1.969158411026000977e+00
4.297451496124267578e+00,1.922180652618408203e+00,-1.962489604949951172e+00
-4.118303775787353516e+00,2.419274806976318359e+00,-1.868610143661499023e+00
4.160021305084228516e+00,2.238841533660888672e+00,-2.074174165725708008e+00
-3.890904664993286133e+00,2.472197771072387695e+00,-1.961655378341674805e+00
-3.177647113800048828e+00,2.660133361816406250e+00,-1.988396763801574707e+00
-3.114365577697753906e+00,2.653188228607177734e+00,-2.080680847167968750e+00
-2.621818304061889648e+00,2.593995332717895508e+00,-1.958642125129699707e+00
-2.171909570693969727e+00,2.652646780014038086e+00,-1.795338153839111328e+00
-1.870288372039794922e+00,2.674207687377929688e+00,-1.891975283622741699e+00
-1.570639848709106445e+00,2.599578380584716797e+00,-1.924156904220581055e+00
-1.186879754066467285e+00,2.646632432937622070e+00,-1.886566758155822754e+00
-9.314770102500915527e-01,2.599347829818725586e+00,-1.807439327239990234e+00
-3.930888175964355469e-01,2.622555017471313477e+00,-1.852761149406433105e+00
-9.256697446107864380e-02,2.595804452896118164e+00,-1.818825840950012207e+00
1.994887590408325195e-01,2.588527441024780273e+00,-1.889692664146423340e+00
5.348985791206359863e-01,2.566311597824096680e+00,-1.818231463432312012e+00
8.969897031784057617e-01,2.553451061248779297e+00,-1.841824650764465332e+00
1.450236558914184570e+00,2.582294940948486328e+00,-1.990950822830200195e+00
2.083214998245239258e+00,2.652840852737426758e+00,-1.989455699920654297e+00
2.363322973251342773e+00,2.629705429077148438e+00,-1.918851017951965332e+00
2.595830440521240234e+00,2.614653825759887695e+00,-1.924189567565917969e+00
3.334114313125610352e+00,2.536108970642089844e+00,-1.897287845611572266e+00
3.815020322799682617e+00,2.632561922073364258e+00,-1.751093029975891113e+00
-3.211103439331054688e+00,-2.574907541275024414e+00,-1.651632785797119141e+00
-2.917584896087646484e+00,-2.642138004302978516e+00,-1.563289403915405273e+00
-2.647761344909667969e+00,-2.666387319564819336e+00,-1.455252289772033691e+00
-2.255163669586181641e+00,-2.675210475921630859e+00,-1.589861989021301270e+00
-1.889608740806579590e+00,-2.667828798294067383e+00,-1.469712018966674805e+00
-1.565554380416870117e+00,-2.653492689132690430e+00,-1.598540186882019043e+00
-1.149074673652648926e+00,-2.622343063354492188e+00,-1.584281563758850098e+00
-9.239858984947204590e-01,-2.620051145553588867e+00,-1.637002944946289062e+00
-6.031106710433959961e-01,-2.606028318405151367e+00,-1.566774129867553711e+00
-1.041599884629249573e-01,-2.622592449188232422e+00,-1.559032797813415527e+00
2.183967381715774536e-01,-2.605002164840698242e+00,-1.593339800834655762e+00
5.749230384826660156e-01,-2.661923646926879883e+00,-1.624807357788085938e+00
8.803615570068359375e-01,-2.641333818435668945e+00,-1.568626761436462402e+00
1.218927383422851562e+00,-2.637964725494384766e+00,-1.569292187690734863e+00
1.584343552589416504e+00,-2.676574468612670898e+00,-1.578031897544860840e+00
1.846407532691955566e+00,-2.655563354492187500e+00,-1.719288587570190430e+00
2.190120458602905273e+00,-2.687164306640625000e+00,-1.648478507995605469e+00
2.663190126419067383e+00,-2.634337425231933594e+00,-1.646095871925354004e+00
3.038157701492309570e+00,-2.666053295135498047e+00,-1.416750907897949219e+00
4.394692897796630859e+00,-2.143799066543579102e+00,-1.703007340431213379e+00
4.460782051086425781e+00,-1.874342203140258789e+00,-1.610412716865539551e+00
4.592147350311279297e+00,-1.675825119018554688e+00,-1.511707305908203125e+00
-4.914519309997558594e+00,-7.081509828567504883e-01,-1.588388800621032715e+00
-4.850915431976318359e+00,-9.165684580802917480e-01,-1.633044242858886719e+00
4.802054405212402344e+00,-9.451282024383544922e-01,-1.709170222282409668e+00
4.816118717193603516e+00,-5.143479108810424805e-01,-1.518757104873657227e+00
4.853608608245849609e+00,-1.525954008102416992e-01,-1.632718086242675781e+00
-4.902358531951904297e+00,6.015916168689727783e-02,-1.736514210700988770e+00
-4.870201587677001953e+00,1.136535853147506714e-01,-1.699163913726806641e+00
4.891929626464843750e+00,2.339368760585784912e-01,-1.597976088523864746e+00
-4.755859851837158203e+00,3.858538568019866943e-01,-1.592713117599487305e+00
5.043060779571533203e+00,6.374140381813049316e-01,-1.572279572486877441e+00
-4.889056205749511719e+00,7.925906181335449219e-01,-1.413296222686767578e+00
4.858429908752441406e+00,9.520589113235473633e-01,-1.566562652587890625e+00
4.999783515930175781e+00,7.303665876388549805e-01,-1.596409082412719727e+00
-4.857783794403076172e+00,1.199471473693847656e+00,-1.555911421775817871e+00
4.808648586273193359e+00,1.303976297378540039e+00,-1.685799956321716309e+00
-4.662609100341796875e+00,1.712561130523681641e+00,-1.692458748817443848e+00
4.639151573181152344e+00,1.524718165397644043e+00,-1.609650969505310059e+00
4.267159938812255859e+00,1.998557686805725098e+00,-1.662082076072692871e+00
-4.261301994323730469e+00,2.234557151794433594e+00,-1.505121111869812012e+00
-4.100141525268554688e+00,2.347863674163818359e+00,-1.725384831428527832e+00
3.831433057785034180e+00,2.397173881530761719e+00,-1.419053196907043457e+00
3.879784107208251953e+00,2.403371334075927734e+00,-1.524573326110839844e+00
4.217195034027099609e+00,2.103868722915649414e+00,-1.612648367881774902e+00
-3.602027893066406250e+00,2.545611381530761719e+00,-1.738216042518615723e+00
-3.173485755920410156e+00,2.650416135787963867e+00,-1.610390543937683105e+00
-3.013844490051269531e+00,2.586785554885864258e+00,-1.552318453788757324e+00
-2.639182329177856445e+00,2.549291849136352539e+00,-1.587010025978088379e+00
-2.336601972579956055e+00,2.612023115158081055e+00,-1.548852920532226562e+00
-2.035476446151733398e+00,2.619107961654663086e+00,-1.498587727546691895e+00
-1.497364521026611328e+00,2.535849571228027344e+00,-1.569678783416748047e+00
-1.242151141166687012e+00,2.550353050231933594e+00,-1.607309103012084961e+00
-9.805890321731567383e-01,2.597319126129150391e+00,-1.505846023559570312e+00
-3.923368752002716064e-01,2.653179407119750977e+00,-1.530066132545471191e+00
-9.408067166805267334e-02,2.619501590728759766e+00,-1.566050052642822266e+00
5.241585522890090942e-02,2.588029623031616211e+00,-1.665319323539733887e+00
5.312168598175048828e-01,2.678242683410644531e+00,-1.539909362792968750e+00
8.394055962562561035e-01,2.682856798171997070e+00,-1.496019244194030762e+00
1.308263659477233887e+00,2.634876251220703125e+00,-1.624765992164611816e+00
1.921984672546386719e+00,2.641738653182983398e+00,-1.529354929924011230e+00
2.311522245407104492e+00,2.619593143463134766e+00,-1.502203822135925293e+00
2.928738832473754883e+00,2.585415124893188477e+00,-1.695631742477416992e+00
3.309530496597290039e+00,2.500398635864257812e+00,-1.515149950981140137e+00
-3.409260988235473633e+00,2.929172754287719727e+00,-1.539158582687377930e+00
-3.378218412399291992e+00,-2.679206848144531250e+00,-1.116077542304992676e+00
-2.820812225341796875e+00,-2.663312435150146484e+00,-1.233246326446533203e+00
-2.638692855834960938e+00,-2.669758796691894531e+00,-1.366569638252258301e+00
-2.434477567672729492e+00,-2.624929904937744141e+00,-1.107975363731384277e+00
-1.767794370651245117e+00,-2.657236576080322266e+00,-1.139375805854797363e+00
-1.619609832763671875e+00,-2.589708566665649414e+00,-1.220655441284179688e+00
-1.137438058853149414e+00,-2.606163740158081055e+00,-1.246539235115051270e+00
-8.455026149749755859e-01,-2.614874839782714844e+00,-1.160891532897949219e+00
-5.006753802299499512e-01,-2.633356809616088867e+00,-1.298389673233032227e+00
-3.070300817489624023e-01,-2.640249252319335938e+00,-1.227497696876525879e+00
1.198213919997215271e-01,-2.608928442001342773e+00,-1.381140828132629395e+00
4.898154139518737793e-01,-2.611675262451171875e+00,-1.256076216697692871e+00
9.814974069595336914e-01,-2.535197734832763672e+00,-1.372164964675903320e+00
1.959107279777526855e+00,-2.636720180511474609e+00,-1.386669039726257324e+00
2.316761016845703125e+00,-2.568407535552978516e+00,-1.107791185379028320e+00
2.611601829528808594e+00,-2.607384443283081055e+00,-1.198310613632202148e+00
3.347015857696533203e+00,-2.666406631469726562e+00,-1.252494096755981445e+00
3.616230249404907227e+00,-2.438340663909912109e+00,-1.271617889404296875e+00
3.941990852355957031e+00,-2.340458393096923828e+00,-1.073499679565429688e+00
4.331779956817626953e+00,-2.030578136444091797e+00,-1.203101754188537598e+00
4.591288566589355469e+00,-1.827879190444946289e+00,-1.070680260658264160e+00
-4.593748569488525391e+00,-1.599090576171875000e+00,-1.322964429855346680e+00
4.616677284240722656e+00,-1.638606786727905273e+00,-1.386511087417602539e+00
-4.753404140472412109e+00,-1.242920875549316406e+00,-1.176899671554565430e+00
4.656046867370605469e+00,-1.208290338516235352e+00,-1.354022026062011719e+00
-4.760095596313476562e+00,-9.700761437416076660e-01,-1.075120329856872559e+00
4.870835304260253906e+00,-5.063574388623237610e-02,-1.360288977622985840e+00
-4.925827980041503906e+00,8.498767018318176270e-01,-1.290650844573974609e+00
4.876087665557861328e+00,9.579609632492065430e-01,-1.186180472373962402e+00
4.747653007507324219e+00,1.280275106430053711e+00,-1.256307005882263184e+00
4.465270996093750000e+00,1.642400026321411133e+00,-1.288982987403869629e+00
-4.406207084655761719e+00,1.936264991760253906e+00,-1.377440094947814941e+00
4.350424289703369141e+00,1.805210590362548828e+00,-1.226453304290771484e+00
-4.227871894836425781e+00,2.288593292236328125e+00,-1.258005023002624512e+00
-4.192146301269531250e+00,2.176368236541748047e+00,-1.249300718307495117e+00
-3.576686143875122070e+00,2.416915893554687500e+00,-1.101090192794799805e+00
3.680401325225830078e+00,2.444727659225463867e+00,-1.387179970741271973e+00
4.017169475555419922e+00,2.297499656677246094e+00,-1.279738426208496094e+00
-3.617742776870727539e+00,2.495763301849365234e+00,-1.136244058609008789e+00
-3.004556417465209961e+00,2.653933763504028320e+00,-1.353063464164733887e+00
-2.193998575210571289e+00,2.618129014968872070e+00,-1.258639693260192871e+00
-1.138931632041931152e+00,2.567964792251586914e+00,-1.338339090347290039e+00
-9.472925662994384766e-01,2.596854925155639648e+00,-1.166656494140625000e+00
-7.415537256747484207e-03,2.637964725494384766e+00,-1.396183133125305176e+00
8.768358826637268066e-01,2.591771125793457031e+00,-1.185705900192260742e+00
1.159620881080627441e+00,2.607913017272949219e+00,-1.324229478836059570e+00
1.529970169067382812e+00,2.625831127166748047e+00,-1.245831251144409180e+00
1.899835586547851562e+00,2.677417755126953125e+00,-1.227384090423583984e+00
2.330364465713500977e+00,2.619940042495727539e+00,-1.278978228569030762e+00
2.555803775787353516e+00,2.608137607574462891e+00,-1.195250272750854492e+00
3.128916025161743164e+00,2.595175981521606445e+00,-1.291648030281066895e+00
3.301469802856445312e+00,2.520967006683349609e+00,-1.235426902770996094e+00
-3.248786926269531250e+00,-2.529799222946166992e+00,-8.416090011596679688e-01
-3.106503248214721680e+00,-2.638806581497192383e+00,-8.787196874618530273e-01
-1.752444863319396973e+00,-2.537462711334228516e+00,-1.014494299888610840e+00
-1.268691420555114746e+00,-2.688756704330444336e+00,-1.048001885414123535e+00
-5.263479351997375488e-01,-2.460791349411010742e+00,-8.540617823600769043e-01
-2.418918609619140625e-01,-2.596485614776611328e+00,-1.008501887321472168e+00
6.016440391540527344e-01,-2.521134138107299805e+00,-9.575557112693786621e-01
8.053171038627624512e-01,-2.583522796630859375e+00,-7.481226921081542969e-01
1.277763724327087402e+00,-2.582037687301635742e+00,-8.687881827354431152e-01
2.638690710067749023e+00,-2.556147098541259766e+00,-9.920681715011596680e-01
-6.510552167892456055e-01,-2.444499492645263672e+00,-8.286930322647094727e-01
3.842082500457763672e+00,-2.313846826553344727e+00,-7.994294166564941406e-01
4.137110233306884766e+00,-2.195266246795654297e+00,-1.012447237968444824e+00
4.220348834991455078e+00,-2.128971099853515625e+00,-9.658255577087402344e-01
4.326043605804443359e+00,-2.004871129989624023e+00,-8.971781730651855469e-01
-4.631538391113281250e+00,-1.458977222442626953e+00,-9.227966070175170898e-01
-4.788898468017578125e+00,-1.262108802795410156e+00,-9.043596982955932617e-01
4.724624633789062500e+00,-8.852580189704895020e-01,-9.027267694473266602e-01
-4.914126396179199219e+00,-4.706783890724182129e-01,-9.294453263282775879e-01
-4.818020343780517578e+00,-5.893570184707641602e-01,-7.033195495605468750e-01
4.842285156250000000e+00,-3.840102553367614746e-01,-7.694792747497558594e-01
-4.823487281799316406e+00,-1.693424433469772339e-01,-7.898823022842407227e-01
-4.785869598388671875e+00,2.499321699142456055e-01,-8.598471879959106445e-01
4.794670104980468750e+00,5.882027372717857361e-02,-8.965922594070434570e-01
4.749867916107177734e+00,3.675574660301208496e-01,-7.825443744659423828e-01
-4.813490390777587891e+00,9.281512498855590820e-01,-8.548411130905151367e-01
4.869740486145019531e+00,8.314841985702514648e-01,-8.750034570693969727e-01
-4.759156703948974609e+00,1.265111446380615234e+00,-9.718143343925476074e-01
4.858573913574218750e+00,1.219357252120971680e+00,-9.448202848434448242e-01
-4.553246021270751953e+00,1.523843169212341309e+00,-7.775410413742065430e-01
4.515971183776855469e+00,1.642533302307128906e+00,-9.053093194961547852e-01
4.825203895568847656e+00,1.475819110870361328e+00,-7.500716447830200195e-01
-4.648886203765869141e+00,1.928532361984252930e+00,-9.810020327568054199e-01
3.820090532302856445e+00,2.417205572128295898e+00,-8.203807473182678223e-01
3.968904495239257812e+00,2.398669958114624023e+00,-9.416137337684631348e-01
-3.582626104354858398e+00,2.553446292877197266e+00,-8.184831738471984863e-01
-3.211551427841186523e+00,2.552457571029663086e+00,-7.058178782463073730e-01
-2.476549863815307617e+00,2.581329107284545898e+00,-9.699127674102783203e-01
-2.299977302551269531e+00,2.540316581726074219e+00,-8.699789047241210938e-01
-1.892928123474121094e+00,2.546104192733764648e+00,-8.013783097267150879e-01
-1.528697609901428223e+00,2.546400070190429688e+00,-9.338890910148620605e-01
-1.249773859977722168e+00,2.582139015197753906e+00,-8.659427165985107422e-01
-9.184137582778930664e-01,2.615646839141845703e+00,-9.904104471206665039e-01
-5.102137327194213867e-01,2.676455497741699219e+00,-9.879494905471801758e-01
-1.249440982937812805e-01,2.570906162261962891e+00,-8.972294926643371582e-01
1.479600835591554642e-02,2.523939132690429688e+00,-9.754182100296020508e-01
1.162349700927734375e+00,2.599733591079711914e+00,-7.316386699676513672e-01
1.566777348518371582e+00,2.610575437545776367e+00,-1.048308610916137695e+00
2.400527000427246094e+00,2.609331130981445312e+00,-1.029116511344909668e+00
2.679354190826416016e+00,2.551201343536376953e+00,-8.175172805786132812e-01
2.926100730895996094e+00,2.566033363342285156e+00,-9.469955563545227051e-01
3.292719125747680664e+00,2.565361976623535156e+00,-7.476846575736999512e-01
3.819232463836669922e+00,2.455782175064086914e+00,-8.748452067375183105e-01
-2.462579488754272461e+00,-2.558536291122436523e+00,-5.129944086074829102e-01
-1.947656273841857910e+00,-2.577279329299926758e+00,-6.459549069404602051e-01
-1.577094197273254395e+00,-2.695372343063354492e+00,-4.101470112800598145e-01
-1.280855536460876465e+00,-2.571758747100830078e+00,-5.054314732551574707e-01
-8.500584363937377930e-01,-2.583796501159667969e+00,-6.220390200614929199e-01
-4.992201328277587891e-01,-2.599276542663574219e+00,-5.268117189407348633e-01
-9.328509122133255005e-02,-2.577636718750000000e+00,-4.304187893867492676e-01
1.658840179443359375e-01,-2.603935241699218750e+00,-5.112549662590026855e-01
5.163873434066772461e-01,-2.497365474700927734e+00,-5.733768939971923828e-01
7.975974082946777344e-01,-2.516517162322998047e+00,-5.837247967720031738e-01
1.427106618881225586e+00,-2.556942462921142578e+00,-5.713030099868774414e-01
2.697479724884033203e+00,-2.665795087814331055e+00,-4.253753125667572021e-01
3.000128030776977539e+00,-2.662907600402832031e+00,-4.129139184951782227e-01
-4.273427486419677734e+00,-2.238592624664306641e+00,-5.116288661956787109e-01
-4.059627056121826172e+00,-2.334142923355102539e+00,-6.221218109130859375e-01
-3.195876121520996094e+00,-2.416427850723266602e+00,-6.911085844039916992e-01
-1.220528244972229004e+00,-2.412139892578125000e+00,-4.366540908813476562e-01
1.585379719734191895e+00,-2.440031290054321289e+00,-5.786645412445068359e-01
3.692348003387451172e+00,-2.397483825683593750e+00,-5.464250445365905762e-01
4.100900650024414062e+00,-2.144233703613281250e+00,-3.688724935054779053e-01
-4.609665393829345703e+00,-1.765523672103881836e+00,-4.278815984725952148e-01
4.303966522216796875e+00,-2.020888805389404297e+00,-4.099463522434234619e-01
-4.631240844726562500e+00,-1.465144395828247070e+00,-5.282902121543884277e-01
4.541138172149658203e+00,-1.736292719841003418e+00,-4.585147202014923096e-01
4.554080009460449219e+00,-1.712739825248718262e+00,-4.669620692729949951e-01
4.662524700164794922e+00,-1.235065579414367676e+00,-4.587719440460205078e-01
-4.599333286285400391e+00,-1.024104237556457520e+00,-6.060227155685424805e-01
4.708284378051757812e+00,-9.185819625854492188e-01,-4.099830090999603271e-01
-4.771807193756103516e+00,-6.191014647483825684e-01,-4.716048240661621094e-01
4.775075435638427734e+00,-4.664015471935272217e-01,-4.942918419837951660e-01
-4.806331634521484375e+00,-1.861571669578552246e-01,-4.492122530937194824e-01
4.836142063140869141e+00,-6.611198931932449341e-02,-6.048896312713623047e-01
4.850796222686767578e+00,2.554298639297485352e-01,-3.768217861652374268e-01
-4.841283798217773438e+00,4.951497316360473633e-01,-5.465229153633117676e-01
4.819056034088134766e+00,5.158971548080444336e-01,-5.811845064163208008e-01
-4.851340293884277344e+00,7.838019728660583496e-01,-5.385349392890930176e-01
4.714796543121337891e+00,8.511903285980224609e-01,-5.903699398040771484e-01
-4.786857604980468750e+00,1.214788317680358887e+00,-5.200620889663696289e-01
-4.648655891418457031e+00,1.541332483291625977e+00,-4.021267890930175781e-01
-4.540027618408203125e+00,1.565921306610107422e+00,-6.573119759559631348e-01
4.530349254608154297e+00,1.653040885925292969e+00,-5.185136198997497559e-01
-4.589893817901611328e+00,1.882818102836608887e+00,-4.081117510795593262e-01
-4.397381305694580078e+00,1.817048549652099609e+00,-5.967755913734436035e-01
4.469130039215087891e+00,1.814467787742614746e+00,-3.536297678947448730e-01
-3.867384910583496094e+00,2.303164958953857422e+00,-6.549180150032043457e-01
4.036376476287841797e+00,2.220541000366210938e+00,-5.645374655723571777e-01
-3.559578895568847656e+00,2.495753526687622070e+00,-5.353151559829711914e-01
-3.324239015579223633e+00,2.529960393905639648e+00,-6.866942644119262695e-01
-2.958091259002685547e+00,2.500543594360351562e+00,-4.599373042583465576e-01
-2.643768310546875000e+00,2.539211034774780273e+00,-5.440199375152587891e-01
-1.947860956192016602e+00,2.523219823837280273e+00,-5.646911859512329102e-01
-1.290825128555297852e+00,2.548304080963134766e+00,-4.731074571609497070e-01
-8.545992374420166016e-01,2.558300733566284180e+00,-4.958078861236572266e-01
-4.749903678894042969e-01,2.534088134765625000e+00,-5.070892572402954102e-01
-1.777456849813461304e-01,2.558693647384643555e+00,-5.322341322898864746e-01
2.255916148424148560e-01,2.570334196090698242e+00,-5.465038418769836426e-01
4.590295553207397461e-01,2.574047088623046875e+00,-5.420496463775634766e-01
8.596368432044982910e-01,2.520818948745727539e+00,-5.212450027465820312e-01
1.209256768226623535e+00,2.532308340072631836e+00,-5.381247997283935547e-01
2.265124797821044922e+00,2.576950073242187500e+00,-4.134371578693389893e-01
2.487678527832031250e+00,2.574278354644775391e+00,-3.989846408367156982e-01
2.922858953475952148e+00,2.637209653854370117e+00,-4.592824280261993408e-01
3.231839179992675781e+00,2.550543308258056641e+00,-5.588176250457763672e-01
3.827850341796875000e+00,2.502861499786376953e+00,-4.043524861335754395e-01
-3.678751945495605469e+00,-2.482291221618652344e+00,-2.836968936026096344e-02
-2.807263374328613281e+00,-2.551437139511108398e+00,-2.908263206481933594e-01
-2.494145154953002930e+00,-2.526492595672607422e+00,-2.932705879211425781e-01
-2.338685035705566406e+00,-2.501350402832031250e+00,-6.180642545223236084e-02
-1.994514465332031250e+00,-2.616468191146850586e+00,-1.098894029855728149e-01
-1.333956599235534668e+00,-2.475027084350585938e+00,-1.384030729532241821e-01
-8.486355543136596680e-01,-2.511617422103881836e+00,-1.437696218490600586e-01
-5.809612870216369629e-01,-2.541016817092895508e+00,-2.703654468059539795e-01
-2.526101469993591309e-01,-2.593533992767333984e+00,-2.181946933269500732e-01
3.979553654789924622e-02,-2.579453945159912109e+00,-2.420344799757003784e-01
3.991627395153045654e-01,-2.555734872817993164e+00,-3.046397268772125244e-01
1.595084428787231445e+00,-2.603019952774047852e+00,-1.103388816118240356e-01
1.979642868041992188e+00,-2.601985216140747070e+00,-1.652370244264602661e-01
2.221295595169067383e+00,-2.583602428436279297e+00,-8.008842170238494873e-02
2.675318241119384766e+00,-2.601155042648315430e+00,-1.438218951225280762e-01
2.856918096542358398e+00,-2.585854530334472656e+00,-1.067698746919631958e-01
3.156006097793579102e+00,-2.554753065109252930e+00,-2.248396575450897217e-01
3.669598817825317383e+00,-2.463187217712402344e+00,-2.022615820169448853e-01
8.342954516410827637e-01,-2.424789190292358398e+00,-7.258110493421554565e-02
3.765037059783935547e+00,-2.390183448791503906e+00,-1.763689517974853516e-01
4.038738727569580078e+00,-2.216061115264892578e+00,-1.907958984375000000e-01
4.222225666046142578e+00,-2.123011112213134766e+00,-1.405773013830184937e-01
-4.424780368804931641e+00,-1.822076797485351562e+00,-1.710020005702972412e-01
4.346068382263183594e+00,-1.976469874382019043e+00,-1.496272385120391846e-01
4.488046646118164062e+00,-1.712168216705322266e+00,-7.958854734897613525e-02
4.567299365997314453e+00,-1.623904585838317871e+00,-1.859662234783172607e-01
-4.722458839416503906e+00,-1.122658610343933105e+00,-1.085367351770401001e-01
4.720971107482910156e+00,-1.200531482696533203e+00,-1.446669101715087891e-01
4.842561244964599609e+00,-8.237613439559936523e-01,-2.278735637664794922e-01
-4.764129161834716797e+00,-5.705230236053466797e-01,-1.894817501306533813e-01
4.842947483062744141e+00,-5.011005401611328125e-01,-2.173667699098587036e-01
4.837228775024414062e+00,-1.160946711897850037e-01,-1.897612959146499634e-01
-4.742165565490722656e+00,1.035784333944320679e-01,-1.744242757558822632e-01
4.890781402587890625e+00,1.249906942248344421e-01,-2.092138230800628662e-01
4.900891780853271484e+00,2.016609758138656616e-01,-2.831054627895355225e-01
-4.753837108612060547e+00,6.072713732719421387e-01,-1.008440777659416199e-01
4.901645183563232422e+00,5.060106515884399414e-01,-1.853509843349456787e-01
-4.804429531097412109e+00,8.997967243194580078e-01,-1.653969287872314453e-01
4.805100917816162109e+00,8.301404118537902832e-01,-1.303573399782180786e-01
-4.784496784210205078e+00,1.124249815940856934e+00,-1.259755641222000122e-01
4.750430107116699219e+00,1.287348031997680664e+00,-1.405381113290786743e-01
4.715245246887207031e+00,1.473647356033325195e+00,-1.156455278396606445e-01
-4.395530223846435547e+00,1.885300874710083008e+00,-2.141838371753692627e-01
-4.158732891082763672e+00,2.211794853210449219e+00,-2.842331537976861000e-03
-3.803529739379882812e+00,2.361111640930175781e+00,-1.699527204036712646e-01
3.770489931106567383e+00,2.432105064392089844e+00,-2.808243036270141602e-01
4.094140529632568359e+00,2.158984422683715820e+00,-2.041085511445999146e-01
-3.191739559173583984e+00,2.547080993652343750e+00,-1.148155927658081055e-01
-3.089145898818969727e+00,2.553163766860961914e+00,-2.092626392841339111e-01
-2.681221246719360352e+00,2.536467313766479492e+00,-2.052734941244125366e-01
-2.267720222473144531e+00,2.538895130157470703e+00,-1.321106106042861938e-01
-1.929560184478759766e+00,2.528324842453002930e+00,-1.454881876707077026e-01
-1.505153417587280273e+00,2.505660772323608398e+00,-7.123446464538574219e-02
-1.346027851104736328e+00,2.489814281463623047e+00,-1.407454758882522583e-01
-8.837453722953796387e-01,2.542078971862792969e+00,-2.843914628028869629e-01
-5.902311801910400391e-01,2.506900310516357422e+00,-2.107778191566467285e-01
-2.157062888145446777e-01,2.515731573104858398e+00,-2.722874879837036133e-01
1.304561644792556763e-01,2.564063549041748047e+00,-1.257915198802947998e-01
4.587067961692810059e-01,2.571225643157958984e+00,-1.275445073843002319e-01
1.136854887008666992e+00,2.561724901199340820e+00,-8.896175771951675415e-02
1.908423542976379395e+00,2.610508441925048828e+00,-1.421966552734375000e-01
2.336264610290527344e+00,2.591099739074707031e+00,-3.330456316471099854e-01
2.620669841766357422e+00,2.582529544830322266e+00,-1.486057937145233154e-01
3.034068346023559570e+00,2.582216262817382812e+00,-1.546809524297714233e-01
3.839692115783691406e+00,2.485383272171020508e+00,-2.669750154018402100e-01
3.879882335662841797e+00,2.551198959350585938e+00,-2.994056940078735352e-01
1.058033943176269531e+00,2.862839221954345703e+00,-8.398893475532531738e-02
-3.640438079833984375e+00,-2.495368242263793945e+00,5.409055203199386597e-02
-3.366860866546630859e+00,-2.585844993591308594e+00,2.840782701969146729e-01
-2.955451011657714844e+00,-2.607065916061401367e+00,1.644792854785919189e-01
-2.084325790405273438e+00,-2.476830959320068359e+00,5.305774509906768799e-02
-1.394279956817626953e+00,-2.525362491607666016e+00,1.063725054264068604e-01
-1.033126235008239746e+00,-2.558350324630737305e+00,2.996070124208927155e-02
6.339967250823974609e-01,-2.488472700119018555e+00,1.542493551969528198e-01
7.388970851898193359e-01,-2.482975482940673828e+00,1.926137208938598633e-01
1.245301246643066406e+00,-2.535973310470581055e+00,1.561322659254074097e-01
1.590917587280273438e+00,-2.596932411193847656e+00,8.821090310811996460e-02
1.975378751754760742e+00,-2.555297136306762695e+00,1.521465629339218140e-01
2.284606933593750000e+00,-2.543313264846801758e+00,1.125301346182823181e-01
2.701185941696166992e+00,-2.545359849929809570e+00,2.187259793281555176e-01
3.059949874877929688e+00,-2.561230421066284180e+00,9.213276952505111694e-02
3.385986804962158203e+00,-2.535016059875488281e+00,1.229534596204757690e-01
3.616988182067871094e+00,-2.479061603546142578e+00,2.080632448196411133e-01
-3.634019851684570312e+00,-2.354401826858520508e+00,1.528353095054626465e-01
-1.754829645156860352e+00,-2.436946392059326172e+00,1.548717729747295380e-02
-1.627495646476745605e+00,-2.442402362823486328e+00,1.416169703006744385e-01
-4.599435254931449890e-02,-2.422534942626953125e+00,3.227955102920532227e-01
3.771231174468994141e+00,-2.421789884567260742e+00,1.927176564931869507e-01
3.973769187927246094e+00,-2.294219255447387695e+00,1.747146099805831909e-01
4.216613769531250000e+00,-2.131825685501098633e+00,1.243850290775299072e-01
4.296851158142089844e+00,-1.990278601646423340e+00,1.202086582779884338e-01
4.495704650878906250e+00,-1.602332830429077148e+00,1.488354206085205078e-01
4.563118457794189453e+00,-1.497927427291870117e+00,1.184174865484237671e-01
4.680754184722900391e+00,-1.245009541511535645e+00,1.645798534154891968e-01
-4.687586784362792969e+00,-1.008458256721496582e+00,2.226870507001876831e-01
4.839112281799316406e+00,-7.351534962654113770e-01,2.141141444444656372e-01
4.783822536468505859e+00,-5.545166134834289551e-01,3.147429823875427246e-01
4.858981609344482422e+00,-2.074898481369018555e-01,1.422824859619140625e-01
-4.711807727813720703e+00,2.936387658119201660e-01,1.391509920358657837e-01
4.774412155151367188e+00,3.393796086311340332e-02,2.110917419195175171e-01
4.830822944641113281e+00,5.128060579299926758e-01,1.947431266307830811e-01
-4.753853321075439453e+00,7.993251085281372070e-01,2.022384554147720337e-01
4.745167255401611328e+00,8.699257969856262207e-01,2.687382400035858154e-01
-4.734132289886474609e+00,1.183193802833557129e+00,1.277409493923187256e-01
4.800441741943359375e+00,1.181149721145629883e+00,1.893733292818069458e-01
-4.552951335906982422e+00,1.658762454986572266e+00,3.246158361434936523e-01
4.541670799255371094e+00,1.617565155029296875e+00,2.356586605310440063e-01
-4.293231964111328125e+00,1.918105602264404297e+00,1.610729694366455078e-01
-4.178798198699951172e+00,2.046140432357788086e+00,2.615516185760498047e-01
4.540088653564453125e+00,1.873870968818664551e+00,2.632401883602142334e-01
-4.124357223510742188e+00,2.222673892974853516e+00,1.584388315677642822e-01
-1.213935494422912598e+00,2.437374591827392578e+00,1.265521198511123657e-01
4.096735000610351562e+00,2.143793821334838867e+00,4.908408969640731812e-02
-3.818654060363769531e+00,2.493982553482055664e+00,7.580264657735824585e-02
-3.371302127838134766e+00,2.515122413635253906e+00,2.411271631717681885e-01
-2.863518714904785156e+00,2.524203062057495117e+00,1.899717152118682861e-01
-2.696339607238769531e+00,2.510212421417236328e+00,1.704184114933013916e-01
-2.246425628662109375e+00,2.505374908447265625e+00,1.080344617366790771e-01
-1.949877142906188965e+00,2.525391578674316406e+00,1.406031697988510132e-01
-1.433108687400817871e+00,2.500987291336059570e+00,1.437233239412307739e-01
-1.345777988433837891e+00,2.470513343811035156e+00,2.106979787349700928e-01
-7.787275314331054688e-01,2.519568681716918945e+00,4.777681827545166016e-02
-5.041048526763916016e-01,2.511759757995605469e+00,1.482011079788208008e-01
-1.939265578985214233e-01,2.510369300842285156e+00,1.601899415254592896e-01
1.613721996545791626e-01,2.515872716903686523e+00,1.851516813039779663e-01
5.711704492568969727e-01,2.587209224700927734e+00,1.633762568235397339e-01
8.369882702827453613e-01,2.625509262084960938e+00,1.140478849411010742e-01
1.118648290634155273e+00,2.538340806961059570e+00,3.300383388996124268e-01
1.641107797622680664e+00,2.555927276611328125e+00,2.463398873805999756e-01
1.757739305496215820e+00,2.533086538314819336e+00,2.035332322120666504e-01
2.231753587722778320e+00,2.650475263595581055e+00,2.186901420354843140e-01
2.619701147079467773e+00,2.513304710388183594e+00,1.991485506296157837e-01
3.365679740905761719e+00,2.482342004776000977e+00,2.384855747222900391e-01
-3.394921302795410156e+00,-2.594922304153442383e+00,3.659923374652862549e-01
-2.886538505554199219e+00,-2.595699310302734375e+00,4.677044749259948730e-01
-2.484262943267822266e+00,-2.522047281265258789e+00,5.141950845718383789e-01
-2.246921777725219727e+00,-2.472416639328002930e+00,4.477918148040771484e-01
-2.074414491653442383e+00,-2.501990556716918945e+00,3.784335851669311523e-01
-1.240156054496765137e+00,-2.594294309616088867e+00,5.898284316062927246e-01
-8.838168978691101074e-01,-2.547208786010742188e+00,4.824838638305664062e-01
-4.903858602046966553e-01,-2.555916786193847656e+00,5.739229321479797363e-01
-1.530078351497650146e-01,-2.543514013290405273e+00,4.747077822685241699e-01
3.636633977293968201e-02,-2.553842544555664062e+00,6.167372465133666992e-01
5.835230946540832520e-01,-2.511791706085205078e+00,5.682869553565979004e-01
7.677484154701232910e-01,-2.486014842987060547e+00,5.738623142242431641e-01
2.226275682449340820e+00,-2.498617172241210938e+00,5.302669405937194824e-01
2.608361244201660156e+00,-2.566354990005493164e+00,5.650320649147033691e-01
3.718504667282104492e+00,-2.460209131240844727e+00,3.797037303447723389e-01
-4.349936485290527344e+00,-2.109981298446655273e+00,5.964109301567077637e-01
-4.035622119903564453e+00,-2.353602170944213867e+00,4.996854662895202637e-01
-3.831192255020141602e+00,-2.365296602249145508e+00,3.636061847209930420e-01
3.832853212952613831e-02,-2.448368549346923828e+00,5.508240461349487305e-01
2.125046730041503906e+00,-2.434670448303222656e+00,5.257334113121032715e-01
3.792367458343505859e+00,-2.438492059707641602e+00,4.598187804222106934e-01
4.075283527374267578e+00,-2.194915533065795898e+00,4.800975620746612549e-01
-4.484077453613281250e+00,-1.807890892028808594e+00,4.782936275005340576e-01
4.348927974700927734e+00,-1.915161609649658203e+00,5.228301882743835449e-01
-4.614668846130371094e+00,-1.490074634552001953e+00,5.783209800720214844e-01
-4.483178138732910156e+00,-1.624206066131591797e+00,4.723751246929168701e-01
4.578352928161621094e+00,-1.562323927879333496e+00,6.433005332946777344e-01
-4.656363487243652344e+00,-1.268883705139160156e+00,6.369200944900512695e-01
4.738098144531250000e+00,-1.063899159431457520e+00,3.558002412319183350e-01
-4.805715560913085938e+00,-8.721013665199279785e-01,4.333527982234954834e-01
-4.704834461212158203e+00,-4.849137067794799805e-01,6.163897514343261719e-01
4.706268310546875000e+00,-6.471195220947265625e-01,5.556040406227111816e-01
-4.866987228393554688e+00,-1.768074631690979004e-01,4.802076816558837891e-01
4.800378322601318359e+00,-2.473106086254119873e-01,6.054065823554992676e-01
-4.827497959136962891e+00,9.719347208738327026e-02,4.885402023792266846e-01
4.663755416870117188e+00,1.588125228881835938e-01,5.178596377372741699e-01
-4.765586376190185547e+00,5.530603528022766113e-01,6.039863824844360352e-01
-4.838404655456542969e+00,8.663377761840820312e-01,6.037447452545166016e-01
4.743156433105468750e+00,8.357751369476318359e-01,4.902539253234863281e-01
5.083489894866943359e+00,9.453843235969543457e-01,6.371369361877441406e-01
-4.796219825744628906e+00,1.140339732170104980e+00,6.295588016510009766e-01
-4.638517379760742188e+00,1.573074698448181152e+00,4.338786602020263672e-01
-4.537375450134277344e+00,1.734360337257385254e+00,4.660697579383850098e-01
4.650282382965087891e+00,1.523022532463073730e+00,5.781015753746032715e-01
-4.323893547058105469e+00,1.908923506736755371e+00,5.732762217521667480e-01
-4.069058895111083984e+00,2.307515859603881836e+00,5.665937662124633789e-01
3.985753297805786133e+00,2.272123336791992188e+00,4.592748284339904785e-01
-3.793664932250976562e+00,2.511351108551025391e+00,4.253062307834625244e-01
-3.496587991714477539e+00,2.526752948760986328e+00,4.720270037651062012e-01
-2.956750631332397461e+00,2.504866123199462891e+00,6.610556840896606445e-01
-2.634344100952148438e+00,2.504583120346069336e+00,4.823952913284301758e-01
-2.219282865524291992e+00,2.529549598693847656e+00,5.104472637176513672e-01
-1.907105445861816406e+00,2.537083148956298828e+00,5.501413345336914062e-01
-1.140868425369262695e+00,2.481684207916259766e+00,5.102493166923522949e-01
-7.587516307830810547e-01,2.499492168426513672e+00,6.443755626678466797e-01
-4.634568989276885986e-01,2.479651689529418945e+00,4.797937870025634766e-01
-2.593236863613128662e-01,2.482340335845947266e+00,5.377777814865112305e-01
2.763466835021972656e-01,2.502424716949462891e+00,5.759763717651367188e-01
5.018838047981262207e-01,2.536839962005615234e+00,5.627843737602233887e-01
9.581153392791748047e-01,2.507324218750000000e+00,5.055698752403259277e-01
1.282365918159484863e+00,2.610901117324829102e+00,5.342022180557250977e-01
1.549318432807922363e+00,2.608385324478149414e+00,4.373521506786346436e-01
1.831967711448669434e+00,2.600260972976684570e+00,5.990346670150756836e-01
2.238752126693725586e+00,2.562130212783813477e+00,5.508744716644287109e-01
2.635708093643188477e+00,2.554502248764038086e+00,5.194360613822937012e-01
3.071101188659667969e+00,2.622198581695556641e+00,3.696371912956237793e-01
3.381784915924072266e+00,2.530094146728515625e+00,5.740862488746643066e-01
-3.685056447982788086e+00,-2.496001720428466797e+00,7.110266089439392090e-01
-3.019563436508178711e+00,-2.575615644454956055e+00,9.227716326713562012e-01
-2.535975217819213867e+00,-2.579658746719360352e+00,8.705745339393615723e-01
-2.320220947265625000e+00,-2.582415819168090820e+00,8.606519699096679688e-01
-1.889917135238647461e+00,-2.625740051269531250e+00,8.876776695251464844e-01
-1.519067168235778809e+00,-2.652235984802246094e+00,8.074834942817687988e-01
-8.333970904350280762e-01,-2.573479413986206055e+00,8.588094711303710938e-01
-5.354500412940979004e-01,-2.543956756591796875e+00,7.860409021377563477e-01
7.466721534729003906e-02,-2.586874485015869141e+00,9.060989618301391602e-01
1.704181432723999023e+00,-2.502644300460815430e+00,9.403233528137207031e-01
1.911356568336486816e+00,-2.628813266754150391e+00,8.941202163696289062e-01
-3.951219797134399414e+00,-2.369850873947143555e+00,8.957767486572265625e-01
1.527290821075439453e+00,-2.367006301879882812e+00,9.326338768005371094e-01
4.003363132476806641e+00,-2.290002584457397461e+00,8.423039913177490234e-01
4.376625537872314453e+00,-2.203824520111083984e+00,9.173007011413574219e-01
-4.333980560302734375e+00,-1.861893057823181152e+00,9.927864670753479004e-01
4.482784271240234375e+00,-1.784110903739929199e+00,9.364960789680480957e-01
4.475223541259765625e+00,-1.549561977386474609e+00,1.002892613410949707e+00
-4.636324405670166016e+00,-1.218265056610107422e+00,7.404107451438903809e-01
4.674427032470703125e+00,-1.184825062751770020e+00,7.944824695587158203e-01
4.693054676055908203e+00,-9.323838353157043457e-01,8.521026968955993652e-01
-4.711601734161376953e+00,-5.196231007575988770e-01,8.158032298088073730e-01
4.743945598602294922e+00,-5.161833167076110840e-01,7.480984330177307129e-01
-4.771473884582519531e+00,-1.561585068702697754e-01,8.567676544189453125e-01
4.805815696716308594e+00,-3.154006600379943848e-01,7.019727826118469238e-01
-4.756607055664062500e+00,2.656359374523162842e-01,8.243821859359741211e-01
4.690497875213623047e+00,1.954772323369979858e-01,8.431884646415710449e-01
-4.764836311340332031e+00,5.052609443664550781e-01,7.554945945739746094e-01
4.717754840850830078e+00,5.766857266426086426e-01,8.653500676155090332e-01
-4.884481906890869141e+00,1.002701044082641602e+00,1.014194130897521973e+00
-4.723408699035644531e+00,1.145821928977966309e+00,7.799400091171264648e-01
4.735209465026855469e+00,1.284752488136291504e+00,8.642841577529907227e-01
5.055909633636474609e+00,1.274585127830505371e+00,8.954181671142578125e-01
-4.618341445922851562e+00,1.447904825210571289e+00,8.411850333213806152e-01
-4.542840003967285156e+00,1.681906938552856445e+00,7.341840267181396484e-01
4.607501506805419922e+00,1.562222242355346680e+00,7.326096296310424805e-01
-4.317898750305175781e+00,1.928000211715698242e+00,7.842957973480224609e-01
-4.217076301574707031e+00,2.145243644714355469e+00,8.858442902565002441e-01
-4.151232242584228516e+00,2.233618259429931641e+00,9.793444871902465820e-01
3.964147090911865234e+00,2.298685312271118164e+00,8.042081594467163086e-01
-3.322321176528930664e+00,2.531560897827148438e+00,9.134719967842102051e-01
-2.895294427871704102e+00,2.503222703933715820e+00,7.712268233299255371e-01
-2.494074344635009766e+00,2.514950275421142578e+00,8.334892988204956055e-01
-2.321271896362304688e+00,2.515230178833007812e+00,7.991747856140136719e-01
-1.968225479125976562e+00,2.514789581298828125e+00,7.885770201683044434e-01
-1.128562927246093750e+00,2.497221946716308594e+00,8.925178647041320801e-01
-9.778170585632324219e-01,2.513050317764282227e+00,8.373710513114929199e-01
-5.899538397789001465e-01,2.468619585037231445e+00,8.992568850517272949e-01
-1.118480935692787170e-01,2.505699157714843750e+00,7.721686959266662598e-01
1.550378799438476562e-01,2.494607686996459961e+00,8.026615977287292480e-01
5.361879467964172363e-01,2.519388437271118164e+00,9.064425826072692871e-01
8.585377931594848633e-01,2.577244281768798828e+00,9.719425439834594727e-01
1.397106528282165527e+00,2.634814739227294922e+00,1.029795289039611816e+00
1.734616637229919434e+00,2.606981515884399414e+00,8.341039419174194336e-01
1.947921752929687500e+00,2.611683845520019531e+00,9.408392906188964844e-01
2.372708082199096680e+00,2.557433843612670898e+00,8.924801349639892578e-01
2.627541065216064453e+00,2.574256420135498047e+00,9.896813631057739258e-01
2.948077678680419922e+00,2.629473447799682617e+00,1.005838990211486816e+00
3.699480772018432617e+00,2.472957372665405273e+00,8.518516421318054199e-01
-3.140460491180419922e+00,-2.588923931121826172e+00,1.232841849327087402e+00
-2.692966938018798828e+00,-2.626713275909423828e+00,1.197662949562072754e+00
-2.238524436950683594e+00,-2.541440725326538086e+00,1.228104948997497559e+00
-1.792925834655761719e+00,-2.564723014831542969e+00,1.174718976020812988e+00
-1.617524147033691406e+00,-2.582834959030151367e+00,1.214047431945800781e+00
-1.349900245666503906e+00,-2.681740522384643555e+00,1.194433450698852539e+00
-5.457460880279541016e-01,-2.634526968002319336e+00,1.323979258537292480e+00
-1.643536686897277832e-01,-2.526916265487670898e+00,1.147576570510864258e+00
1.771921068429946899e-01,-2.582127094268798828e+00,1.370738267898559570e+00
6.186890602111816406e-01,-2.531317472457885742e+00,1.228948950767517090e+00
9.127419590950012207e-01,-2.557158946990966797e+00,1.135628223419189453e+00
1.078681826591491699e+00,-2.565052032470703125e+00,1.099434018135070801e+00
1.417948722839355469e+00,-2.513540744781494141e+00,1.079809546470642090e+00
-4.105386257171630859e+00,-2.269636631011962891e+00,1.195981264114379883e+00
-3.642781496047973633e+00,-2.410643815994262695e+00,1.181714057922363281e+00
9.000610113143920898e-01,-2.387303829193115234e+00,1.232178092002868652e+00
3.653638839721679688e+00,-2.448690176010131836e+00,1.198278665542602539e+00
4.076468467712402344e+00,-2.143831968307495117e+00,1.060103893280029297e+00
-4.418397426605224609e+00,-1.885851860046386719e+00,1.355348229408264160e+00
4.468930721282958984e+00,-1.851750612258911133e+00,1.156514286994934082e+00
-4.382451057434082031e+00,-1.598443508148193359e+00,1.107141256332397461e+00
4.469609737396240234e+00,-1.568572998046875000e+00,1.172711253166198730e+00
4.831121444702148438e+00,-9.421628713607788086e-01,1.154723763465881348e+00
4.707331180572509766e+00,-4.558975100517272949e-01,1.069916725158691406e+00
-4.691712379455566406e+00,-1.385450363159179688e-01,1.230045557022094727e+00
4.789838790893554688e+00,-1.494012922048568726e-01,1.294777870178222656e+00
-4.671586990356445312e+00,1.486012488603591919e-01,1.179299950599670410e+00
4.787724971771240234e+00,1.786996275186538696e-01,1.329498767852783203e+00
-4.665828227996826172e+00,4.907463788986206055e-01,1.149876117706298828e+00
4.798655033111572266e+00,4.728957414627075195e-01,1.351103186607360840e+00
4.822389602661132812e+00,7.763120532035827637e-01,1.060732960700988770e+00
4.936036586761474609e+00,9.271476268768310547e-01,1.283258914947509766e+00
-4.607461929321289062e+00,1.127537727355957031e+00,1.327990770339965820e+00
4.804603576660156250e+00,1.123452901840209961e+00,1.077388048171997070e+00
-4.391056537628173828e+00,1.488137245178222656e+00,1.278490543365478516e+00
-4.322717666625976562e+00,1.959023118019104004e+00,1.192111134529113770e+00
-4.069405555725097656e+00,2.240738391876220703e+00,1.209724187850952148e+00
-3.692769527435302734e+00,2.441157341003417969e+00,1.156330227851867676e+00
-2.133294820785522461e+00,2.449990987777709961e+00,1.138756036758422852e+00
-2.038542509078979492e+00,2.440559387207031250e+00,1.208126306533813477e+00
2.816894292831420898e+00,2.227391242980957031e+00,1.123530983924865723e+00
3.848517894744873047e+00,2.348061800003051758e+00,1.240362524986267090e+00
3.945455074310302734e+00,2.294655799865722656e+00,1.188278436660766602e+00
-3.303821563720703125e+00,2.545644998550415039e+00,1.213936090469360352e+00
-2.968193054199218750e+00,2.528143882751464844e+00,1.107175111770629883e+00
-2.723365545272827148e+00,2.541818857192993164e+00,1.284833908081054688e+00
-2.309371709823608398e+00,2.497835874557495117e+00,1.192900180816650391e+00
-1.720994949340820312e+00,2.499800205230712891e+00,1.091727137565612793e+00
-1.209729313850402832e+00,2.470255136489868164e+00,1.123047709465026855e+00
-8.731020092964172363e-01,2.505983829498291016e+00,1.366863131523132324e+00
-5.818737149238586426e-01,2.498342752456665039e+00,1.253357172012329102e+00
-2.202477008104324341e-01,2.534037590026855469e+00,1.283234953880310059e+00
1.921341717243194580e-01,2.530798435211181641e+00,1.342594981193542480e+00
6.337381601333618164e-01,2.524716615676879883e+00,1.305241465568542480e+00
7.589966058731079102e-01,2.542360305786132812e+00,1.194399595260620117e+00
1.203422307968139648e+00,2.571389913558959961e+00,1.202857971191406250e+00
1.575750231742858887e+00,2.545388221740722656e+00,1.334520339965820312e+00
1.942523121833801270e+00,2.546459197998046875e+00,1.226856470108032227e+00
2.204638481140136719e+00,2.548235654830932617e+00,1.191432237625122070e+00
2.677877187728881836e+00,2.537436008453369141e+00,1.104580879211425781e+00
3.083026885986328125e+00,2.527511119842529297e+00,1.230764150619506836e+00
3.351887226104736328e+00,2.554419040679931641e+00,1.142574310302734375e+00
3.630217075347900391e+00,2.467215061187744141e+00,1.065241098403930664e+00
-1.846398711204528809e-01,-2.679788112640380859e+00,1.510573148727416992e+00
1.411480307579040527e-01,-2.580662250518798828e+00,1.421855926513671875e+00
3.730504274368286133e+00,-2.463785409927368164e+00,1.521288037300109863e+00
8.053123205900192261e-02,-2.415441036224365234e+00,1.438237071037292480e+00
3.682377338409423828e+00,-2.383152723312377930e+00,1.472863674163818359e+00
4.783357143402099609e+00,-3.945887088775634766e-01,1.417831897735595703e+00
-4.647762775421142578e+00,-1.538126468658447266e-01,1.473146915435791016e+00
4.766824722290039062e+00,-1.782972812652587891e-01,1.472205042839050293e+00
-4.587723731994628906e+00,2.789595425128936768e-01,1.433252453804016113e+00
-4.973575592041015625e+00,1.007183670997619629e+00,1.469679951667785645e+00
-4.607946872711181641e+00,1.409902811050415039e+00,1.683668851852416992e+00
-4.340634822845458984e+00,1.896831512451171875e+00,1.548172354698181152e+00
-4.148128509521484375e+00,2.035164356231689453e+00,1.642159938812255859e+00
-4.106628894805908203e+00,2.184444665908813477e+00,1.486111044883728027e+00
-3.597890138626098633e+00,2.436515569686889648e+00,1.495764374732971191e+00
-1.971279382705688477e+00,2.419925928115844727e+00,1.595331907272338867e+00
3.727183580398559570e+00,2.427119493484497070e+00,1.731000900268554688e+00
4.355290412902832031e+00,2.158359050750732422e+00,1.748650550842285156e+00
-3.372848749160766602e+00,2.533170938491821289e+00,1.583743572235107422e+00
-3.124949693679809570e+00,2.604410171508789062e+00,1.634904503822326660e+00
-2.545726060867309570e+00,2.582413673400878906e+00,1.613323807716369629e+00
-2.408494710922241211e+00,2.556984186172485352e+00,1.520009279251098633e+00
-1.783959150314331055e+00,2.476946592330932617e+00,1.449824452400207520e+00
-1.059370160102844238e+00,2.549815177917480469e+00,1.443994998931884766e+00
-8.538054227828979492e-01,2.524244785308837891e+00,1.511432409286499023e+00
-5.532498359680175781e-01,2.525562286376953125e+00,1.560742378234863281e+00
-2.080100029706954956e-01,2.533663034439086914e+00,1.517751574516296387e+00
3.264121413230895996e-01,2.546991348266601562e+00,1.524801015853881836e+00
4.911442697048187256e-01,2.517668962478637695e+00,1.544643998146057129e+00
1.254142999649047852e+00,2.536664009094238281e+00,1.616155385971069336e+00
1.749564170837402344e+00,2.613326072692871094e+00,1.476299285888671875e+00
3.570080757141113281e+00,2.482191324234008789e+00,1.617087483406066895e+00
9.415214657783508301e-01,-2.811345577239990234e+00,1.979568481445312500e+00
-1.266587376594543457e+00,-2.569670677185058594e+00,2.052398443222045898e+00
-7.146180272102355957e-01,-2.582460165023803711e+00,2.033986806869506836e+00
8.662033081054687500e-01,-2.733530282974243164e+00,2.078519821166992188e+00
1.394302964210510254e+00,-2.764127731323242188e+00,2.016618251800537109e+00
1.522101521492004395e+00,-2.684417247772216797e+00,2.063990592956542969e+00
1.820037007331848145e+00,-2.539466381072998047e+00,1.943404912948608398e+00
2.126265525817871094e+00,-2.590090990066528320e+00,1.821661710739135742e+00
2.739531040191650391e+00,-2.456267356872558594e+00,1.943544387817382812e+00
2.820181846618652344e+00,-2.554409265518188477e+00,1.938370585441589355e+00
3.924603939056396484e+00,-2.540220737457275391e+00,1.879155278205871582e+00
4.236075878143310547e+00,-2.497447729110717773e+00,2.090090036392211914e+00
3.651011466979980469e+00,-2.429918766021728516e+00,2.048427104949951172e+00
3.874603509902954102e+00,-2.424598932266235352e+00,2.093992710113525391e+00
4.298455715179443359e+00,-1.987959861755371094e+00,2.004965305328369141e+00
4.584053039550781250e+00,-1.809980511665344238e+00,2.091693162918090820e+00
4.783148765563964844e+00,-1.251921892166137695e+00,2.035665512084960938e+00
4.566231250762939453e+00,1.768627643585205078e+00,1.876068830490112305e+00
3.961122989654541016e+00,2.328771352767944336e+00,1.892992377281188965e+00
-3.447619199752807617e+00,2.463912487030029297e+00,1.785028696060180664e+00
-2.957045555114746094e+00,2.660614967346191406e+00,1.765093326568603516e+00
-2.583724498748779297e+00,2.627643108367919922e+00,1.881891727447509766e+00
-2.029493093490600586e+00,2.513344049453735352e+00,1.785692691802978516e+00
-1.280331254005432129e+00,2.581269264221191406e+00,2.067170143127441406e+00
-7.583512067794799805e-01,2.504001140594482422e+00,1.764108657836914062e+00
-2.137650698423385620e-01,2.513712882995605469e+00,1.776957035064697266e+00
1.189253449440002441e+00,2.534792661666870117e+00,1.797850489616394043e+00
3.680613279342651367e+00,2.490579128265380859e+00,1.957377791404724121e+00
-1.681582570075988770e+00,-2.800854921340942383e+00,2.350901365280151367e+00
-3.255541086196899414e+00,-2.771936893463134766e+00,2.429029941558837891e+00
-2.893246412277221680e+00,-2.561780214309692383e+00,2.380419492721557617e+00
-2.677919864654541016e+00,-2.585243701934814453e+00,2.189653873443603516e+00
-2.353596210479736328e+00,-2.669209003448486328e+00,2.226840496063232422e+00
-1.842109441757202148e+00,-2.612577915191650391e+00,2.215575695037841797e+00
-1.581648945808410645e+00,-2.682537794113159180e+00,2.226226329803466797e+00
-1.235947608947753906e+00,-2.631038665771484375e+00,2.173244714736938477e+00
-4.249305129051208496e-01,-2.623441696166992188e+00,2.124487638473510742e+00
5.837703943252563477e-01,-2.640809297561645508e+00,2.219590902328491211e+00
8.582589626312255859e-01,-2.647514581680297852e+00,2.172323465347290039e+00
1.190038323402404785e+00,-2.521433830261230469e+00,2.155697345733642578e+00
1.726864099502563477e+00,-2.688127279281616211e+00,2.157153844833374023e+00
1.867008805274963379e+00,-2.544045686721801758e+00,2.150766134262084961e+00
2.241552591323852539e+00,-2.628683090209960938e+00,2.242869853973388672e+00
-3.470948457717895508e+00,-2.415108442306518555e+00,2.228488683700561523e+00
-1.572900533676147461e+00,-2.438892364501953125e+00,2.151903629302978516e+00
1.317289710044860840e+00,-2.389062166213989258e+00,2.352212905883789062e+00
1.789447188377380371e+00,-2.320494413375854492e+00,2.137285947799682617e+00
3.823058366775512695e+00,-2.295738935470581055e+00,2.239258289337158203e+00
4.087361812591552734e+00,-2.351503133773803711e+00,2.165974617004394531e+00
5.645527243614196777e-01,-1.785547852516174316e+00,2.427551269531250000e+00
9.638475179672241211e-01,-1.792036294937133789e+00,2.389571428298950195e+00
-4.547635078430175781e+00,-1.504983305931091309e+00,2.391321897506713867e+00
4.839639067649841309e-01,-1.523992538452148438e+00,2.442289590835571289e+00
8.741336464881896973e-01,-1.540150165557861328e+00,2.417092323303222656e+00
1.740330457687377930e+00,-1.454905390739440918e+00,2.407745361328125000e+00
2.081826210021972656e+00,-1.413467407226562500e+00,2.404592275619506836e+00
2.292191028594970703e+00,-1.414690375328063965e+00,2.387155055999755859e+00
3.423866271972656250e+00,-1.608001470565795898e+00,2.311619520187377930e+00
3.669037342071533203e+00,-1.571300506591796875e+00,2.305941343307495117e+00
-4.625800609588623047e+00,-1.210878729820251465e+00,2.424566268920898438e+00
8.947582244873046875e-01,-1.383748650550842285e+00,2.425066232681274414e+00
1.221736907958984375e+00,-1.171260356903076172e+00,2.387328624725341797e+00
1.702530503273010254e+00,-1.366172790527343750e+00,2.409979820251464844e+00
2.080780267715454102e+00,-1.391482591629028320e+00,2.389050245285034180e+00
2.787175655364990234e+00,-1.099868059158325195e+00,2.392131328582763672e+00
3.108125925064086914e+00,-1.104719281196594238e+00,2.374968767166137695e+00
3.782628297805786133e+00,-1.333227992057800293e+00,2.310531854629516602e+00
4.669124603271484375e+00,-1.280002593994140625e+00,2.251028060913085938e+00
4.251824915409088135e-01,-1.039214253425598145e+00,2.428714513778686523e+00
1.006635427474975586e+00,-7.626690864562988281e-01,2.424909353256225586e+00
2.391099929809570312e+00,-8.800660371780395508e-01,2.351596355438232422e+00
2.814119577407836914e+00,-7.143509387969970703e-01,2.424111127853393555e+00
3.189101696014404297e+00,-8.245286941528320312e-01,2.373421192169189453e+00
4.343786835670471191e-01,-3.882939219474792480e-01,2.378047943115234375e+00
1.180197715759277344e+00,-6.821666955947875977e-01,2.387340545654296875e+00
1.426122188568115234e+00,-6.906785368919372559e-01,2.380514860153198242e+00
2.025187015533447266e+00,-4.645699560642242432e-01,2.358824729919433594e+00
2.331739187240600586e+00,-4.912607967853546143e-01,2.323088884353637695e+00
2.515262365341186523e+00,-5.418371558189392090e-01,2.296403408050537109e+00
3.134656667709350586e+00,-4.195497035980224609e-01,2.309676170349121094e+00
4.744204521179199219e+00,-4.854374527931213379e-01,2.211698055267333984e+00
-4.757528305053710938e+00,-6.261281669139862061e-02,2.350472688674926758e+00
8.398731946945190430e-01,-1.947102844715118408e-01,2.392260551452636719e+00
1.391044974327087402e+00,-5.183527246117591858e-02,2.402216672897338867e+00
2.222112178802490234e+00,-4.734399542212486267e-02,2.371054649353027344e+00
2.658164978027343750e+00,-1.996670514345169067e-01,2.330369472503662109e+00
2.980966567993164062e+00,-1.472233980894088745e-01,2.349025011062622070e+00
3.280094385147094727e+00,-3.020498454570770264e-01,2.321461677551269531e+00
4.864710330963134766e+00,-1.198919489979743958e-01,2.440781354904174805e+00
3.749504387378692627e-01,2.578504383563995361e-01,2.381799697875976562e+00
1.302587270736694336e+00,1.246655806899070740e-01,2.383159875869750977e+00
1.472685337066650391e+00,1.336750686168670654e-01,2.389092683792114258e+00
2.367307424545288086e+00,2.201351337134838104e-02,2.299075126647949219e+00
2.723110198974609375e+00,1.497421264648437500e-01,2.305490732192993164e+00
4.828989505767822266e+00,3.399124741554260254e-01,2.216172218322753906e+00
5.433048605918884277e-01,4.842556416988372803e-01,2.362750768661499023e+00
7.456378936767578125e-01,6.477320790290832520e-01,2.341596364974975586e+00
1.367715835571289062e+00,5.511851310729980469e-01,2.389679431915283203e+00
2.357155323028564453e+00,5.881453752517700195e-01,2.341204404830932617e+00
2.698159217834472656e+00,5.532335638999938965e-01,2.282018184661865234e+00
2.963719844818115234e+00,6.767248511314392090e-01,2.267485380172729492e+00
4.744952678680419922e+00,5.340928435325622559e-01,2.243579864501953125e+00
-4.801738262176513672e+00,7.875822782516479492e-01,2.424005508422851562e+00
3.382146060466766357e-01,1.043069124221801758e+00,2.346559524536132812e+00
1.332935690879821777e+00,7.460706233978271484e-01,2.376507997512817383e+00
2.403010368347167969e+00,1.015973806381225586e+00,2.327869892120361328e+00
4.605963706970214844e+00,8.860834240913391113e-01,2.261953353881835938e+00
2.028456687927246094e+00,1.237317442893981934e+00,2.289228439331054688e+00
2.165201187133789062e+00,1.147203922271728516e+00,2.318877220153808594e+00
2.863420248031616211e+00,1.114280462265014648e+00,2.247240304946899414e+00
3.996174573898315430e+00,2.370532274246215820e+00,2.217262983322143555e+00
4.280024051666259766e+00,2.212716817855834961e+00,2.260809898376464844e+00
-1.999409675598144531e+00,2.669949293136596680e+00,2.350616693496704102e+00
-1.563336253166198730e+00,2.647611379623413086e+00,2.245319366455078125e+00
-1.518537849187850952e-01,2.696561098098754883e+00,2.293232917785644531e+00
2.486472576856613159e-01,2.668349027633666992e+00,2.199337244033813477e+00
5.061679482460021973e-01,2.677450656890869141e+00,2.320590019226074219e+00
7.632811665534973145e-01,2.682492256164550781e+00,2.187180280685424805e+00
1.327462673187255859e+00,2.706695079803466797e+00,2.315478563308715820e+00
1.581664681434631348e+00,2.691758394241333008e+00,2.274822950363159180e+00
1.924845933914184570e+00,2.675085544586181641e+00,2.245855093002319336e+00
2.439456462860107422e+00,2.649863481521606445e+00,2.310112953186035156e+00
3.745300054550170898e+00,2.632949352264404297e+00,2.372613430023193359e+00
-2.282276153564453125e+00,-2.593740224838256836e+00,2.568118095397949219e+00
3.378604412078857422e+00,-2.686625957489013672e+00,2.771998882293701172e+00
4.321977615356445312e+00,-2.526963949203491211e+00,2.735337018966674805e+00
1.811152696609497070e+00,-2.170323848724365234e+00,2.798736810684204102e+00
3.014996528625488281e+00,-2.025691032409667969e+00,2.766560792922973633e+00
3.164184093475341797e+00,-2.013246536254882812e+00,2.757272958755493164e+00
5.080163478851318359e+00,-1.537073850631713867e+00,2.711781978607177734e+00
-4.782873630523681641e+00,-1.150215268135070801e+00,2.500139951705932617e+00
-2.727741003036499023e+00,-1.111741542816162109e+00,2.642511606216430664e+00
-2.084083080291748047e+00,-1.065459966659545898e+00,2.640926122665405273e+00
1.923185586929321289e-01,-1.355724334716796875e+00,2.477575778961181641e+00
5.758207440376281738e-01,-1.209691047668457031e+00,2.462904691696166992e+00
4.611619949340820312e+00,-1.163907766342163086e+00,2.500270605087280273e+00
5.051479339599609375e+00,-1.140378952026367188e+00,2.699472904205322266e+00
-4.914505481719970703e+00,-9.333671927452087402e-01,2.477247714996337891e+00
-4.829369068145751953e+00,-9.063227772712707520e-01,2.457384347915649414e+00
-1.998368740081787109e+00,-8.420397639274597168e-01,2.641268730163574219e+00
5.005301475524902344e+00,-8.448433279991149902e-01,2.674875974655151367e+00
-3.602102518081665039e+00,-6.764162778854370117e-01,2.601335287094116211e+00
-3.336166381835937500e+00,-5.167478322982788086e-01,2.608760595321655273e+00
-2.737128019332885742e+00,-5.554360747337341309e-01,2.664916753768920898e+00
-2.237849235534667969e+00,-5.869972705841064453e-01,2.624197483062744141e+00
-1.922804832458496094e+00,-6.327335834503173828e-01,2.592179059982299805e+00
-1.635270357131958008e+00,-5.797645449638366699e-01,2.600588798522949219e+00
-7.599006295204162598e-01,-4.032410383224487305e-01,2.654643297195434570e+00
5.080458641052246094e+00,-4.870208203792572021e-01,2.703396081924438477e+00
-4.609155654907226562e+00,-2.005587518215179443e-01,2.521912097930908203e+00
-2.644408702850341797e+00,-2.826498150825500488e-01,2.633341550827026367e+00
5.036435127258300781e+00,-1.535156071186065674e-01,2.675580501556396484e+00
5.050956726074218750e+00,1.165765151381492615e-01,2.742025852203369141e+00
-4.853677749633789062e+00,6.975410580635070801e-01,2.511865615844726562e+00
4.984220981597900391e+00,5.000560283660888672e-01,2.645944595336914062e+00
-4.678109169006347656e+00,7.677943706512451172e-01,2.451358079910278320e+00
4.867908954620361328e+00,8.664373755455017090e-01,2.492932558059692383e+00
4.920182228088378906e+00,8.370354175567626953e-01,2.658258438110351562e+00
4.861588001251220703e+00,1.092174887657165527e+00,2.675688982009887695e+00
-4.589035987854003906e+00,1.701692581176757812e+00,2.592813253402709961e+00
4.790642738342285156e+00,1.500544905662536621e+00,2.711219310760498047e+00
-4.339358329772949219e+00,2.086151599884033203e+00,2.715616703033447266e+00
4.503895759582519531e+00,1.966823577880859375e+00,2.689420223236083984e+00
4.800290107727050781e+00,2.004710435867309570e+00,2.645405530929565430e+00
2.640144824981689453e+00,2.364057779312133789e+00,2.725128173828125000e+00
3.287053346633911133e+00,2.299483060836791992e+00,2.710059404373168945e+00
3.746373414993286133e+00,2.392333984375000000e+00,2.737859487533569336e+00
4.112456321716308594e+00,2.242144584655761719e+00,2.669780492782592773e+00
4.297178268432617188e+00,2.270555019378662109e+00,2.666174888610839844e+00
4.564073085784912109e+00,2.292738914489746094e+00,2.675099134445190430e+00
-3.193322896957397461e+00,2.704792737960815430e+00,2.622225284576416016e+00
-2.962860107421875000e+00,2.713116168975830078e+00,2.489755153656005859e+00
-2.508710861206054688e+00,2.657785415649414062e+00,2.531319856643676758e+00
-1.867168784141540527e+00,2.695792913436889648e+00,2.504125833511352539e+00
-1.647855162620544434e+00,2.678649187088012695e+00,2.470369577407836914e+00
-8.415268063545227051e-01,2.682119607925415039e+00,2.669520139694213867e+00
-5.949006080627441406e-01,2.690446853637695312e+00,2.551376819610595703e+00
-1.388526409864425659e-01,2.698878526687622070e+00,2.502502679824829102e+00
1.204534843564033508e-01,2.708594083786010742e+00,2.655055284500122070e+00
1.846672415733337402e+00,2.708797216415405273e+00,2.748231887817382812e+00
2.237930536270141602e+00,2.634770393371582031e+00,2.599253654479980469e+00
2.537873983383178711e+00,2.634297609329223633e+00,2.627467155456542969e+00
3.086889028549194336e+00,2.457918882369995117e+00,2.755844354629516602e+00
3.305451393127441406e+00,2.618917942047119141e+00,2.666507959365844727e+00
3.683541059494018555e+00,2.519181489944458008e+00,2.651556253433227539e+00
2.674349308013916016e+00,2.820910215377807617e+00,2.738575696945190430e+00
-2.841159820556640625e+00,-2.562565326690673828e+00,2.981840848922729492e+00
-2.150058984756469727e+00,-2.571766853332519531e+00,2.988152742385864258e+00
-1.194430589675903320e+00,-2.704728364944458008e+00,2.929968833923339844e+00
-7.936447858810424805e-01,-2.660584211349487305e+00,2.892793416976928711e+00
8.879094123840332031e-01,-2.578944683074951172e+00,2.834875106811523438e+00
1.050918340682983398e+00,-2.509500503540039062e+00,2.815366506576538086e+00
3.483137607574462891e+00,-2.650044202804565430e+00,2.844501256942749023e+00
-2.583600997924804688e+00,-2.171522140502929688e+00,2.950999498367309570e+00
-1.991900324821472168e+00,-2.148100614547729492e+00,2.881067514419555664e+00
-1.222500205039978027e+00,-2.227541446685791016e+00,2.881798982620239258e+00
-9.987874627113342285e-01,-2.226397752761840820e+00,2.890604496002197266e+00
-5.140002965927124023e-01,-2.245360612869262695e+00,2.873409271240234375e+00
-1.814194023609161377e-01,-2.205901622772216797e+00,2.876510858535766602e+00
8.318501710891723633e-01,-2.263646125793457031e+00,2.850037574768066406e+00
1.173528075218200684e+00,-2.287692308425903320e+00,2.845644712448120117e+00
1.487671136856079102e+00,-2.272147417068481445e+00,2.826257467269897461e+00
-4.119465827941894531e+00,-1.814251065254211426e+00,2.998362064361572266e+00
-3.738734960556030273e+00,-1.925186991691589355e+00,2.952991724014282227e+00
-2.592155218124389648e+00,-2.085704088211059570e+00,2.991887092590332031e+00
-1.487760543823242188e+00,-1.988280296325683594e+00,2.935737133026123047e+00
-3.019477128982543945e-01,-2.053176879882812500e+00,2.866380691528320312e+00
2.309395521879196167e-01,-2.033524274826049805e+00,2.853827714920043945e+00
5.852592587471008301e-01,-1.983683347702026367e+00,2.836585521697998047e+00
7.573695182800292969e-01,-1.996653318405151367e+00,2.836179018020629883e+00
-3.837105751037597656e+00,-1.645463347434997559e+00,2.977588891983032227e+00
-4.372707366943359375e+00,-6.076751947402954102e-01,3.026323795318603516e+00
-4.413598060607910156e+00,-3.278994858264923096e-01,2.951867818832397461e+00
-4.300729751586914062e+00,2.091398835182189941e-01,3.027613162994384766e+00
-4.349172115325927734e+00,4.509926736354827881e-01,2.973347902297973633e+00
-4.171000480651855469e+00,8.183336853981018066e-01,2.990160465240478516e+00
-2.919525146484375000e+00,2.739346265792846680e+00,2.948522090911865234e+00
-2.650849580764770508e+00,2.623028516769409180e+00,2.867350816726684570e+00
-2.402953386306762695e+00,2.740613698959350586e+00,2.839438676834106445e+00
-2.053874254226684570e+00,2.727242231369018555e+00,2.873153924942016602e+00
-1.559062480926513672e+00,2.755246162414550781e+00,2.896272420883178711e+00
-1.296831607818603516e+00,2.744223117828369141e+00,2.853589534759521484e+00
-9.322942495346069336e-01,2.736198425292968750e+00,2.812670469284057617e+00
-4.511220455169677734e-01,2.785109996795654297e+00,2.909572601318359375e+00
-1.427469849586486816e-01,2.795381784439086914e+00,2.886935234069824219e+00
2.416865974664688110e-01,2.745477914810180664e+00,2.803830623626708984e+00
5.504426360130310059e-01,2.764064311981201172e+00,2.842805862426757812e+00
1.556404232978820801e+00,2.797798633575439453e+00,2.850920915603637695e+00
-1.208941459655761719e+00,2.835571765899658203e+00,2.858398437500000000e+00
-3.574164211750030518e-01,2.800138950347900391e+00,2.800568580627441406e+00
-2.873368263244628906e-01,2.808958768844604492e+00,2.822216510772705078e+00
