2.386365175247192383e+00,-2.451324701309204102e+00,-3.696359872817993164e+00
3.301759719848632812e+00,1.218964338302612305e+00,-3.542344093322753906e+00
-8.192782998085021973e-01,-3.229009389877319336e+00,-3.260891675949096680e+00
-5.011357665061950684e-01,-3.253089427947998047e+00,-3.234069824218750000e+00
-2.381327152252197266e-01,-3.271768569946289062e+00,-3.272623062133789062e+00
1.266077458858489990e-01,-3.352982997894287109e+00,-3.299424648284912109e+00
4.451404809951782227e-01,-3.357363462448120117e+00,-3.258297681808471680e+00
8.673185706138610840e-01,-3.363283634185791016e+00,-3.298721075057983398e+00
1.177311420440673828e+00,-3.330489635467529297e+00,-3.339764595031738281e+00
1.578743100166320801e+00,-3.229967355728149414e+00,-3.248503446578979492e+00
-7.337077856063842773e-01,-3.142178535461425781e+00,-3.213141918182373047e+00
1.946481943130493164e+00,-3.063826084136962891e+00,-3.330226898193359375e+00
2.283954381942749023e+00,-2.874538183212280273e+00,-3.325251817703247070e+00
-1.646230816841125488e+00,-2.620540380477905273e+00,-3.203513622283935547e+00
2.448390722274780273e+00,-2.654789686203002930e+00,-3.335103750228881836e+00
2.576689720153808594e+00,-2.571820974349975586e+00,-3.306123495101928711e+00
-2.107021570205688477e+00,-2.148100614547729492e+00,-3.237374067306518555e+00
2.775627136230468750e+00,-2.371185302734375000e+00,-3.237237215042114258e+00
2.863220691680908203e+00,-2.294548988342285156e+00,-3.456459999084472656e+00
-2.350828409194946289e+00,-1.954456210136413574e+00,-3.164701700210571289e+00
3.084046840667724609e+00,-2.052600145339965820e+00,-3.150880098342895508e+00
-2.474121332168579102e+00,-1.445529699325561523e+00,-3.191631555557250977e+00
-2.445952653884887695e+00,-1.584874153137207031e+00,-3.204539060592651367e+00
-2.687111854553222656e+00,-1.147854924201965332e+00,-3.207565069198608398e+00
3.583142280578613281e+00,-1.251981019973754883e+00,-3.192658901214599609e+00
3.552051544189453125e+00,-9.020550251007080078e-01,-3.315852403640747070e+00
3.652600288391113281e+00,-5.125629305839538574e-01,-3.326368331909179688e+00
3.704186916351318359e+00,-1.720059812068939209e-01,-3.249545097351074219e+00
3.672000885009765625e+00,1.330930739641189575e-01,-3.353843688964843750e+00
3.590315818786621094e+00,5.981160998344421387e-01,-3.352619171142578125e+00
3.569714307785034180e+00,9.500517845153808594e-01,-3.298564195632934570e+00
3.413906097412109375e+00,1.242512345314025879e+00,-3.254641532897949219e+00
3.220267295837402344e+00,1.490039587020874023e+00,-3.369021892547607422e+00
2.849585533142089844e+00,2.071122646331787109e+00,-3.256873846054077148e+00
-9.531655907630920410e-01,2.632908105850219727e+00,-3.154648065567016602e+00
-1.893211342394351959e-02,2.844883441925048828e+00,-3.157642364501953125e+00
4.305998384952545166e-01,2.812114000320434570e+00,-3.303190946578979492e+00
1.370318651199340820e+00,2.947793006896972656e+00,-3.199499607086181641e+00
-1.263221800327301025e-01,-3.553154468536376953e+00,-2.812361001968383789e+00
1.135627985000610352e+00,-3.512557268142700195e+00,-2.804932832717895508e+00
1.877963542938232422e+00,-3.548386573791503906e+00,-2.827208518981933594e+00
-5.421819090843200684e-01,-3.222621917724609375e+00,-3.057569026947021484e+00
-2.217113077640533447e-01,-3.329421281814575195e+00,-2.955359220504760742e+00
1.010378003120422363e-01,-3.370209455490112305e+00,-2.935110569000244141e+00
4.229665994644165039e-01,-3.431610822677612305e+00,-2.964062452316284180e+00
9.475854635238647461e-01,-3.428681373596191406e+00,-2.979520320892333984e+00
1.250928640365600586e+00,-3.386572122573852539e+00,-2.980259418487548828e+00
1.610188722610473633e+00,-3.310213088989257812e+00,-2.915923118591308594e+00
1.870293378829956055e+00,-3.194539308547973633e+00,-2.923507213592529297e+00
-1.512984037399291992e+00,-2.827840328216552734e+00,-2.927105426788330078e+00
-1.183525204658508301e+00,-2.993648290634155273e+00,-2.986030101776123047e+00
-8.697664737701416016e-01,-3.110265254974365234e+00,-3.053577899932861328e+00
2.074850797653198242e+00,-3.146454811096191406e+00,-2.868833780288696289e+00
2.274147748947143555e+00,-3.089220523834228516e+00,-2.836311340332031250e+00
2.616417169570922852e+00,-2.902075052261352539e+00,-3.017758131027221680e+00
-1.831440329551696777e+00,-2.615398883819580078e+00,-3.043405294418334961e+00
-1.673440217971801758e+00,-2.708995342254638672e+00,-2.944075345993041992e+00
2.714983463287353516e+00,-2.636104822158813477e+00,-3.012102365493774414e+00
2.968203306198120117e+00,-2.490542650222778320e+00,-2.811165332794189453e+00
-2.214343070983886719e+00,-2.163371562957763672e+00,-3.017008304595947266e+00
2.926361322402954102e+00,-2.323510885238647461e+00,-3.076511859893798828e+00
3.221977233886718750e+00,-2.148532867431640625e+00,-2.899749517440795898e+00
-2.455193758010864258e+00,-1.772820472717285156e+00,-3.028966903686523438e+00
-2.355485200881958008e+00,-1.960251808166503906e+00,-2.910850524902343750e+00
3.363334178924560547e+00,-1.927903532981872559e+00,-2.987582683563232422e+00
3.513187646865844727e+00,-1.799069762229919434e+00,-2.817647695541381836e+00
3.596100568771362305e+00,-1.530903458595275879e+00,-2.941344022750854492e+00
3.662478685379028320e+00,-1.201897025108337402e+00,-2.946867227554321289e+00
-2.819109678268432617e+00,-8.256144523620605469e-01,-2.952950000762939453e+00
-2.770528316497802734e+00,-9.166261553764343262e-01,-2.840551137924194336e+00
3.762120723724365234e+00,-8.586199879646301270e-01,-2.942635297775268555e+00
-2.817422866821289062e+00,-6.733813285827636719e-01,-2.945862293243408203e+00
-2.794279098510742188e+00,-5.642518401145935059e-01,-2.844858407974243164e+00
3.793504476547241211e+00,-5.961282253265380859e-01,-3.008481264114379883e+00
3.854194402694702148e+00,-4.145996272563934326e-01,-2.822160482406616211e+00
-2.871937513351440430e+00,-1.070612892508506775e-01,-3.114485740661621094e+00
3.783570766448974609e+00,-1.971058100461959839e-01,-2.968667507171630859e+00
-2.901724576950073242e+00,2.010325044393539429e-01,-2.988903760910034180e+00
3.678079605102539062e+00,6.168956756591796875e-01,-2.968254089355468750e+00
-2.812800884246826172e+00,8.130308389663696289e-01,-2.937384128570556641e+00
-2.738126516342163086e+00,8.999884724617004395e-01,-2.889836311340332031e+00
3.660394668579101562e+00,8.516072630882263184e-01,-3.016670227050781250e+00
-2.570032358169555664e+00,1.187507867813110352e+00,-2.964348554611206055e+00
3.406821250915527344e+00,1.244832515716552734e+00,-3.031953573226928711e+00
3.564345359802246094e+00,1.131031870841979980e+00,-2.996728897094726562e+00
-2.313437938690185547e+00,1.618900179862976074e+00,-2.894907474517822266e+00
3.187559604644775391e+00,1.635154962539672852e+00,-3.050116062164306641e+00
-1.936410546302795410e+00,1.965901851654052734e+00,-2.942195892333984375e+00
3.020184278488159180e+00,1.926705718040466309e+00,-2.982184410095214844e+00
-1.867529153823852539e+00,2.177477359771728516e+00,-2.800478935241699219e+00
-1.531735062599182129e+00,2.389665842056274414e+00,-2.958377838134765625e+00
2.680934667587280273e+00,2.329543113708496094e+00,-2.977383375167846680e+00
2.863910675048828125e+00,2.198891639709472656e+00,-2.906249761581420898e+00
-1.191621541976928711e+00,2.553960561752319336e+00,-3.115450859069824219e+00
-6.986117959022521973e-01,2.718436956405639648e+00,-3.087596893310546875e+00
1.792781233787536621e+00,2.731872558593750000e+00,-2.849160432815551758e+00
2.430181264877319336e+00,2.512137651443481445e+00,-3.110471725463867188e+00
2.486836194992065430e+00,2.531439304351806641e+00,-2.966749191284179688e+00
-4.539233446121215820e-01,2.853311538696289062e+00,-3.058361053466796875e+00
-1.767955869436264038e-01,2.914284467697143555e+00,-2.907674074172973633e+00
1.219397112727165222e-01,2.954662322998046875e+00,-2.970623016357421875e+00
5.378277301788330078e-01,3.015634298324584961e+00,-3.005424976348876953e+00
9.105302691459655762e-01,3.004514932632446289e+00,-2.968820095062255859e+00
1.153542995452880859e+00,2.971529722213745117e+00,-2.979207992553710938e+00
1.543602466583251953e+00,2.868622303009033203e+00,-3.086394309997558594e+00
-1.003870647400617599e-02,-3.520450830459594727e+00,-2.475121736526489258e+00
2.488624453544616699e-01,-3.538115262985229492e+00,-2.472159147262573242e+00
4.354192912578582764e-01,-3.556246995925903320e+00,-2.655666112899780273e+00
8.485340476036071777e-01,-3.557404279708862305e+00,-2.666433572769165039e+00
-8.331229090690612793e-01,-3.173185825347900391e+00,-2.702459096908569336e+00
-4.657019674777984619e-01,-3.323162794113159180e+00,-2.629231214523315430e+00
-1.948523521423339844e-01,-3.429895401000976562e+00,-2.614524841308593750e+00
1.752487421035766602e-01,-3.450522184371948242e+00,-2.702203512191772461e+00
1.327977180480957031e+00,-3.474250316619873047e+00,-2.655639648437500000e+00
1.583218097686767578e+00,-3.412000179290771484e+00,-2.667070865631103516e+00
2.243553876876831055e+00,-3.223322868347167969e+00,-2.651486396789550781e+00
-1.495863556861877441e+00,-2.813106775283813477e+00,-2.692644119262695312e+00
2.595452070236206055e+00,-3.017542123794555664e+00,-2.545883417129516602e+00
-1.640520334243774414e+00,-2.702501296997070312e+00,-2.631422281265258789e+00
2.728024959564208984e+00,-2.780166387557983398e+00,-2.595574378967285156e+00
2.950353622436523438e+00,-2.566610813140869141e+00,-2.693952322006225586e+00
-2.197108983993530273e+00,-2.117046594619750977e+00,-2.646309375762939453e+00
-2.082541465759277344e+00,-2.218096256256103516e+00,-2.695559501647949219e+00
3.072817802429199219e+00,-2.415400981903076172e+00,-2.651448249816894531e+00
3.242053031921386719e+00,-2.188940763473510742e+00,-2.614784002304077148e+00
-2.333209037780761719e+00,-1.861170411109924316e+00,-2.575413227081298828e+00
3.305300951004028320e+00,-2.098108768463134766e+00,-2.547490119934082031e+00
-2.436557531356811523e+00,-1.704903721809387207e+00,-2.732855081558227539e+00
3.615998744964599609e+00,-1.577772855758666992e+00,-2.590857028961181641e+00
-2.580218791961669922e+00,-1.353172779083251953e+00,-2.651947021484375000e+00
3.734653472900390625e+00,-1.114553213119506836e+00,-2.707742929458618164e+00
-2.846114397048950195e+00,-7.876868247985839844e-01,-2.566839456558227539e+00
3.824961423873901367e+00,-8.838564157485961914e-01,-2.589203834533691406e+00
3.858226060867309570e+00,-7.108845710754394531e-01,-2.493447303771972656e+00
-2.832881450653076172e+00,-4.746046662330627441e-01,-2.582147359848022461e+00
3.868753194808959961e+00,-4.415736794471740723e-01,-2.658834934234619141e+00
-2.812558174133300781e+00,-2.919316291809082031e-01,-2.652925491333007812e+00
3.801122903823852539e+00,-2.514756098389625549e-02,-2.649997711181640625e+00
3.874390602111816406e+00,-2.831693589687347412e-01,-2.585372924804687500e+00
-2.950343608856201172e+00,1.749251186847686768e-01,-2.643066406250000000e+00
3.766656398773193359e+00,1.489115655422210693e-01,-2.643104076385498047e+00
-2.884891748428344727e+00,5.075626969337463379e-01,-2.554583311080932617e+00
3.688125371932983398e+00,5.933351516723632812e-01,-2.622391223907470703e+00
-2.735262632369995117e+00,8.515330553054809570e-01,-2.652390718460083008e+00
3.683047771453857422e+00,8.579654097557067871e-01,-2.640944480895996094e+00
-2.593243122100830078e+00,1.147487759590148926e+00,-2.735104560852050781e+00
3.407385349273681641e+00,1.345969915390014648e+00,-2.639998435974121094e+00
3.681870222091674805e+00,1.106188416481018066e+00,-2.668996334075927734e+00
-2.472865104675292969e+00,1.479991436004638672e+00,-2.644235134124755859e+00
-2.353878021240234375e+00,1.683144688606262207e+00,-2.530850887298583984e+00
3.231047630310058594e+00,1.650009393692016602e+00,-2.632199764251708984e+00
-2.229772567749023438e+00,1.823049545288085938e+00,-2.623524665832519531e+00
-2.073815822601318359e+00,2.002919197082519531e+00,-2.634677410125732422e+00
3.054046392440795898e+00,1.927430152893066406e+00,-2.655733585357666016e+00
-1.883853554725646973e+00,2.239451646804809570e+00,-2.584522724151611328e+00
-1.577964782714843750e+00,2.378298759460449219e+00,-2.707491159439086914e+00
2.619798660278320312e+00,2.445434093475341797e+00,-2.486078262329101562e+00
2.826700925827026367e+00,2.287838697433471680e+00,-2.531018733978271484e+00
-1.412654399871826172e+00,2.502639532089233398e+00,-2.671667814254760742e+00
-1.260169029235839844e+00,2.670294046401977539e+00,-2.624898433685302734e+00
-8.852930068969726562e-01,2.736867189407348633e+00,-2.662815809249877930e+00
-6.562748551368713379e-01,2.775819778442382812e+00,-2.747579097747802734e+00
2.296590328216552734e+00,2.690238237380981445e+00,-2.657498598098754883e+00
2.491458892822265625e+00,2.551198959350585938e+00,-2.672554016113281250e+00
-1.225895881652832031e+00,2.824637889862060547e+00,-2.516437292098999023e+00
-5.371713638305664062e-01,2.957411766052246094e+00,-2.616652965545654297e+00
-5.291666463017463684e-02,2.948074817657470703e+00,-2.667158365249633789e+00
1.173342838883399963e-01,3.036226987838745117e+00,-2.575864553451538086e+00
5.440726876258850098e-01,3.116002082824707031e+00,-2.596577167510986328e+00
8.721462488174438477e-01,3.061886310577392578e+00,-2.573061943054199219e+00
1.300763964653015137e+00,2.997810602188110352e+00,-2.640304565429687500e+00
1.510472893714904785e+00,3.004354476928710938e+00,-2.588938236236572266e+00
1.917965888977050781e+00,2.847356319427490234e+00,-2.571666717529296875e+00
2.273943901062011719e+00,3.073984622955322266e+00,-2.591916322708129883e+00
-1.852414011955261230e-01,-3.561069965362548828e+00,-2.225197792053222656e+00
9.585580229759216309e-02,-3.643630266189575195e+00,-2.230627298355102539e+00
4.791874587535858154e-01,-3.574084520339965820e+00,-2.388025760650634766e+00
8.129985332489013672e-01,-3.652987480163574219e+00,-2.241985559463500977e+00
1.363630056381225586e+00,-3.545348167419433594e+00,-2.282782316207885742e+00
-1.214859485626220703e+00,-3.217664718627929688e+00,-2.211356163024902344e+00
-8.643218874931335449e-01,-3.343792200088500977e+00,-2.264946460723876953e+00
-5.580482482910156250e-01,-3.432053565979003906e+00,-2.280965805053710938e+00
2.077679157257080078e+00,-3.349550724029541016e+00,-2.185666561126708984e+00
2.378182649612426758e+00,-3.185812234878540039e+00,-2.396790504455566406e+00
-1.531554222106933594e+00,-2.912966251373291016e+00,-2.259309053421020508e+00
-1.242028594017028809e+00,-3.045198440551757812e+00,-2.377244710922241211e+00
2.647642374038696289e+00,-3.031775951385498047e+00,-2.238088369369506836e+00
2.854650974273681641e+00,-2.836236715316772461e+00,-2.199677944183349609e+00
-1.780725598335266113e+00,-2.707378149032592773e+00,-2.349153518676757812e+00
3.028841018676757812e+00,-2.699394941329956055e+00,-2.209003210067749023e+00
3.266610383987426758e+00,-2.459075689315795898e+00,-2.202703237533569336e+00
3.424137115478515625e+00,-2.267834186553955078e+00,-2.149097919464111328e+00
-2.494907379150390625e+00,-1.916369318962097168e+00,-2.231841325759887695e+00
3.495304822921752930e+00,-2.040842533111572266e+00,-2.180323839187622070e+00
3.534619092941284180e+00,-1.914354801177978516e+00,-2.225402832031250000e+00
-2.673556327819824219e+00,-1.584452629089355469e+00,-2.212280988693237305e+00
3.667303085327148438e+00,-1.615104913711547852e+00,-2.246412515640258789e+00
-2.783721446990966797e+00,-1.363195896148681641e+00,-2.192547082901000977e+00
3.786128044128417969e+00,-1.176510214805603027e+00,-2.377234935760498047e+00
-2.910329341888427734e+00,-8.685468435287475586e-01,-2.178230524063110352e+00
-2.797352790832519531e+00,-1.004523277282714844e+00,-2.340770483016967773e+00
3.911606311798095703e+00,-7.869914174079895020e-01,-2.311835289001464844e+00
-2.936996459960937500e+00,-5.944014787673950195e-01,-2.273823738098144531e+00
3.920515775680541992e+00,-5.947592854499816895e-01,-2.360239744186401367e+00
-2.925660133361816406e+00,-2.552976906299591064e-01,-2.382719993591308594e+00
3.954003572463989258e+00,-1.902271211147308350e-01,-2.302175998687744141e+00
-2.925737857818603516e+00,1.768116652965545654e-01,-2.269536495208740234e+00
3.926086902618408203e+00,1.601962298154830933e-01,-2.313250064849853516e+00
-2.924268007278442383e+00,5.161406397819519043e-01,-2.322057723999023438e+00
3.766025781631469727e+00,5.265046954154968262e-01,-2.441375970840454102e+00
3.904026031494140625e+00,4.391671419143676758e-01,-2.189567804336547852e+00
-2.827296018600463867e+00,7.665724158287048340e-01,-2.360641002655029297e+00
-2.766604185104370117e+00,9.620742797851562500e-01,-2.244490623474121094e+00
3.715623855590820312e+00,9.859307408332824707e-01,-2.159801006317138672e+00
-2.625292301177978516e+00,1.256851434707641602e+00,-2.258884429931640625e+00
3.609585046768188477e+00,1.190789341926574707e+00,-2.268429040908813477e+00
-2.512925624847412109e+00,1.505868434906005859e+00,-2.228692054748535156e+00
-2.400779724121093750e+00,1.633457422256469727e+00,-2.311562538146972656e+00
3.443268299102783203e+00,1.550578713417053223e+00,-2.264943122863769531e+00
3.523747444152832031e+00,1.511052489280700684e+00,-2.147223711013793945e+00
-2.230601072311401367e+00,1.875476956367492676e+00,-2.272208213806152344e+00
3.057465076446533203e+00,2.061798334121704102e+00,-2.327780485153198242e+00
3.379231452941894531e+00,1.751675128936767578e+00,-2.102203130722045898e+00
-1.875889897346496582e+00,2.240652561187744141e+00,-2.353047132492065430e+00
2.752607107162475586e+00,2.441273927688598633e+00,-2.186867952346801758e+00
3.012244462966918945e+00,2.207377672195434570e+00,-2.221953868865966797e+00
-1.550046920776367188e+00,2.537735223770141602e+00,-2.197271585464477539e+00
-1.350692510604858398e+00,2.772522687911987305e+00,-2.321050882339477539e+00
2.340265512466430664e+00,2.694562673568725586e+00,-2.303617715835571289e+00
2.504791736602783203e+00,2.582750797271728516e+00,-2.306456089019775391e+00
-1.112334489822387695e+00,2.825764656066894531e+00,-2.306549072265625000e+00
-9.138722419738769531e-01,2.877504587173461914e+00,-2.266378164291381836e+00
-1.602683514356613159e-01,3.047196626663208008e+00,-2.320528268814086914e+00
6.890100836753845215e-01,3.132452726364135742e+00,-2.384803771972656250e+00
1.621390342712402344e+00,3.009187936782836914e+00,-2.276755332946777344e+00
1.930145859718322754e+00,2.899427413940429688e+00,-2.254565000534057617e+00
2.178297758102416992e+00,2.812872409820556641e+00,-2.322597742080688477e+00
4.857094287872314453e-01,3.221955776214599609e+00,-2.138369083404541016e+00
9.005048871040344238e-01,3.173175096511840820e+00,-2.255552530288696289e+00
-1.429381370544433594e-01,-3.757095336914062500e+00,-1.891578435897827148e+00
5.346848070621490479e-02,-3.752511262893676758e+00,-2.006875753402709961e+00
5.856415033340454102e-01,-3.809650897979736328e+00,-1.972648859024047852e+00
8.087764382362365723e-01,-3.819007873535156250e+00,-1.879553198814392090e+00
1.211326241493225098e+00,-3.687736988067626953e+00,-2.088591814041137695e+00
1.467837333679199219e+00,-3.627937555313110352e+00,-2.026106357574462891e+00
1.903918504714965820e+00,-3.518635511398315430e+00,-1.935196280479431152e+00
-1.404869675636291504e+00,-3.215575218200683594e+00,-2.018874168395996094e+00
-1.228092193603515625e+00,-3.345474243164062500e+00,-1.878973364830017090e+00
-9.970825314521789551e-01,-3.380815029144287109e+00,-2.058398962020874023e+00
2.279041767120361328e+00,-3.307140350341796875e+00,-1.993408441543579102e+00
2.483718395233154297e+00,-3.238867282867431641e+00,-1.855922341346740723e+00
2.686285495758056641e+00,-3.032194137573242188e+00,-1.808274745941162109e+00
2.911108016967773438e+00,-2.825193643569946289e+00,-1.994236230850219727e+00
-2.035796403884887695e+00,-2.620673894882202148e+00,-1.958595037460327148e+00
3.294926643371582031e+00,-2.510954141616821289e+00,-1.941293597221374512e+00
-2.450592517852783203e+00,-2.143412590026855469e+00,-1.853770732879638672e+00
3.406770229339599609e+00,-2.369458675384521484e+00,-1.961813211441040039e+00
3.541308403015136719e+00,-2.108824253082275391e+00,-1.884887814521789551e+00
-2.405056953430175781e+00,-2.099013566970825195e+00,-2.099575996398925781e+00
3.626100540161132812e+00,-1.913419127464294434e+00,-1.983404517173767090e+00
-2.753739118576049805e+00,-1.595364332199096680e+00,-1.846484303474426270e+00
3.853045940399169922e+00,-1.579203009605407715e+00,-1.772510409355163574e+00
-2.857087612152099609e+00,-1.240482807159423828e+00,-1.923629522323608398e+00
3.910034179687500000e+00,-1.191165924072265625e+00,-1.959596395492553711e+00
3.988341331481933594e+00,-8.773628473281860352e-01,-1.972551822662353516e+00
-3.004361152648925781e+00,-4.869653284549713135e-01,-1.935469985008239746e+00
4.064951896667480469e+00,-4.207131862640380859e-01,-1.875419616699218750e+00
-3.026235342025756836e+00,-2.103435397148132324e-01,-1.995814561843872070e+00
-3.040930271148681641e+00,8.439276367425918579e-02,-1.785202860832214355e+00
4.035767555236816406e+00,8.775074034929275513e-02,-1.958152770996093750e+00
-2.920032739639282227e+00,6.694238781929016113e-01,-1.994401335716247559e+00
4.026918888092041016e+00,4.930709898471832275e-01,-1.881111741065979004e+00
-2.840699911117553711e+00,9.343255758285522461e-01,-1.940554380416870117e+00
3.808759927749633789e+00,9.139292836189270020e-01,-1.913834810256958008e+00
3.856979608535766602e+00,7.380685210227966309e-01,-2.061465263366699219e+00
-2.713801622390747070e+00,1.271921753883361816e+00,-1.911979675292968750e+00
-2.570518016815185547e+00,1.514376401901245117e+00,-1.909584522247314453e+00
-2.423726797103881836e+00,1.696158528327941895e+00,-1.963783621788024902e+00
3.444751262664794922e+00,1.722652912139892578e+00,-1.912874579429626465e+00
3.583526134490966797e+00,1.557668924331665039e+00,-1.931310176849365234e+00
-2.251748323440551758e+00,1.915714383125305176e+00,-1.944608926773071289e+00
3.267056941986083984e+00,1.912352085113525391e+00,-1.935412168502807617e+00
-1.836275696754455566e+00,2.331846237182617188e+00,-1.951105475425720215e+00
-1.719522714614868164e+00,2.408894062042236328e+00,-2.059593200683593750e+00
2.907539129257202148e+00,2.360533237457275391e+00,-1.915843248367309570e+00
-1.629641175270080566e+00,2.570863723754882812e+00,-1.830193161964416504e+00
-1.362551569938659668e+00,2.746348142623901367e+00,-1.934682488441467285e+00
2.399437904357910156e+00,2.741294860839843750e+00,-1.882790565490722656e+00
2.640525102615356445e+00,2.562311172485351562e+00,-2.015246868133544922e+00
2.825255393981933594e+00,2.461365699768066406e+00,-1.888126850128173828e+00
-1.190534234046936035e+00,2.822644472122192383e+00,-1.934379220008850098e+00
-9.747450947761535645e-01,2.917095899581909180e+00,-1.881498336791992188e+00
-6.458454132080078125e-01,3.076936244964599609e+00,-1.839609622955322266e+00
1.296426057815551758e+00,3.121555566787719727e+00,-2.006569862365722656e+00
1.428905963897705078e+00,3.100464582443237305e+00,-1.828942179679870605e+00
2.186078786849975586e+00,2.895608425140380859e+00,-1.772089242935180664e+00
-5.048143863677978516e-02,3.203745841979980469e+00,-1.754347920417785645e+00
5.214185714721679688e-01,3.241389989852905273e+00,-1.884348630905151367e+00
8.706476092338562012e-01,3.231919288635253906e+00,-1.936064004898071289e+00
1.149966955184936523e+00,3.177634477615356445e+00,-2.011638641357421875e+00
2.189307659864425659e-01,-3.864763021469116211e+00,-1.430566310882568359e+00
6.182615756988525391e-01,-3.860006809234619141e+00,-1.580535650253295898e+00
8.270300626754760742e-01,-3.857193470001220703e+00,-1.461621046066284180e+00
-1.071845889091491699e+00,-3.523184776306152344e+00,-1.450664281845092773e+00
-7.600266337394714355e-01,-3.677696704864501953e+00,-1.579756617546081543e+00
-5.443971157073974609e-01,-3.736174821853637695e+00,-1.508992433547973633e+00
-3.221186697483062744e-01,-3.788682699203491211e+00,-1.448900938034057617e+00
8.717409968376159668e-01,-3.838817596435546875e+00,-1.599472284317016602e+00
1.101798295974731445e+00,-3.814039230346679688e+00,-1.686524987220764160e+00
1.585630416870117188e+00,-3.705759763717651367e+00,-1.600714802742004395e+00
1.822571873664855957e+00,-3.649876356124877930e+00,-1.533920288085937500e+00
-1.237417459487915039e+00,-3.384743690490722656e+00,-1.630006432533264160e+00
2.331843614578247070e+00,-3.457502841949462891e+00,-1.506463885307312012e+00
2.507625341415405273e+00,-3.278471231460571289e+00,-1.545864343643188477e+00
-1.837561726570129395e+00,-2.917083263397216797e+00,-1.520841836929321289e+00
-1.679588794708251953e+00,-3.026827812194824219e+00,-1.641969442367553711e+00
2.979866981506347656e+00,-2.892094850540161133e+00,-1.569442033767700195e+00
-2.082889318466186523e+00,-2.719915628433227539e+00,-1.451513886451721191e+00
3.321129083633422852e+00,-2.514835596084594727e+00,-1.440644383430480957e+00
-2.478891372680664062e+00,-2.153390884399414062e+00,-1.613889694213867188e+00
3.397549152374267578e+00,-2.391800403594970703e+00,-1.683171153068542480e+00
3.688390254974365234e+00,-1.988079190254211426e+00,-1.698140263557434082e+00
3.859441518783569336e+00,-1.638106822967529297e+00,-1.536959409713745117e+00
-2.869735717773437500e+00,-1.280199170112609863e+00,-1.652617812156677246e+00
3.989231109619140625e+00,-1.206177234649658203e+00,-1.628973126411437988e+00
-2.967702627182006836e+00,-8.308314681053161621e-01,-1.675328969955444336e+00
4.013432979583740234e+00,-1.024573802947998047e+00,-1.736129641532897949e+00
-3.074171781539916992e+00,-5.408584475517272949e-01,-1.518090367317199707e+00
4.113585948944091797e+00,-5.535528659820556641e-01,-1.536031723022460938e+00
-3.064949274063110352e+00,-1.890144944190979004e-01,-1.627205729484558105e+00
4.107893943786621094e+00,-6.099611148238182068e-02,-1.511828184127807617e+00
-3.061377286911010742e+00,1.085222586989402771e-01,-1.564659118652343750e+00
4.069126129150390625e+00,3.643653169274330139e-02,-1.694131970405578613e+00
-2.994791746139526367e+00,5.284506678581237793e-01,-1.599284529685974121e+00
-2.909091711044311523e+00,8.549569249153137207e-01,-1.570854067802429199e+00
3.892907619476318359e+00,9.231346845626831055e-01,-1.563750743865966797e+00
-2.801429033279418945e+00,1.143682241439819336e+00,-1.714753985404968262e+00
-2.739807128906250000e+00,1.319213390350341797e+00,-1.636127471923828125e+00
3.758427619934082031e+00,1.145484447479248047e+00,-1.731166839599609375e+00
-2.598464012145996094e+00,1.564305543899536133e+00,-1.574097394943237305e+00
-2.457990407943725586e+00,1.777634382247924805e+00,-1.487622976303100586e+00
-2.313655376434326172e+00,1.936571121215820312e+00,-1.583226799964904785e+00
3.464187145233154297e+00,1.756183028221130371e+00,-1.415412068367004395e+00
-2.109001874923706055e+00,2.170675754547119141e+00,-1.529606699943542480e+00
-1.855956554412841797e+00,2.364828824996948242e+00,-1.647085785865783691e+00
-1.783042311668395996e+00,2.467050313949584961e+00,-1.538257002830505371e+00
-1.524645686149597168e+00,2.696861982345581055e+00,-1.592609286308288574e+00
-1.358387589454650879e+00,2.798002719879150391e+00,-1.491480708122253418e+00
2.695579528808593750e+00,2.593713760375976562e+00,-1.603023529052734375e+00
-1.191087484359741211e+00,2.867364645004272461e+00,-1.614908933639526367e+00
-8.695968985557556152e-01,3.036849498748779297e+00,-1.548837542533874512e+00
-5.742014646530151367e-01,3.141315937042236328e+00,-1.608808755874633789e+00
1.612008571624755859e+00,3.068221092224121094e+00,-1.460718393325805664e+00
1.928852081298828125e+00,3.034972667694091797e+00,-1.464070320129394531e+00
2.313503265380859375e+00,2.894871473312377930e+00,-1.615697264671325684e+00
2.305538654327392578e-01,3.273025035858154297e+00,-1.560296773910522461e+00
1.177244067192077637e+00,3.249130964279174805e+00,-1.467271804809570312e+00
8.642987906932830811e-02,-3.872688770294189453e+00,-1.306625247001647949e+00
5.345146059989929199e-01,-3.926925659179687500e+00,-1.219980001449584961e+00
9.150305390357971191e-01,-3.888097524642944336e+00,-1.245061874389648438e+00
1.275255203247070312e+00,-3.875522613525390625e+00,-1.247517347335815430e+00
-8.390322923660278320e-01,-3.604015350341796875e+00,-1.142795562744140625e+00
-5.211318731307983398e-01,-3.724025726318359375e+00,-1.257323980331420898e+00
-1.863918304443359375e-01,-3.816199064254760742e+00,-1.201687932014465332e+00
1.500228047370910645e+00,-3.804774045944213867e+00,-1.241609930992126465e+00
1.939233064651489258e+00,-3.667782306671142578e+00,-1.147881984710693359e+00
2.207339048385620117e+00,-3.542593002319335938e+00,-1.356235980987548828e+00
-1.493301868438720703e+00,-3.257950782775878906e+00,-1.289286613464355469e+00
-1.220037698745727539e+00,-3.425473928451538086e+00,-1.300047874450683594e+00
2.434714555740356445e+00,-3.419111013412475586e+00,-1.361055731773376465e+00
2.518635272979736328e+00,-3.363489866256713867e+00,-1.244365334510803223e+00
-1.892931580543518066e+00,-2.914295196533203125e+00,-1.268790364265441895e+00
-1.650248050689697266e+00,-3.117073535919189453e+00,-1.296907067298889160e+00
2.932786703109741211e+00,-3.039234638214111328e+00,-1.250462770462036133e+00
3.193892240524291992e+00,-2.831309795379638672e+00,-1.173804879188537598e+00
-2.190553903579711914e+00,-2.633742570877075195e+00,-1.210840702056884766e+00
3.325919389724731445e+00,-2.652953863143920898e+00,-1.186090588569641113e+00
-2.369898557662963867e+00,-2.432892560958862305e+00,-1.139753699302673340e+00
3.574618339538574219e+00,-2.354437828063964844e+00,-1.268266201019287109e+00
-2.727416992187500000e+00,-1.835067033767700195e+00,-1.259950399398803711e+00
3.701264619827270508e+00,-2.055589437484741211e+00,-1.396968603134155273e+00
-2.872805595397949219e+00,-1.516063451766967773e+00,-1.189385056495666504e+00
-2.799627065658569336e+00,-1.690857887268066406e+00,-1.213127017021179199e+00
3.943918228149414062e+00,-1.533084988594055176e+00,-1.073832511901855469e+00
-2.989270687103271484e+00,-1.144401550292968750e+00,-1.261805295944213867e+00
-3.059577941894531250e+00,-8.072541356086730957e-01,-1.238646984100341797e+00
-3.064663648605346680e+00,-5.039429068565368652e-01,-1.293924093246459961e+00
4.154665946960449219e+00,-5.998835563659667969e-01,-1.209218621253967285e+00
-3.073381662368774414e+00,-1.719585210084915161e-01,-1.233019590377807617e+00
-3.078488588333129883e+00,1.354798227548599243e-01,-1.272566437721252441e+00
4.105980873107910156e+00,2.288076430559158325e-01,-1.051996231079101562e+00
-3.013249158859252930e+00,5.448331832885742188e-01,-1.234895110130310059e+00
4.065981388092041016e+00,5.374566316604614258e-01,-1.292173385620117188e+00
-2.910166263580322266e+00,8.687019944190979004e-01,-1.244129419326782227e+00
3.988649129867553711e+00,7.867597341537475586e-01,-1.263134360313415527e+00
-2.829457759857177734e+00,1.118703842163085938e+00,-1.229252815246582031e+00
-2.733960390090942383e+00,1.331537723541259766e+00,-1.242784023284912109e+00
-2.576106309890747070e+00,1.606084704399108887e+00,-1.261099696159362793e+00
3.689310073852539062e+00,1.494639158248901367e+00,-1.195168256759643555e+00
-2.317609310150146484e+00,1.960475325584411621e+00,-1.199020266532897949e+00
3.346836566925048828e+00,1.932951688766479492e+00,-1.169654488563537598e+00
-2.172152757644653320e+00,2.140496253967285156e+00,-1.187801480293273926e+00
-2.019567489624023438e+00,2.308330535888671875e+00,-1.122070312500000000e+00
2.908039808273315430e+00,2.380455017089843750e+00,-1.155356168746948242e+00
-1.592914223670959473e+00,2.631430625915527344e+00,-1.204561710357666016e+00
2.676671266555786133e+00,2.632728099822998047e+00,-1.225520610809326172e+00
-1.246632575988769531e+00,2.850170135498046875e+00,-1.186654925346374512e+00
-9.594118595123291016e-01,3.019628763198852539e+00,-1.360835671424865723e+00
1.903533339500427246e+00,3.070572853088378906e+00,-1.162575006484985352e+00
2.287698984146118164e+00,2.894524097442626953e+00,-1.304166674613952637e+00
-5.276088714599609375e-01,3.156821727752685547e+00,-1.176830530166625977e+00
-3.418131768703460693e-01,3.204597949981689453e+00,-1.271988630294799805e+00
2.044953107833862305e-01,3.311598300933837891e+00,-1.354700326919555664e+00
4.963840246200561523e-01,3.348261833190917969e+00,-1.177405357360839844e+00
8.177432417869567871e-01,3.322175264358520508e+00,-1.199462532997131348e+00
1.205731153488159180e+00,3.251125335693359375e+00,-1.151287674903869629e+00
1.497365236282348633e+00,3.164687395095825195e+00,-1.180061578750610352e+00
-4.839458689093589783e-02,-3.861807823181152344e+00,-8.089881539344787598e-01
2.024959027767181396e-01,-3.891736984252929688e+00,-8.094757199287414551e-01
5.424277782440185547e-01,-3.928986549377441406e+00,-9.269318580627441406e-01
8.873372673988342285e-01,-3.933708190917968750e+00,-8.562011718750000000e-01
1.149391531944274902e+00,-3.955001592636108398e+00,-8.639370799064636230e-01
-1.151100993156433105e+00,-3.505052566528320312e+00,-7.239596247673034668e-01
-7.524814605712890625e-01,-3.644505500793457031e+00,-9.616291522979736328e-01
-2.458215653896331787e-01,-3.817626476287841797e+00,-8.404333591461181641e-01
1.684080600738525391e+00,-3.806202650070190430e+00,-8.634440898895263672e-01
1.865645170211791992e+00,-3.792159318923950195e+00,-8.102835416793823242e-01
2.105916976928710938e+00,-3.599943637847900391e+00,-9.835678935050964355e-01
-1.494180083274841309e+00,-3.198867797851562500e+00,-9.291146397590637207e-01
-1.337736129760742188e+00,-3.292381525039672852e+00,-9.407557845115661621e-01
2.612941980361938477e+00,-3.345338106155395508e+00,-9.674174785614013672e-01
-1.788329124450683594e+00,-2.961762666702270508e+00,-8.334499001502990723e-01
-1.674849867820739746e+00,-3.083124160766601562e+00,-8.333676457405090332e-01
2.866165161132812500e+00,-3.079586744308471680e+00,-8.501715064048767090e-01
3.181677818298339844e+00,-2.815657377243041992e+00,-8.766865730285644531e-01
-2.189655542373657227e+00,-2.643630743026733398e+00,-8.220894932746887207e-01
-2.083942174911499023e+00,-2.755545139312744141e+00,-9.522939920425415039e-01
-2.497946739196777344e+00,-2.209333419799804688e+00,-8.875284194946289062e-01
-2.373410940170288086e+00,-2.419666528701782227e+00,-7.896667718887329102e-01
3.729117393493652344e+00,-2.108401775360107422e+00,-7.421088218688964844e-01
-2.684144735336303711e+00,-1.931084871292114258e+00,-8.641941547393798828e-01
-2.873872756958007812e+00,-1.533933877944946289e+00,-7.966744899749755859e-01
3.917005062103271484e+00,-1.641897082328796387e+00,-8.971264958381652832e-01
-2.977926969528198242e+00,-1.215461134910583496e+00,-8.832776546478271484e-01
4.032781600952148438e+00,-1.191246509552001953e+00,-9.219025373458862305e-01
-3.057260990142822266e+00,-8.665723800659179688e-01,-9.355187416076660156e-01
4.042695045471191406e+00,-8.701548576354980469e-01,-9.006394147872924805e-01
-3.105702638626098633e+00,-4.668873250484466553e-01,-8.493875861167907715e-01
4.137825012207031250e+00,-5.698533058166503906e-01,-8.810673952102661133e-01
-3.094041109085083008e+00,-1.489697396755218506e-01,-8.412346243858337402e-01
4.147896766662597656e+00,-1.755589246749877930e-01,-8.840979337692260742e-01
-3.064353466033935547e+00,1.261773258447647095e-01,-8.373118638992309570e-01
4.112036228179931641e+00,1.600217223167419434e-01,-8.516125082969665527e-01
-3.012765407562255859e+00,4.338332414627075195e-01,-9.487391114234924316e-01
4.081487655639648438e+00,4.029281139373779297e-01,-8.107730150222778320e-01
-2.873236417770385742e+00,9.837296009063720703e-01,-9.105483889579772949e-01
3.963351249694824219e+00,8.477951288223266602e-01,-8.390692472457885742e-01
-2.732196092605590820e+00,1.296537518501281738e+00,-9.206462502479553223e-01
3.802803993225097656e+00,1.285406589508056641e+00,-7.748270034790039062e-01
3.851309776306152344e+00,1.199180483818054199e+00,-8.642116785049438477e-01
-2.578230857849121094e+00,1.600398778915405273e+00,-8.210113048553466797e-01
3.664106369018554688e+00,1.546634197235107422e+00,-8.069031834602355957e-01
-2.482666492462158203e+00,1.773612380027770996e+00,-9.855825304985046387e-01
-2.372326612472534180e+00,1.916509270668029785e+00,-8.846536278724670410e-01
3.360088825225830078e+00,1.985521793365478516e+00,-8.926396369934082031e-01
-2.163012742996215820e+00,2.140174627304077148e+00,-8.625963330268859863e-01
-1.905352711677551270e+00,2.382983684539794922e+00,-9.036534428596496582e-01
3.041647434234619141e+00,2.317305088043212891e+00,-9.148558378219604492e-01
-1.802358150482177734e+00,2.469599485397338867e+00,-9.456525444984436035e-01
-1.591007709503173828e+00,2.621057033538818359e+00,-8.847894668579101562e-01
-1.335556983947753906e+00,2.791657209396362305e+00,-7.241612672805786133e-01
2.558948516845703125e+00,2.781269311904907227e+00,-7.127539515495300293e-01
2.843446254730224609e+00,2.487288236618041992e+00,-9.203175902366638184e-01
-1.177406907081604004e+00,2.923140287399291992e+00,-8.172636032104492188e-01
-8.746504187583923340e-01,3.087669849395751953e+00,-8.594391942024230957e-01
1.925178050994873047e+00,3.045901536941528320e+00,-9.629054665565490723e-01
2.264165401458740234e+00,2.896788120269775391e+00,-8.850030899047851562e-01
-4.002850651741027832e-01,3.218009471893310547e+00,-8.597788214683532715e-01
-1.751376688480377197e-01,3.250559329986572266e+00,-8.454801440238952637e-01
1.878460049629211426e-01,3.304849386215209961e+00,-9.418827295303344727e-01
6.145241856575012207e-01,3.331264972686767578e+00,-9.686464667320251465e-01
1.283749222755432129e+00,3.190268993377685547e+00,-9.682326912879943848e-01
1.531579971313476562e+00,3.159610271453857422e+00,-9.464501142501831055e-01
9.576319158077239990e-02,-3.854378938674926758e+00,-5.258706808090209961e-01
5.804803967475891113e-01,-3.888320446014404297e+00,-6.537896990776062012e-01
9.111177921295166016e-01,-3.893470048904418945e+00,-5.523629784584045410e-01
1.201196432113647461e+00,-3.883672714233398438e+00,-4.742527306079864502e-01
1.523829460144042969e+00,-3.854866981506347656e+00,-5.390572547912597656e-01
-1.065879940986633301e+00,-3.566389322280883789e+00,-4.898912608623504639e-01
-8.505341410636901855e-01,-3.551252841949462891e+00,-4.086962342262268066e-01
-3.897721767425537109e-01,-3.673648118972778320e+00,-3.913053274154663086e-01
-1.278308629989624023e-01,-3.783040523529052734e+00,-4.551670849323272705e-01
2.825486660003662109e-01,-3.812455892562866211e+00,-4.495258629322052002e-01
6.627854704856872559e-01,-3.838220834732055664e+00,-5.309330821037292480e-01
7.743941545486450195e-01,-3.807922601699829102e+00,-3.918416500091552734e-01
1.259573101997375488e+00,-3.837870121002197266e+00,-3.893372416496276855e-01
1.558868885040283203e+00,-3.804267406463623047e+00,-4.408180713653564453e-01
2.246892690658569336e+00,-3.613925218582153320e+00,-5.460397601127624512e-01
-1.485177159309387207e+00,-3.254445075988769531e+00,-5.531821846961975098e-01
-1.255859255790710449e+00,-3.394617080688476562e+00,-4.202102720737457275e-01
-1.034507155418395996e+00,-3.489829778671264648e+00,-3.741409778594970703e-01
2.594407796859741211e+00,-3.390147209167480469e+00,-5.430854558944702148e-01
-1.855218410491943359e+00,-2.955589532852172852e+00,-4.457546174526214600e-01
3.048356533050537109e+00,-2.908180713653564453e+00,-3.626909554004669189e-01
3.226029396057128906e+00,-2.807260751724243164e+00,-6.455885171890258789e-01
-2.221316337585449219e+00,-2.603518724441528320e+00,-5.762964487075805664e-01
3.317260503768920898e+00,-2.618676662445068359e+00,-5.233837962150573730e-01
-2.393581867218017578e+00,-2.347416639328002930e+00,-4.155333936214447021e-01
3.466433048248291016e+00,-2.367226600646972656e+00,-4.290737211704254150e-01
3.557339191436767578e+00,-2.200001955032348633e+00,-4.859980940818786621e-01
-2.667945146560668945e+00,-1.851288676261901855e+00,-4.402583241462707520e-01
3.674711465835571289e+00,-1.918300986289978027e+00,-5.146528482437133789e-01
-2.879431009292602539e+00,-1.474495649337768555e+00,-6.127326488494873047e-01
3.797479391098022461e+00,-1.632816195487976074e+00,-4.740577340126037598e-01
-2.909640550613403320e+00,-1.340328574180603027e+00,-5.408427119255065918e-01
3.884328603744506836e+00,-1.352418303489685059e+00,-5.431178212165832520e-01
-3.045715332031250000e+00,-8.873165845870971680e-01,-5.177175402641296387e-01
4.057947635650634766e+00,-9.400532245635986328e-01,-4.050593972206115723e-01
-3.066527128219604492e+00,-5.447014570236206055e-01,-5.352163910865783691e-01
4.095162391662597656e+00,-5.161085128784179688e-01,-4.625577330589294434e-01
-3.069164037704467773e+00,-1.622904092073440552e-01,-5.654271841049194336e-01
4.155795097351074219e+00,-2.369817346334457397e-01,-5.580706000328063965e-01
-3.005088567733764648e+00,1.143510416150093079e-01,-5.298933982849121094e-01
4.096584796905517578e+00,1.961415261030197144e-01,-5.244942307472229004e-01
-2.930483341217041016e+00,5.151841640472412109e-01,-5.275029540061950684e-01
4.026921749114990234e+00,4.877859652042388916e-01,-4.896947741508483887e-01
-2.844258785247802734e+00,8.728002309799194336e-01,-5.408166050910949707e-01
-2.784758567810058594e+00,1.034698247909545898e+00,-4.743862152099609375e-01
3.818198204040527344e+00,1.025581359863281250e+00,-3.548666238784790039e-01
3.957292795181274414e+00,8.131232261657714844e-01,-5.608939528465270996e-01
-2.802808523178100586e+00,1.105001091957092285e+00,-6.919151544570922852e-01
-2.720491647720336914e+00,1.237628340721130371e+00,-4.894282221794128418e-01
3.725733280181884766e+00,1.252730488777160645e+00,-5.314196348190307617e-01
-2.559583187103271484e+00,1.572287201881408691e+00,-5.318379998207092285e-01
3.523235321044921875e+00,1.546014904975891113e+00,-5.302287936210632324e-01
-2.454963684082031250e+00,1.798370361328125000e+00,-6.906822919845581055e-01
-2.319795608520507812e+00,1.918058991432189941e+00,-4.928877055644989014e-01
3.321595907211303711e+00,2.049139738082885742e+00,-5.568422675132751465e-01
-2.148269414901733398e+00,2.130686044692993164e+00,-5.575473308563232422e-01
-1.939370870590209961e+00,2.299458742141723633e+00,-4.761083424091339111e-01
2.969115495681762695e+00,2.315658092498779297e+00,-5.230413675308227539e-01
3.185631990432739258e+00,2.179698705673217773e+00,-6.661532521247863770e-01
-1.767361044883728027e+00,2.483237266540527344e+00,-6.281404495239257812e-01
-1.571539282798767090e+00,2.585680723190307617e+00,-5.028477311134338379e-01
-1.337200403213500977e+00,2.732383251190185547e+00,-4.684543609619140625e-01
2.633792638778686523e+00,2.615858554840087891e+00,-4.620532095432281494e-01
-1.154911994934082031e+00,2.850854635238647461e+00,-5.183873176574707031e-01
-8.410493731498718262e-01,2.981858491897583008e+00,-5.610070228576660156e-01
-6.083596944808959961e-01,3.097512245178222656e+00,-5.499241352081298828e-01
1.534747838973999023e+00,3.121805191040039062e+00,-6.490695476531982422e-01
1.915940284729003906e+00,2.963547706604003906e+00,-4.336798191070556641e-01
2.262044668197631836e+00,2.872864961624145508e+00,-5.559636354446411133e-01
-4.403203725814819336e-01,3.163892745971679688e+00,-5.682852864265441895e-01
-1.670946627855300903e-01,3.216552972793579102e+00,-5.708072781562805176e-01
1.099781244993209839e-01,3.234521627426147461e+00,-4.183104932308197021e-01
5.174364447593688965e-01,3.305386543273925781e+00,-4.835871160030364990e-01
9.049362540245056152e-01,3.231836795806884766e+00,-5.564422607421875000e-01
-8.991257548332214355e-01,-3.534413576126098633e+00,-1.330835074186325073e-01
-5.584347248077392578e-01,-3.599452733993530273e+00,-1.450754404067993164e-01
-1.550075858831405640e-01,-3.697728157043457031e+00,-1.283572614192962646e-01
1.532049179077148438e-01,-3.759238243103027344e+00,-1.360845267772674561e-01
4.774862825870513916e-01,-3.785226821899414062e+00,-2.034736424684524536e-01
9.272773265838623047e-01,-3.766370534896850586e+00,-1.733988374471664429e-01
1.235808491706848145e+00,-3.760344028472900391e+00,-1.817354410886764526e-01
1.576316595077514648e+00,-3.683317899703979492e+00,-1.552884727716445923e-01
1.908861398696899414e+00,-3.587836503982543945e+00,-1.839028894901275635e-01
-1.485552787780761719e+00,-3.161777019500732422e+00,-9.311985969543457031e-02
-1.302837610244750977e+00,-3.273880481719970703e+00,-1.723042428493499756e-01
2.425610542297363281e+00,-3.265533924102783203e+00,-8.687621355056762695e-02
2.597742557525634766e+00,-3.238781213760375977e+00,-2.516870498657226562e-01
-1.942911386489868164e+00,-2.947243690490722656e+00,-8.566689491271972656e-02
-1.704931974411010742e+00,-3.028101682662963867e+00,-1.775592416524887085e-01
2.694425344467163086e+00,-3.054188489913940430e+00,-9.015911072492599487e-02
3.283066272735595703e+00,-2.578984737396240234e+00,-2.339438498020172119e-01
-2.478186607360839844e+00,-2.153221130371093750e+00,-3.411544859409332275e-01
-2.380837917327880859e+00,-2.322996139526367188e+00,-2.403189539909362793e-01
3.403432130813598633e+00,-2.320486783981323242e+00,-1.426689028739929199e-01
3.545022487640380859e+00,-2.130135774612426758e+00,-2.947860062122344971e-01
-2.563322067260742188e+00,-1.907647609710693359e+00,-2.326805293560028076e-01
3.634353637695312500e+00,-1.901076078414916992e+00,-1.908660233020782471e-01
-2.817364692687988281e+00,-1.501803517341613770e+00,-2.944169938564300537e-01
-2.726359367370605469e+00,-1.650378465652465820e+00,-9.640917181968688965e-02
3.812494993209838867e+00,-1.587476372718811035e+00,-1.815456002950668335e-01
-2.890288591384887695e+00,-1.076081514358520508e+00,-1.584778726100921631e-01
3.885279893875122070e+00,-1.205137848854064941e+00,-8.434949070215225220e-02
-3.010279178619384766e+00,-7.485736012458801270e-01,-2.419449687004089355e-01
4.056814193725585938e+00,-7.603140473365783691e-01,-2.080673575401306152e-01
-2.999265909194946289e+00,-5.015878081321716309e-01,-1.860403716564178467e-01
4.005756855010986328e+00,-4.843472540378570557e-01,-2.383268475532531738e-01
-3.010665178298950195e+00,-2.190471142530441284e-01,-1.786888837814331055e-01
4.040264129638671875e+00,-1.329405456781387329e-01,-1.651758700609207153e-01
-2.953396320343017578e+00,1.792338043451309204e-01,-1.777780801057815552e-01
3.940885305404663086e+00,2.421134114265441895e-01,-1.674472838640213013e-01
-2.886816501617431641e+00,5.539376139640808105e-01,-2.206546664237976074e-01
3.922395706176757812e+00,4.849896430969238281e-01,-9.468857198953628540e-02
-2.836471319198608398e+00,7.649368047714233398e-01,-2.530625462532043457e-01
-2.736966371536254883e+00,9.545336365699768066e-01,-1.733989715576171875e-01
3.827655315399169922e+00,9.367482662200927734e-01,-9.155836701393127441e-02
3.891406536102294922e+00,7.661517858505249023e-01,-1.726126968860626221e-01
-2.631324052810668945e+00,1.217793941497802734e+00,-1.717196404933929443e-01
3.738529682159423828e+00,1.210921525955200195e+00,-9.525308012962341309e-02
-2.514571666717529297e+00,1.486758232116699219e+00,-2.088959962129592896e-01
-2.407561779022216797e+00,1.617415428161621094e+00,-1.463350057601928711e-01
3.470643281936645508e+00,1.642170310020446777e+00,-4.121407866477966309e-02
3.566052675247192383e+00,1.460333228111267090e+00,-1.555223017930984497e-01
-2.236019134521484375e+00,1.929380178451538086e+00,-2.443775385618209839e-01
-2.072168350219726562e+00,2.048674583435058594e+00,-5.429264623671770096e-03
3.145808219909667969e+00,2.033799171447753906e+00,-1.622405797243118286e-01
3.342587471008300781e+00,1.858547210693359375e+00,-2.071967720985412598e-01
-1.934960842132568359e+00,2.227601766586303711e+00,-1.502580642700195312e-01
-1.635016322135925293e+00,2.429059505462646484e+00,-1.765360087156295776e-01
2.771538257598876953e+00,2.433400392532348633e+00,-1.335045546293258667e-01
2.916449069976806641e+00,2.311721801757812500e+00,-2.921831607818603516e-01
-1.544323921203613281e+00,2.513265848159790039e+00,-2.168781757354736328e-01
-1.255900740623474121e+00,2.708089351654052734e+00,-1.854324042797088623e-01
2.016133546829223633e+00,2.797621726989746094e+00,-6.636376492679119110e-03
2.377949237823486328e+00,2.691145420074462891e+00,-1.265404522418975830e-01
2.594214439392089844e+00,2.574619531631469727e+00,-1.660034060478210449e-01
-1.116835713386535645e+00,2.827052354812622070e+00,-2.467948198318481445e-01
-8.492771983146667480e-01,2.946275711059570312e+00,-1.201278492808341980e-01
-5.962048172950744629e-01,3.057735443115234375e+00,-1.478194743394851685e-01
-1.657086461782455444e-01,3.129226684570312500e+00,-2.166848629713058472e-01
1.036037683486938477e+00,3.128623962402343750e+00,-6.924763321876525879e-02
1.556453824043273926e+00,3.058326721191406250e+00,-2.044431418180465698e-01
1.920682430267333984e+00,2.893077373504638672e+00,-1.798857301473617554e-01
2.139382839202880859e+00,2.821972370147705078e+00,-2.887344956398010254e-01
3.254423439502716064e-01,3.234379291534423828e+00,-1.980341374874114990e-01
5.705342292785644531e-01,3.249090194702148438e+00,-2.458516359329223633e-01
8.904748558998107910e-01,3.193362236022949219e+00,-1.318771243095397949e-01
-7.302429676055908203e-01,-3.547630786895751953e+00,1.031578257679939270e-01
-5.136384367942810059e-01,-3.556177377700805664e+00,1.966746002435684204e-01
-1.676628589630126953e-01,-3.581067085266113281e+00,2.137457728385925293e-01
2.287932634353637695e-01,-3.605421543121337891e+00,1.943453252315521240e-01
5.457912683486938477e-01,-3.713483810424804688e+00,1.400853246450424194e-01
9.778106808662414551e-01,-3.627269744873046875e+00,1.887400895357131958e-01
1.253045439720153809e+00,-3.612309694290161133e+00,1.670745015144348145e-01
1.561652541160583496e+00,-3.553936004638671875e+00,1.783837378025054932e-01
1.808124899864196777e+00,-3.515884876251220703e+00,1.088375747203826904e-01
-1.210041403770446777e+00,-3.277224302291870117e+00,1.310306191444396973e-01
-9.375950098037719727e-01,-3.388914108276367188e+00,2.641983330249786377e-01
1.672184586524963379e+00,-3.494668483734130859e+00,2.585713565349578857e-01
2.038676261901855469e+00,-3.349956750869750977e+00,2.463635653257369995e-01
2.178664207458496094e+00,-3.321447372436523438e+00,1.428608745336532593e-01
-1.530356407165527344e+00,-3.075388908386230469e+00,2.283661365509033203e-01
2.639480590820312500e+00,-3.002448797225952148e+00,2.015875428915023804e-01
2.885128021240234375e+00,-2.824455738067626953e+00,2.082085907459259033e-01
-2.183624744415283203e+00,-2.486250400543212891e+00,2.557496726512908936e-01
-1.986752271652221680e+00,-2.615556240081787109e+00,1.982871145009994507e-01
3.019072532653808594e+00,-2.670500755310058594e+00,3.008606433868408203e-01
3.200624465942382812e+00,-2.591832160949707031e+00,1.043286174535751343e-01
-2.339503765106201172e+00,-2.273828506469726562e+00,1.118565499782562256e-01
3.293573141098022461e+00,-2.356688261032104492e+00,2.650068402290344238e-01
3.623275279998779297e+00,-1.847301363945007324e+00,2.520487904548645020e-01
-2.652786493301391602e+00,-1.604287147521972656e+00,1.739122271537780762e-01
3.813889503479003906e+00,-1.529267430305480957e+00,1.830805391073226929e-01
3.873355627059936523e+00,-1.504243254661560059e+00,1.494602486491203308e-02
-2.828310012817382812e+00,-1.115820884704589844e+00,7.808010280132293701e-02
-2.765978574752807617e+00,-1.325679302215576172e+00,1.930652856826782227e-01
3.896764278411865234e+00,-1.301404953002929688e+00,1.087080463767051697e-01
-2.852462291717529297e+00,-8.505166769027709961e-01,2.190525084733963013e-01
3.961811780929565430e+00,-8.965060710906982422e-01,1.148423478007316589e-01
-2.916841506958007812e+00,-4.841727316379547119e-01,8.901649713516235352e-02
3.987222909927368164e+00,-5.982766747474670410e-01,2.205512970685958862e-01
-2.911532163619995117e+00,-2.141231745481491089e-01,1.724016219377517700e-01
3.970535755157470703e+00,-1.095820814371109009e-01,1.222830787301063538e-01
-2.877326965332031250e+00,1.241104975342750549e-01,2.011937052011489868e-01
3.953393936157226562e+00,2.233697623014450073e-01,3.078378438949584961e-01
-2.764529705047607422e+00,6.426616907119750977e-01,2.465737760066986084e-01
3.886066198348999023e+00,5.720021724700927734e-01,1.584519147872924805e-01
-2.665946960449218750e+00,9.030419588088989258e-01,1.220106557011604309e-01
3.821868419647216797e+00,8.828738927841186523e-01,1.502794325351715088e-01
3.858075618743896484e+00,7.260418534278869629e-01,1.441253125667572021e-01
-2.561329841613769531e+00,1.145567059516906738e+00,9.464900940656661987e-02
-2.427889108657836914e+00,1.311426401138305664e+00,2.086710780858993530e-01
3.689610242843627930e+00,1.184424996376037598e+00,2.624303400516510010e-01
-2.281395912170410156e+00,1.567891478538513184e+00,2.314092367887496948e-01
3.388848304748535156e+00,1.662758231163024902e+00,1.633286774158477783e-01
-2.150346755981445312e+00,1.851623892784118652e+00,1.423772126436233521e-01
-1.961339712142944336e+00,1.996660590171813965e+00,2.446789741516113281e-01
3.043102741241455078e+00,2.031348466873168945e+00,2.891132533550262451e-01
3.272476196289062500e+00,1.831885695457458496e+00,1.623735278844833374e-01
-1.800183296203613281e+00,2.171425104141235352e+00,1.906423121690750122e-01
-1.641207814216613770e+00,2.264619112014770508e+00,2.326197624206542969e-01
2.645204782485961914e+00,2.377747774124145508e+00,1.428264528512954712e-01
2.918814897537231445e+00,2.173987627029418945e+00,1.934669464826583862e-01
-1.426297187805175781e+00,2.471152544021606445e+00,3.341237083077430725e-02
-1.222322702407836914e+00,2.561125516891479492e+00,1.544873863458633423e-01
-9.936349391937255859e-01,2.703131437301635742e+00,2.310807704925537109e-01
1.707623243331909180e+00,2.786236286163330078e+00,1.196530386805534363e-01
2.019435405731201172e+00,2.793917179107666016e+00,1.191073805093765259e-01
2.237781286239624023e+00,2.668575525283813477e+00,1.557795703411102295e-01
2.550060272216796875e+00,2.464072227478027344e+00,1.076637580990791321e-01
-8.036091327667236328e-01,2.909683942794799805e+00,1.391216963529586792e-01
-4.584718942642211914e-01,3.061784982681274414e+00,5.229846388101577759e-02
-1.598628312349319458e-01,3.003265619277954102e+00,2.282456159591674805e-01
7.139170169830322266e-02,3.100708961486816406e+00,4.550858959555625916e-02
3.768601119518280029e-01,3.146473169326782227e+00,2.033953517675399780e-01
7.740830183029174805e-01,3.063329458236694336e+00,2.663305997848510742e-01
1.072175979614257812e+00,3.068354368209838867e+00,1.037630066275596619e-01
1.508677482604980469e+00,2.901839256286621094e+00,2.967394590377807617e-01
1.884249329566955566e+00,2.828872442245483398e+00,2.204549759626388550e-01
2.198871970176696777e-01,3.155915975570678711e+00,1.040968820452690125e-01
5.942457914352416992e-01,3.182970285415649414e+00,2.454249747097492218e-02
7.520164251327514648e-01,3.155306100845336914e+00,5.569941177964210510e-02
-4.320464283227920532e-02,-3.501737833023071289e+00,5.064297914505004883e-01
4.542796015739440918e-01,-3.530461311340332031e+00,5.619408488273620605e-01
7.288134098052978516e-01,-3.614168643951416016e+00,4.264976084232330322e-01
1.441198348999023438e+00,-3.504653453826904297e+00,3.886528611183166504e-01
-8.288876414299011230e-01,-3.230679750442504883e+00,5.651827454566955566e-01
-5.422966480255126953e-01,-3.370797872543334961e+00,5.990517735481262207e-01
-1.767646074295043945e-01,-3.470156192779541016e+00,4.751452505588531494e-01
2.364634424448013306e-01,-3.444197416305541992e+00,6.609978079795837402e-01
5.954546928405761719e-01,-3.487596511840820312e+00,6.549831032752990723e-01
9.663436412811279297e-01,-3.400514602661132812e+00,6.169298887252807617e-01
1.146844267845153809e+00,-3.435924053192138672e+00,5.366557240486145020e-01
1.575308442115783691e+00,-3.414888620376586914e+00,5.193360447883605957e-01
1.907808423042297363e+00,-3.278392076492309570e+00,5.180807113647460938e-01
2.262846946716308594e+00,-3.159501314163208008e+00,4.294682145118713379e-01
-1.500905156135559082e+00,-2.968275308609008789e+00,5.463268756866455078e-01
-1.207559585571289062e+00,-3.044378042221069336e+00,5.354289412498474121e-01
-8.858391046524047852e-01,-3.035188198089599609e+00,6.716649532318115234e-01
2.305591821670532227e+00,-3.029263257980346680e+00,5.500718951225280762e-01
2.583101511001586914e+00,-2.916946887969970703e+00,4.888809323310852051e-01
-1.833211421966552734e+00,-2.691651821136474609e+00,4.355783462524414062e-01
-1.687340497970581055e+00,-2.633874416351318359e+00,6.770488023757934570e-01
2.675327539443969727e+00,-2.692344188690185547e+00,6.246187090873718262e-01
2.963013410568237305e+00,-2.562835931777954102e+00,5.253027081489562988e-01
-2.206594944000244141e+00,-2.250506401062011719e+00,5.380194187164306641e-01
-2.037773609161376953e+00,-2.387796163558959961e+00,5.776684880256652832e-01
3.226931571960449219e+00,-2.223201990127563477e+00,5.374692082405090332e-01
-2.517352581024169922e+00,-1.805027961730957031e+00,5.220791697502136230e-01
-2.351856946945190430e+00,-1.942884922027587891e+00,6.196173429489135742e-01
3.394443750381469727e+00,-1.965361595153808594e+00,5.650780200958251953e-01
3.529691696166992188e+00,-1.808578372001647949e+00,4.985240399837493896e-01
-2.553977489471435547e+00,-1.552097320556640625e+00,6.092624664306640625e-01
3.468182563781738281e+00,-1.715759873390197754e+00,6.832653880119323730e-01
3.632489919662475586e+00,-1.529138684272766113e+00,5.265173316001892090e-01
-2.698463916778564453e+00,-1.274913311004638672e+00,5.355885624885559082e-01
3.772346496582031250e+00,-1.181150555610656738e+00,6.109471321105957031e-01
3.903513431549072266e+00,-1.126984238624572754e+00,4.436509311199188232e-01
-2.826145410537719727e+00,-7.513862252235412598e-01,4.411235749721527100e-01
-2.743708133697509766e+00,-8.477425575256347656e-01,5.384857654571533203e-01
3.783290147781372070e+00,-8.718211054801940918e-01,6.694557070732116699e-01
3.926645517349243164e+00,-9.017463326454162598e-01,4.378711879253387451e-01
-2.859238147735595703e+00,-4.451202750205993652e-01,3.927009701728820801e-01
-2.769071102142333984e+00,-5.704343318939208984e-01,6.438845992088317871e-01
3.792789936065673828e+00,-4.955354928970336914e-01,5.416342020034790039e-01
3.898539543151855469e+00,-5.768619179725646973e-01,5.016881823539733887e-01
-2.841710329055786133e+00,-1.395098268985748291e-01,4.327266514301300049e-01
3.906896591186523438e+00,-1.943536400794982910e-01,3.890576660633087158e-01
-2.819893598556518555e+00,1.975103169679641724e-01,3.942706286907196045e-01
-2.746462345123291016e+00,1.655185967683792114e-01,5.692875385284423828e-01
3.782402753829956055e+00,3.057812154293060303e-01,6.082567572593688965e-01
3.900390625000000000e+00,1.898289173841476440e-01,4.621804952621459961e-01
-2.650167942047119141e+00,4.904979467391967773e-01,5.899765491485595703e-01
3.461873769760131836e+00,6.579180359840393066e-01,6.988525986671447754e-01
3.707230091094970703e+00,4.629374742507934570e-01,6.242120265960693359e-01
3.866378307342529297e+00,3.969011604785919189e-01,4.153746962547302246e-01
-2.565435886383056641e+00,8.662711381912231445e-01,5.060078501701354980e-01
-2.408052921295166016e+00,1.026221275329589844e+00,6.826934218406677246e-01
3.531272888183593750e+00,7.081955671310424805e-01,4.364927709102630615e-01
-2.463271379470825195e+00,1.100380301475524902e+00,4.411891102790832520e-01
-2.353084325790405273e+00,1.220937728881835938e+00,5.624430179595947266e-01
3.380246400833129883e+00,1.293283104896545410e+00,6.530272364616394043e-01
3.531655550003051758e+00,1.352828979492187500e+00,3.585228621959686279e-01
-2.195042371749877930e+00,1.529370665550231934e+00,5.097668170928955078e-01
-2.026429176330566406e+00,1.714006066322326660e+00,5.606347918510437012e-01
3.253972768783569336e+00,1.606331706047058105e+00,5.852406024932861328e-01
-1.889849781990051270e+00,1.888665199279785156e+00,5.383627414703369141e-01
-1.670422315597534180e+00,2.047556400299072266e+00,6.310418844223022461e-01
2.983855009078979492e+00,1.913011550903320312e+00,5.569795966148376465e-01
-1.564524769783020020e+00,2.204586267471313477e+00,5.108844637870788574e-01
-1.310491800308227539e+00,2.353207111358642578e+00,5.808845758438110352e-01
2.415174245834350586e+00,2.401699542999267578e+00,5.601578950881958008e-01
2.660157203674316406e+00,2.210920333862304688e+00,4.663676321506500244e-01
-1.115001559257507324e+00,2.516867876052856445e+00,4.394397139549255371e-01
-9.224484562873840332e-01,2.550111770629882812e+00,5.636256337165832520e-01
-5.301520228385925293e-01,2.693157672882080078e+00,6.312632560729980469e-01
1.703248739242553711e+00,2.718951940536499023e+00,6.554096937179565430e-01
1.936491489410400391e+00,2.717811107635498047e+00,5.079538822174072266e-01
2.189566612243652344e+00,2.553930759429931641e+00,5.183913707733154297e-01
-5.596965551376342773e-01,2.858216762542724609e+00,4.020916223526000977e-01
-2.039186656475067139e-01,2.935557603836059570e+00,4.719536304473876953e-01
2.771813869476318359e-01,2.986488342285156250e+00,3.883166313171386719e-01
5.494808554649353027e-01,3.009739637374877930e+00,4.729340076446533203e-01
8.813729882240295410e-01,2.987515449523925781e+00,4.927340745925903320e-01
1.264614105224609375e+00,2.868012428283691406e+00,5.888848900794982910e-01
1.550494670867919922e+00,2.826607942581176758e+00,5.672023296356201172e-01
1.816583514213562012e+00,2.832736968994140625e+00,3.875207006931304932e-01
-3.536013960838317871e-01,-3.266853094100952148e+00,7.440029978752136230e-01
-1.456718742847442627e-01,-3.286264896392822266e+00,8.368739485740661621e-01
2.509361505508422852e-01,-3.314100027084350586e+00,8.527716994285583496e-01
4.878667294979095459e-01,-3.219728231430053711e+00,9.140346646308898926e-01
8.591499328613281250e-01,-3.254953861236572266e+00,8.904523849487304688e-01
1.199680209159851074e+00,-3.279669523239135742e+00,8.596505522727966309e-01
1.538669824600219727e+00,-3.293651103973388672e+00,7.844527363777160645e-01
1.770874023437500000e+00,-3.263009309768676758e+00,7.040319442749023438e-01
-1.408886313438415527e+00,-2.882346153259277344e+00,7.364621758460998535e-01
-1.194710016250610352e+00,-2.841132879257202148e+00,8.670192956924438477e-01
-8.938627839088439941e-01,-2.912407398223876953e+00,8.636574745178222656e-01
-4.827974438667297363e-01,-3.018815279006958008e+00,9.001391530036926270e-01
1.937623620033264160e+00,-3.033752441406250000e+00,8.916465640068054199e-01
2.251184225082397461e+00,-2.863833665847778320e+00,8.320444226264953613e-01
-1.571746349334716797e+00,-2.617401123046875000e+00,8.253136873245239258e-01
-1.298623204231262207e+00,-2.741118669509887695e+00,9.684247970581054688e-01
2.365306854248046875e+00,-2.757347106933593750e+00,8.708872199058532715e-01
2.587668895721435547e+00,-2.611406326293945312e+00,7.843229770660400391e-01
-1.920855402946472168e+00,-2.256887674331665039e+00,9.037610292434692383e-01
2.945941925048828125e+00,-2.277116060256958008e+00,8.925642967224121094e-01
-2.209382772445678711e+00,-1.921988844871520996e+00,7.800392508506774902e-01
3.125413656234741211e+00,-2.039041042327880859e+00,9.242659211158752441e-01
3.277233123779296875e+00,-1.933433175086975098e+00,8.064649105072021484e-01
-2.251082181930541992e+00,-1.579288601875305176e+00,8.666410446166992188e-01
3.390261411666870117e+00,-1.734554648399353027e+00,7.487009167671203613e-01
-2.518735408782958984e+00,-1.240144491195678711e+00,7.655568718910217285e-01
-2.340197563171386719e+00,-1.223994970321655273e+00,9.508712887763977051e-01
3.491137981414794922e+00,-1.226600646972656250e+00,8.756065368652343750e-01
3.574824571609497070e+00,-1.230157971382141113e+00,8.035410046577453613e-01
-2.550130128860473633e+00,-8.207727670669555664e-01,9.163265824317932129e-01
3.651318550109863281e+00,-8.725085258483886719e-01,8.104910850524902344e-01
-2.590410709381103516e+00,-4.780084192752838135e-01,8.888063430786132812e-01
3.620163679122924805e+00,-6.390516161918640137e-01,9.660965800285339355e-01
-2.582930088043212891e+00,-1.826433241367340088e-01,8.910544514656066895e-01
3.612347364425659180e+00,-4.105246067047119141e-02,9.927216172218322754e-01
-2.574195623397827148e+00,2.079835832118988037e-01,8.227106928825378418e-01
-2.440291166305541992e+00,2.350680977106094360e-01,1.023347854614257812e+00
3.623656511306762695e+00,1.368448883295059204e-01,9.207280874252319336e-01
-2.517050981521606445e+00,5.083916783332824707e-01,7.995280623435974121e-01
-2.386456489562988281e+00,5.310153365135192871e-01,9.966985583305358887e-01
3.422965526580810547e+00,6.128808856010437012e-01,9.917054772377014160e-01
3.539093494415283203e+00,4.804729521274566650e-01,8.887293934822082520e-01
-2.366612195968627930e+00,8.925483226776123047e-01,8.693862557411193848e-01
3.446618080139160156e+00,8.588917255401611328e-01,7.666690349578857422e-01
-2.212666034698486328e+00,1.216499209403991699e+00,8.732267618179321289e-01
-2.066851139068603516e+00,1.304485201835632324e+00,9.955399632453918457e-01
3.307353973388671875e+00,1.233556151390075684e+00,8.205969929695129395e-01
-1.892679452896118164e+00,1.572767019271850586e+00,9.028663635253906250e-01
-1.703089714050292969e+00,1.687759399414062500e+00,1.002566456794738770e+00
3.085746049880981445e+00,1.517394542694091797e+00,8.959816694259643555e-01
3.274802207946777344e+00,1.421002507209777832e+00,7.278491258621215820e-01
-1.834945321083068848e+00,1.806731462478637695e+00,7.514233589172363281e-01
-1.573527336120605469e+00,1.946534037590026855e+00,8.665774464607238770e-01
-1.273185133934020996e+00,2.071563005447387695e+00,9.886967539787292480e-01
2.748960018157958984e+00,1.893847703933715820e+00,8.985031247138977051e-01
2.983327388763427734e+00,1.768287539482116699e+00,7.464392185211181641e-01
-1.461500406265258789e+00,2.148593902587890625e+00,7.380736470222473145e-01
-1.208570003509521484e+00,2.221805810928344727e+00,8.509384989738464355e-01
-9.163537621498107910e-01,2.320972681045532227e+00,9.289218187332153320e-01
-6.758000850677490234e-01,2.398902177810668945e+00,9.686688184738159180e-01
1.920723438262939453e+00,2.382454872131347656e+00,8.844094276428222656e-01
2.514996051788330078e+00,2.164619922637939453e+00,7.410951256752014160e-01
-8.187842965126037598e-01,2.501785993576049805e+00,7.398031353950500488e-01
-5.863569378852844238e-01,2.526488304138183594e+00,8.677840232849121094e-01
-5.489722639322280884e-02,2.618589878082275391e+00,9.300920963287353516e-01
1.620903462171554565e-01,2.692466497421264648e+00,9.747503399848937988e-01
6.614215373992919922e-01,2.782614469528198242e+00,9.095279574394226074e-01
9.445155262947082520e-01,2.715980768203735352e+00,9.778342247009277344e-01
1.279343366622924805e+00,2.701577663421630859e+00,8.826061487197875977e-01
1.600409269332885742e+00,2.572508573532104492e+00,8.924338221549987793e-01
1.829941391944885254e+00,2.535521268844604492e+00,8.138273358345031738e-01
-4.294428974390029907e-02,2.832647562026977539e+00,7.468128800392150879e-01
5.321205258369445801e-01,2.848217487335205078e+00,7.702011466026306152e-01
9.274615049362182617e-01,2.869760036468505859e+00,7.561269998550415039e-01
1.179045319557189941e+00,2.825252532958984375e+00,7.580751180648803711e-01
-1.423888206481933594e-01,-3.207287549972534180e+00,1.056999325752258301e+00
1.146062612533569336e-01,-3.189022541046142578e+00,1.102714657783508301e+00
1.041637301445007324e+00,-3.169153928756713867e+00,1.128139853477478027e+00
1.199110746383666992e+00,-3.168723583221435547e+00,1.094295263290405273e+00
-1.075749993324279785e+00,-2.823961019515991211e+00,1.062447428703308105e+00
-8.556499481201171875e-01,-2.865335702896118164e+00,1.199737429618835449e+00
-4.949312806129455566e-01,-2.851679325103759766e+00,1.288129329681396484e+00
-1.844393759965896606e-01,-2.990487575531005859e+00,1.216440439224243164e+00
2.706846296787261963e-01,-3.046306371688842773e+00,1.235634922981262207e+00
5.309339761734008789e-01,-3.080210924148559570e+00,1.138836503028869629e+00
8.941404819488525391e-01,-2.951265335083007812e+00,1.301052927970886230e+00
1.248854637145996094e+00,-3.091536521911621094e+00,1.215014100074768066e+00
1.567795276641845703e+00,-3.054011106491088867e+00,1.126960754394531250e+00
1.982706069946289062e+00,-2.829738378524780273e+00,1.115379810333251953e+00
-1.452689170837402344e+00,-2.519402980804443359e+00,1.136064052581787109e+00
-1.162634491920471191e+00,-2.668227910995483398e+00,1.261332988739013672e+00
-9.363784790039062500e-01,-2.658558368682861328e+00,1.342701435089111328e+00
-6.084956526756286621e-01,-2.726483345031738281e+00,1.382199883460998535e+00
1.871793508529663086e+00,-2.656559467315673828e+00,1.340419292449951172e+00
2.248607635498046875e+00,-2.597053527832031250e+00,1.174078702926635742e+00
-1.833528041839599609e+00,-2.139189958572387695e+00,1.160538196563720703e+00
-1.605385422706604004e+00,-2.274067163467407227e+00,1.212159514427185059e+00
-1.357947826385498047e+00,-2.393767118453979492e+00,1.397628664970397949e+00
2.391949415206909180e+00,-2.356684446334838867e+00,1.285666465759277344e+00
2.573714017868041992e+00,-2.258131742477416992e+00,1.201351881027221680e+00
-1.903252243995666504e+00,-1.899027466773986816e+00,1.281396865844726562e+00
2.656872272491455078e+00,-2.024621248245239258e+00,1.345367670059204102e+00
2.938968181610107422e+00,-1.995751619338989258e+00,1.160352468490600586e+00
-2.037754774093627930e+00,-1.632694125175476074e+00,1.234726905822753906e+00
3.044616460800170898e+00,-1.537587761878967285e+00,1.336524009704589844e+00
3.333578109741210938e+00,-1.511311888694763184e+00,1.113285899162292480e+00
-2.177606821060180664e+00,-1.282236456871032715e+00,1.220817089080810547e+00
-2.037929773330688477e+00,-1.367755770683288574e+00,1.395971298217773438e+00
3.281262159347534180e+00,-1.243616819381713867e+00,1.218939304351806641e+00
-2.454649686813354492e+00,-7.247932553291320801e-01,1.062119126319885254e+00
-2.276298046112060547e+00,-8.670650720596313477e-01,1.240591883659362793e+00
3.411952257156372070e+00,-8.644669651985168457e-01,1.218718409538269043e+00
-2.465630054473876953e+00,-5.894474387168884277e-01,1.055494427680969238e+00
-2.266377210617065430e+00,-5.451489686965942383e-01,1.281641125679016113e+00
3.371319770812988281e+00,-6.921063661575317383e-01,1.313612937927246094e+00
3.512003183364868164e+00,-5.854193568229675293e-01,1.133061051368713379e+00
-2.465858936309814453e+00,-2.737792134284973145e-01,1.078702449798583984e+00
-2.324493885040283203e+00,-2.110999375581741333e-01,1.236748337745666504e+00
3.430908203125000000e+00,-2.274415493011474609e-01,1.248259782791137695e+00
3.552675724029541016e+00,-1.359362453222274780e-01,1.108380794525146484e+00
-2.312077045440673828e+00,1.844139844179153442e-01,1.191369533538818359e+00
3.382019519805908203e+00,6.663982570171356201e-02,1.299990653991699219e+00
-2.240779399871826172e+00,5.103484392166137695e-01,1.184353947639465332e+00
-2.029790878295898438e+00,6.368178129196166992e-01,1.363175272941589355e+00
3.359341382980346680e+00,4.653339982032775879e-01,1.258507251739501953e+00
-2.188679456710815430e+00,8.700997233390808105e-01,1.144603371620178223e+00
-1.976493120193481445e+00,9.320731759071350098e-01,1.318999171257019043e+00
3.006804943084716797e+00,9.302490949630737305e-01,1.312011957168579102e+00
3.220093250274658203e+00,8.631448745727539062e-01,1.143429398536682129e+00
-2.101953506469726562e+00,1.207609534263610840e+00,1.052763462066650391e+00
-1.909502387046813965e+00,1.251232862472534180e+00,1.214104056358337402e+00
-1.689136862754821777e+00,1.349373102188110352e+00,1.338669896125793457e+00
3.028294801712036133e+00,1.234183311462402344e+00,1.224504113197326660e+00
-1.827979445457458496e+00,1.451432347297668457e+00,1.110440850257873535e+00
-1.592439532279968262e+00,1.570023775100708008e+00,1.201852917671203613e+00
-1.371405720710754395e+00,1.626884460449218750e+00,1.341206192970275879e+00
2.678364038467407227e+00,1.493758320808410645e+00,1.336612343788146973e+00
2.933573484420776367e+00,1.479645013809204102e+00,1.175045013427734375e+00
-1.438484430313110352e+00,1.823524951934814453e+00,1.100208044052124023e+00
-1.241141319274902344e+00,1.938719391822814941e+00,1.165048122406005859e+00
-9.306904673576354980e-01,2.061728239059448242e+00,1.278197169303894043e+00
1.944032788276672363e+00,2.053873777389526367e+00,1.307984590530395508e+00
2.325837373733520508e+00,2.003448247909545898e+00,1.219329357147216797e+00
2.547638416290283203e+00,1.901784896850585938e+00,1.138891696929931641e+00
-8.057729601860046387e-01,2.200977802276611328e+00,1.162071466445922852e+00
-5.292621254920959473e-01,2.262531042098999023e+00,1.234915494918823242e+00
-3.323527574539184570e-01,2.419716596603393555e+00,1.103349804878234863e+00
1.187065124511718750e+00,2.402409076690673828e+00,1.353445768356323242e+00
1.630574107170104980e+00,2.307628631591796875e+00,1.237141847610473633e+00
1.969005703926086426e+00,2.203284978866577148e+00,1.115125298500061035e+00
-1.366321295499801636e-01,2.469452857971191406e+00,1.091877341270446777e+00
1.695023775100708008e-01,2.555603742599487305e+00,1.227787494659423828e+00
5.351110696792602539e-01,2.621774435043334961e+00,1.200855851173400879e+00
8.274192810058593750e-01,2.569721698760986328e+00,1.218499898910522461e+00
1.292321205139160156e+00,2.484225273132324219e+00,1.130243062973022461e+00
1.415884375572204590e+00,2.483795642852783203e+00,1.063250780105590820e+00
-2.851002849638462067e-02,-2.867123365402221680e+00,1.414148807525634766e+00
2.881308794021606445e-01,-2.864920139312744141e+00,1.476150035858154297e+00
5.892841219902038574e-01,-2.840112686157226562e+00,1.431235432624816895e+00
8.422680497169494629e-01,-2.823158502578735352e+00,1.412533283233642578e+00
1.065309286117553711e+00,-2.824770212173461914e+00,1.412276148796081543e+00
1.435775876045227051e+00,-2.800021409988403320e+00,1.425208091735839844e+00
-8.211819529533386230e-01,-2.605267763137817383e+00,1.447114109992980957e+00
-4.725916683673858643e-01,-2.625608444213867188e+00,1.511656880378723145e+00
-1.589575111865997314e-01,-2.624303340911865234e+00,1.626640558242797852e+00
1.476999670267105103e-01,-2.681176424026489258e+00,1.629666447639465332e+00
5.430699586868286133e-01,-2.671945571899414062e+00,1.641445517539978027e+00
9.179276227951049805e-01,-2.682870864868164062e+00,1.569689869880676270e+00
1.285171151161193848e+00,-2.570435762405395508e+00,1.619561910629272461e+00
1.582413911819458008e+00,-2.568011522293090820e+00,1.549177885055541992e+00
1.898264646530151367e+00,-2.541749000549316406e+00,1.427157998085021973e+00
-1.444332361221313477e+00,-2.114442348480224609e+00,1.537855029106140137e+00
-1.202361941337585449e+00,-2.285427808761596680e+00,1.525946736335754395e+00
-8.115030527114868164e-01,-2.312715768814086914e+00,1.623441219329833984e+00
-5.967268943786621094e-01,-2.408158063888549805e+00,1.640097856521606445e+00
1.617640972137451172e+00,-2.351654529571533203e+00,1.687259197235107422e+00
1.887691020965576172e+00,-2.296502113342285156e+00,1.617020845413208008e+00
2.216300725936889648e+00,-2.200886487960815430e+00,1.501510143280029297e+00
-1.558558821678161621e+00,-1.929923772811889648e+00,1.550135374069213867e+00
2.280099630355834961e+00,-1.982852101325988770e+00,1.630815267562866211e+00
2.536838531494140625e+00,-1.844149827957153320e+00,1.534882545471191406e+00
-1.893057107925415039e+00,-1.592593669891357422e+00,1.450362086296081543e+00
-1.633708953857421875e+00,-1.620441317558288574e+00,1.655077099800109863e+00
2.579920768737792969e+00,-1.580018043518066406e+00,1.634157657623291016e+00
2.810267448425292969e+00,-1.605797410011291504e+00,1.425013542175292969e+00
-1.988041043281555176e+00,-1.205947637557983398e+00,1.525682687759399414e+00
-1.733482956886291504e+00,-1.297576308250427246e+00,1.679445624351501465e+00
2.666604518890380859e+00,-1.347155213356018066e+00,1.686494231224060059e+00
3.038339853286743164e+00,-1.218094110488891602e+00,1.484220981597900391e+00
-1.999816298484802246e+00,-8.123058676719665527e-01,1.550465226173400879e+00
3.040390491485595703e+00,-9.211242794990539551e-01,1.624783754348754883e+00
-2.124975919723510742e+00,-5.347681045532226562e-01,1.421772480010986328e+00
-1.970082879066467285e+00,-4.929011166095733643e-01,1.591653704643249512e+00
3.010341644287109375e+00,-5.182335376739501953e-01,1.632333159446716309e+00
3.238798141479492188e+00,-5.647724270820617676e-01,1.484486579895019531e+00
-2.138343811035156250e+00,-1.980971843004226685e-01,1.419519066810607910e+00
-1.981320261955261230e+00,-1.887476295232772827e-01,1.585065722465515137e+00
3.112801551818847656e+00,-2.715382874011993408e-01,1.590529322624206543e+00
3.224475622177124023e+00,-2.670357823371887207e-01,1.497473478317260742e+00
-1.940799474716186523e+00,1.702495068311691284e-01,1.574378013610839844e+00
2.968209505081176758e+00,1.231611147522926331e-01,1.672020554542541504e+00
3.196700096130371094e+00,2.149958312511444092e-01,1.494805574417114258e+00
-1.883363962173461914e+00,5.393962860107421875e-01,1.566815972328186035e+00
-1.690064668655395508e+00,6.889547705650329590e-01,1.710402965545654297e+00
2.673328399658203125e+00,6.291903853416442871e-01,1.705172300338745117e+00
2.831722736358642578e+00,4.845260381698608398e-01,1.619849562644958496e+00
3.163520336151123047e+00,3.796181082725524902e-01,1.464551925659179688e+00
-1.846362829208374023e+00,8.229094743728637695e-01,1.485130190849304199e+00
-1.610412240028381348e+00,9.110147953033447266e-01,1.662742972373962402e+00
2.665616750717163086e+00,9.834654927253723145e-01,1.602569103240966797e+00
2.889871597290039062e+00,8.709098100662231445e-01,1.426076650619506836e+00
-1.799020886421203613e+00,1.094130992889404297e+00,1.416847467422485352e+00
-1.553210616111755371e+00,1.184618353843688965e+00,1.538529753684997559e+00
-1.279143691062927246e+00,1.323626637458801270e+00,1.675373196601867676e+00
2.352630853652954102e+00,1.305272579193115234e+00,1.664168477058410645e+00
2.588531494140625000e+00,1.200493097305297852e+00,1.575766444206237793e+00
-1.447840809822082520e+00,1.485941410064697266e+00,1.400436520576477051e+00
-1.208406805992126465e+00,1.537297606468200684e+00,1.580183625221252441e+00
-9.279055595397949219e-01,1.636162519454956055e+00,1.717553496360778809e+00
1.880702733993530273e+00,1.629410028457641602e+00,1.720048904418945312e+00
2.278187990188598633e+00,1.591044545173645020e+00,1.536385297775268555e+00
-1.102558374404907227e+00,1.809007406234741211e+00,1.419864654541015625e+00
-8.801128268241882324e-01,1.845692276954650879e+00,1.549649238586425781e+00
-5.191457271575927734e-01,1.960646033287048340e+00,1.592807769775390625e+00
-1.917057782411575317e-01,1.994199633598327637e+00,1.676941156387329102e+00
9.182816147804260254e-01,2.067550659179687500e+00,1.716033935546875000e+00
1.338067412376403809e+00,2.050291776657104492e+00,1.682236552238464355e+00
1.591646075248718262e+00,1.925316214561462402e+00,1.630988597869873047e+00
1.835705757141113281e+00,1.985241293907165527e+00,1.465800404548645020e+00
2.196039199829101562e+00,1.793300151824951172e+00,1.474837779998779297e+00
-5.321711301803588867e-01,2.105721473693847656e+00,1.444226145744323730e+00
-2.305087298154830933e-01,2.207158565521240234e+00,1.463987827301025391e+00
2.250168770551681519e-01,2.118543863296508789e+00,1.628473520278930664e+00
5.081899762153625488e-01,2.293434381484985352e+00,1.580820322036743164e+00
9.126848578453063965e-01,2.358799219131469727e+00,1.508210659027099609e+00
1.212671399116516113e+00,2.320124626159667969e+00,1.477036714553833008e+00
5.404253005981445312e-01,2.467696189880371094e+00,1.434808969497680664e+00
5.268961191177368164e-01,-2.506175279617309570e+00,1.817389249801635742e+00
8.238893747329711914e-01,-2.462574481964111328e+00,1.848254680633544922e+00
-4.613935947418212891e-01,-2.313782453536987305e+00,1.860323667526245117e+00
-2.309106141328811646e-01,-2.335572719573974609e+00,1.904470086097717285e+00
1.404408961534500122e-01,-2.310073375701904297e+00,1.972063064575195312e+00
5.375056266784667969e-01,-2.369603395462036133e+00,1.922083854675292969e+00
9.570776820182800293e-01,-2.227032899856567383e+00,1.961867332458496094e+00
1.224936008453369141e+00,-2.306490898132324219e+00,1.829172611236572266e+00
1.560178995132446289e+00,-2.124797105789184570e+00,1.853549957275390625e+00
1.886079430580139160e+00,-2.102552175521850586e+00,1.774588704109191895e+00
-1.223220467567443848e+00,-1.796925663948059082e+00,1.863737702369689941e+00
-8.823132514953613281e-01,-1.986096858978271484e+00,1.930287599563598633e+00
-6.133364439010620117e-01,-1.972092866897583008e+00,1.983162045478820801e+00
1.290455102920532227e+00,-2.003649711608886719e+00,2.021497011184692383e+00
1.579548478126525879e+00,-1.924689531326293945e+00,1.992390036582946777e+00
1.883075833320617676e+00,-1.931437849998474121e+00,1.903886437416076660e+00
2.161714553833007812e+00,-1.864993572235107422e+00,1.812104940414428711e+00
-1.087826967239379883e+00,-1.512703061103820801e+00,1.977682113647460938e+00
-9.621421694755554199e-01,-1.593553304672241211e+00,2.051111698150634766e+00
2.002478361129760742e+00,-1.600780129432678223e+00,1.998751878738403320e+00
2.301532030105590820e+00,-1.620428442955017090e+00,1.843712449073791504e+00
-1.771704435348510742e+00,-1.060921907424926758e+00,1.763829350471496582e+00
-1.405845999717712402e+00,-1.284300327301025391e+00,1.883937358856201172e+00
-1.124246954917907715e+00,-1.295423984527587891e+00,2.008107185363769531e+00
2.344839096069335938e+00,-1.208420157432556152e+00,1.987514138221740723e+00
2.616955995559692383e+00,-1.206328868865966797e+00,1.833376765251159668e+00
-1.808573007583618164e+00,-9.712088704109191895e-01,1.753674387931823730e+00
-1.601130604743957520e+00,-8.427883982658386230e-01,1.926277160644531250e+00
-1.364006638526916504e+00,-8.908755183219909668e-01,2.064025640487670898e+00
2.273871660232543945e+00,-9.457939863204956055e-01,2.050517559051513672e+00
2.599328756332397461e+00,-7.859992980957031250e-01,1.877578735351562500e+00
-1.824001073837280273e+00,-4.613165259361267090e-01,1.766163945198059082e+00
-1.564250230789184570e+00,-5.593208074569702148e-01,2.012048244476318359e+00
2.254959821701049805e+00,-6.936764717102050781e-01,2.093621730804443359e+00
2.604802608489990234e+00,-5.443176031112670898e-01,1.925625324249267578e+00
2.820388555526733398e+00,-3.815518617630004883e-01,1.792637586593627930e+00
-1.771589756011962891e+00,-7.476311922073364258e-02,1.824830412864685059e+00
-1.611902952194213867e+00,-2.214950770139694214e-01,1.967813253402709961e+00
2.643266677856445312e+00,-2.114058434963226318e-01,1.966556310653686523e+00
2.836493730545043945e+00,-2.184666693210601807e-01,1.850158214569091797e+00
-1.602889657020568848e+00,1.500233262777328491e-01,1.967060327529907227e+00
-1.383777379989624023e+00,2.990183532238006592e-01,2.096721172332763672e+00
2.325926303863525391e+00,2.920193970203399658e-01,2.078087806701660156e+00
2.629603624343872070e+00,2.074228376150131226e-01,1.915275096893310547e+00
-1.528842926025390625e+00,5.565706491470336914e-01,1.921696901321411133e+00
-1.385729074478149414e+00,5.832822322845458984e-01,2.032285451889038086e+00
2.327689409255981445e+00,6.996309757232666016e-01,1.994316816329956055e+00
2.591450929641723633e+00,4.620980620384216309e-01,1.867605090141296387e+00
-1.469901084899902344e+00,8.196247816085815430e-01,1.845654368400573730e+00
-1.236568927764892578e+00,9.135932922363281250e-01,1.991959691047668457e+00
-1.017182111740112305e+00,9.859234690666198730e-01,2.079075336456298828e+00
2.093543767929077148e+00,1.045007228851318359e+00,1.967575907707214355e+00
2.263906717300415039e+00,8.614947795867919922e-01,1.959991097450256348e+00
2.499680042266845703e+00,8.168974518775939941e-01,1.803112387657165527e+00
-1.189390778541564941e+00,1.189188241958618164e+00,1.858321905136108398e+00
-9.279883503913879395e-01,1.200087904930114746e+00,2.012233734130859375e+00
-4.772370755672454834e-01,1.315697431564331055e+00,2.053090572357177734e+00
-2.512360811233520508e-01,1.333480834960937500e+00,2.078423261642456055e+00
1.387971758842468262e+00,1.367863893508911133e+00,2.090149164199829102e+00
1.636516809463500977e+00,1.222694635391235352e+00,2.067140817642211914e+00
1.915256023406982422e+00,1.278458476066589355e+00,1.917388796806335449e+00
2.283168792724609375e+00,1.104414939880371094e+00,1.825909614562988281e+00
-8.651881217956542969e-01,1.527506947517395020e+00,1.827752232551574707e+00
-5.579662322998046875e-01,1.567647457122802734e+00,1.894196271896362305e+00
-1.892656534910202026e-01,1.600749373435974121e+00,1.938127517700195312e+00
1.567411571741104126e-01,1.643323779106140137e+00,1.953616976737976074e+00
4.280570447444915771e-01,1.573004007339477539e+00,2.037341594696044922e+00
1.045966386795043945e+00,1.492181539535522461e+00,2.067642927169799805e+00
1.237095355987548828e+00,1.583434581756591797e+00,1.980967760086059570e+00
1.632092833518981934e+00,1.554452300071716309e+00,1.877203583717346191e+00
1.874040603637695312e+00,1.516998767852783203e+00,1.821040272712707520e+00
-4.257399141788482666e-01,1.803398609161376953e+00,1.786099314689636230e+00
-4.791234061121940613e-02,1.803683996200561523e+00,1.810580134391784668e+00
7.723411172628402710e-02,1.864949107170104980e+00,1.799394369125366211e+00
5.345845818519592285e-01,1.910109877586364746e+00,1.854440689086914062e+00
1.004446148872375488e+00,1.915358424186706543e+00,1.832823514938354492e+00
1.162204861640930176e+00,1.839884638786315918e+00,1.843591094017028809e+00
-4.708685874938964844e-01,-1.808482646942138672e+00,2.189758539199829102e+00
-1.517101824283599854e-01,-1.954831957817077637e+00,2.151890039443969727e+00
2.441780716180801392e-01,-1.915814757347106934e+00,2.195110082626342773e+00
4.194676578044891357e-01,-1.894180178642272949e+00,2.208578348159790039e+00
8.701174855232238770e-01,-1.863908052444458008e+00,2.185972690582275391e+00
1.198084712028503418e+00,-1.912706375122070312e+00,2.122342824935913086e+00
-8.215312361717224121e-01,-1.520787000656127930e+00,2.182294607162475586e+00
-5.654194951057434082e-01,-1.561515212059020996e+00,2.302389383316040039e+00
-6.718037277460098267e-02,-1.591161370277404785e+00,2.299821615219116211e+00
2.186465561389923096e-01,-1.486870050430297852e+00,2.336647510528564453e+00
5.572984814643859863e-01,-1.592267513275146484e+00,2.294605970382690430e+00
7.902142405509948730e-01,-1.586386919021606445e+00,2.304497241973876953e+00
1.171467185020446777e+00,-1.538435578346252441e+00,2.267999172210693359e+00
1.610751867294311523e+00,-1.574481368064880371e+00,2.180308818817138672e+00
1.839181661605834961e+00,-1.465644836425781250e+00,2.142539024353027344e+00
-8.908105492591857910e-01,-1.200531005859375000e+00,2.208629608154296875e+00
-4.897452592849731445e-01,-1.339374899864196777e+00,2.313339948654174805e+00
-2.295735329389572144e-01,-1.129892230033874512e+00,2.402190923690795898e+00
5.009338259696960449e-03,-1.239869475364685059e+00,2.427283525466918945e+00
6.768957376480102539e-01,-1.367128849029541016e+00,2.383740186691284180e+00
1.192575454711914062e+00,-1.206792593002319336e+00,2.347881317138671875e+00
1.623508691787719727e+00,-1.319859147071838379e+00,2.257098197937011719e+00
1.907082915306091309e+00,-1.151014685630798340e+00,2.185544967651367188e+00
-1.135447859764099121e+00,-9.238114356994628906e-01,2.162867546081542969e+00
-8.503996729850769043e-01,-8.722040653228759766e-01,2.296477556228637695e+00
-4.825418293476104736e-01,-7.189726829528808594e-01,2.416560411453247070e+00
-7.279631495475769043e-02,-9.519914388656616211e-01,2.440067291259765625e+00
1.038146853446960449e+00,-8.798221349716186523e-01,2.446225881576538086e+00
1.314519882202148438e+00,-8.486769199371337891e-01,2.386127948760986328e+00
1.573913216590881348e+00,-9.244384169578552246e-01,2.346186876296997070e+00
1.964066028594970703e+00,-8.042874932289123535e-01,2.292983770370483398e+00
2.168246269226074219e+00,-7.612076401710510254e-01,2.165833950042724609e+00
-1.432716608047485352e+00,-5.807182788848876953e-01,2.122161149978637695e+00
-1.265645265579223633e+00,-5.253859758377075195e-01,2.238934040069580078e+00
-8.558073639869689941e-01,-5.106468200683593750e-01,2.363049983978271484e+00
-5.414447784423828125e-01,-5.255585908889770508e-01,2.425129413604736328e+00
1.211788654327392578e+00,-5.833485722541809082e-01,2.397545814514160156e+00
2.186539411544799805e+00,-4.721223413944244385e-01,2.159280300140380859e+00
-1.432893395423889160e+00,-1.314957439899444580e-01,2.122881174087524414e+00
-1.208160996437072754e+00,-1.343799680471420288e-01,2.268799066543579102e+00
-8.651194572448730469e-01,-7.942924648523330688e-02,2.334805727005004883e+00
-5.630512833595275879e-01,-1.802723407745361328e-01,2.396014451980590820e+00
-3.193233609199523926e-01,-5.162353068590164185e-02,2.448103904724121094e+00
1.338168978691101074e+00,-3.198296427726745605e-01,2.398244619369506836e+00
1.560116052627563477e+00,-2.365987449884414673e-01,2.416825294494628906e+00
1.804697155952453613e+00,-2.968683540821075439e-01,2.295958995819091797e+00
2.316426277160644531e+00,-2.150511890649795532e-01,2.127730369567871094e+00
-1.270800709724426270e+00,1.536178290843963623e-01,2.181188106536865234e+00
-8.460298776626586914e-01,2.269393205642700195e-01,2.339277505874633789e+00
-5.148279070854187012e-01,1.931639015674591064e-01,2.398756265640258789e+00
-2.810990512371063232e-01,1.515313088893890381e-01,2.437795162200927734e+00
1.611500501632690430e+00,2.224578410387039185e-01,2.330592155456542969e+00
1.913824558258056641e+00,2.571029961109161377e-01,2.239712476730346680e+00
2.136787414550781250e+00,2.200500667095184326e-01,2.179518699645996094e+00
-1.153851509094238281e+00,5.042004585266113281e-01,2.190526008605957031e+00
-8.453353643417358398e-01,5.086761116981506348e-01,2.292968988418579102e+00
-5.252525806427001953e-01,5.654182434082031250e-01,2.344274759292602539e+00
-1.726614534854888916e-01,5.335461497306823730e-01,2.393181562423706055e+00
1.885787993669509888e-01,5.867720246315002441e-01,2.422714233398437500e+00
5.301970839500427246e-01,6.415585279464721680e-01,2.422961711883544922e+00
1.249016642570495605e+00,4.356861412525177002e-01,2.402919292449951172e+00
1.618933796882629395e+00,6.959174275398254395e-01,2.277520179748535156e+00
1.878529071807861328e+00,5.992450714111328125e-01,2.268440723419189453e+00
2.237115859985351562e+00,5.257509350776672363e-01,2.114209175109863281e+00
-1.107723712921142578e+00,7.229750752449035645e-01,2.167534351348876953e+00
-9.734213352203369141e-01,8.851917982101440430e-01,2.157373666763305664e+00
-5.239153504371643066e-01,7.922253012657165527e-01,2.273481369018554688e+00
-1.872670054435729980e-01,8.654403686523437500e-01,2.310509920120239258e+00
1.431421488523483276e-01,8.785811662673950195e-01,2.344172239303588867e+00
5.672298073768615723e-01,8.832305073738098145e-01,2.366903066635131836e+00
9.437422752380371094e-01,9.891584515571594238e-01,2.299697399139404297e+00
1.275956630706787109e+00,8.711458444595336914e-01,2.275823116302490234e+00
1.553344249725341797e+00,9.614875316619873047e-01,2.229855060577392578e+00
-8.043739199638366699e-01,1.107810974121093750e+00,2.114682197570800781e+00
-5.688866972923278809e-01,1.220332980155944824e+00,2.101670503616333008e+00
-1.442315429449081421e-01,1.160428166389465332e+00,2.197271108627319336e+00
1.964275836944580078e-01,1.284623861312866211e+00,2.205195665359497070e+00
5.260879993438720703e-01,1.194249272346496582e+00,2.268544435501098633e+00
8.695868253707885742e-01,1.245978832244873047e+00,2.220513105392456055e+00
1.224105834960937500e+00,1.219171047210693359e+00,2.207871675491333008e+00
1.441116690635681152e+00,1.119595527648925781e+00,2.203372955322265625e+00
3.365437686443328857e-01,-1.161715269088745117e+00,2.462095975875854492e+00
5.109955072402954102e-01,-1.223016023635864258e+00,2.465935230255126953e+00
-6.420900672674179077e-02,-8.201983571052551270e-01,2.452918291091918945e+00
1.418851166963577271e-01,-8.520327806472778320e-01,2.501316070556640625e+00
-3.767368197441101074e-01,-3.998451828956604004e-01,2.451195478439331055e+00
-1.832801550626754761e-01,-4.455783069133758545e-01,2.467163801193237305e+00
1.013392806053161621e+00,-5.204916000366210938e-01,2.465936422348022461e+00
-3.591701686382293701e-01,-2.798158526420593262e-01,2.450530767440795898e+00
-9.900776296854019165e-02,-1.165485829114913940e-01,2.485471248626708984e+00
1.541450321674346924e-01,-8.225400745868682861e-02,2.522830247879028320e+00
8.355337977409362793e-01,-1.901313811540603638e-01,2.510619401931762695e+00
1.401533484458923340e+00,-8.223312348127365112e-02,2.450861692428588867e+00
-1.301067024469375610e-01,9.862796217203140259e-02,2.468747377395629883e+00
1.482017189264297485e-01,9.717160463333129883e-02,2.512624025344848633e+00
5.617305636405944824e-01,1.544276475906372070e-01,2.530522823333740234e+00
8.477008342742919922e-01,1.504975110292434692e-01,2.492130756378173828e+00
1.253103852272033691e+00,2.276206016540527344e-01,2.456565856933593750e+00
1.787153333425521851e-01,4.130484461784362793e-01,2.466513872146606445e+00
4.945188164710998535e-01,4.398527145385742188e-01,2.487921476364135742e+00
9.083969593048095703e-01,4.278462529182434082e-01,2.485980033874511719e+00
