-2.595273256301879883e+00,-3.493175268173217773e+00,-2.550976991653442383e+00
-2.719139575958251953e+00,-2.513138771057128906e+00,-2.493527412414550781e+00
1.893851637840270996e+00,-2.474036455154418945e+00,-2.484874248504638672e+00
-2.717816829681396484e+00,-1.874890565872192383e+00,-2.530335664749145508e+00
-2.704745769500732422e+00,-1.653548717498779297e+00,-2.508342981338500977e+00
-2.693215370178222656e+00,-1.245304584503173828e+00,-2.475356340408325195e+00
-2.606814146041870117e+00,-7.413276433944702148e-01,-2.455899715423583984e+00
-2.604014158248901367e+00,2.234205305576324463e-01,-2.471941709518432617e+00
2.278070926666259766e+00,1.090103164315223694e-01,-2.490327835083007812e+00
-2.614251375198364258e+00,3.562251925468444824e-01,-2.498177289962768555e+00
2.120736837387084961e+00,5.472694039344787598e-01,-2.515323162078857422e+00
-2.355473279953002930e+00,9.822268486022949219e-01,-2.499539613723754883e+00
2.351404666900634766e+00,1.215080022811889648e+00,-2.497394800186157227e+00
-2.377533197402954102e+00,1.488108634948730469e+00,-2.454095602035522461e+00
2.450242042541503906e+00,1.541225433349609375e+00,-2.511734962463378906e+00
2.483487606048583984e+00,1.802815318107604980e+00,-2.507287740707397461e+00
2.537311077117919922e+00,2.249735116958618164e+00,-2.499140262603759766e+00
2.568236589431762695e+00,2.463575124740600586e+00,-2.482484817504882812e+00
2.504979372024536133e+00,3.631654262542724609e+00,-2.533472061157226562e+00
-1.918806791305541992e+00,4.072603702545166016e+00,-2.552451372146606445e+00
2.272160530090332031e+00,4.048351764678955078e+00,-2.542625427246093750e+00
2.207689762115478516e+00,4.748485565185546875e+00,-2.455609560012817383e+00
-5.127824544906616211e-01,-4.602371215820312500e+00,-2.234612464904785156e+00
-2.820226848125457764e-01,-4.593848705291748047e+00,-2.201385974884033203e+00
1.868648976087570190e-01,-4.679010391235351562e+00,-2.221022129058837891e+00
5.112019181251525879e-01,-4.705608844757080078e+00,-2.161553382873535156e+00
7.986586093902587891e-01,-4.666210651397705078e+00,-2.213381528854370117e+00
-2.241155624389648438e+00,-4.343982696533203125e+00,-2.152606487274169922e+00
-1.899380803108215332e+00,-4.515984535217285156e+00,-2.229620933532714844e+00
-1.603772997856140137e+00,-4.385125637054443359e+00,-2.207774639129638672e+00
-1.065155506134033203e+00,-4.446494579315185547e+00,-2.209583759307861328e+00
-9.150457382202148438e-01,-4.499042034149169922e+00,-2.269058465957641602e+00
-6.670826077461242676e-01,-4.510845184326171875e+00,-2.145761728286743164e+00
1.010112285614013672e+00,-4.548401832580566406e+00,-2.313447952270507812e+00
1.187661886215209961e+00,-4.465889930725097656e+00,-2.250926733016967773e+00
-2.263792037963867188e+00,-3.983111381530761719e+00,-2.254819631576538086e+00
1.595191240310668945e+00,-4.156168937683105469e+00,-2.254808902740478516e+00
-2.522763729095458984e+00,-3.609433889389038086e+00,-2.299858093261718750e+00
1.836900115013122559e+00,-3.659838438034057617e+00,-2.248987913131713867e+00
-2.612707138061523438e+00,-3.395889043807983398e+00,-2.314117431640625000e+00
1.927992224693298340e+00,-3.411677598953247070e+00,-2.257436990737915039e+00
2.160374402999877930e+00,-3.191381931304931641e+00,-2.372787714004516602e+00
2.099743843078613281e+00,-3.130058050155639648e+00,-2.250476121902465820e+00
2.120772123336791992e+00,-2.988344192504882812e+00,-2.220622301101684570e+00
-2.859142541885375977e+00,-2.479576110839843750e+00,-2.323261022567749023e+00
-2.719247817993164062e+00,-2.703606843948364258e+00,-2.445869445800781250e+00
1.962284207344055176e+00,-2.719434022903442383e+00,-2.347283601760864258e+00
2.148520231246948242e+00,-2.625587940216064453e+00,-2.159607410430908203e+00
-2.760124921798706055e+00,-2.275890588760375977e+00,-2.445043802261352539e+00
2.022060394287109375e+00,-2.269234180450439453e+00,-2.413792848587036133e+00
2.207017898559570312e+00,-2.123525142669677734e+00,-2.203510999679565430e+00
-2.729249238967895508e+00,-1.976777434349060059e+00,-2.346175909042358398e+00
2.138476848602294922e+00,-1.919214248657226562e+00,-2.392441987991333008e+00
-2.725914001464843750e+00,-1.541480660438537598e+00,-2.233567714691162109e+00
2.174830436706542969e+00,-1.560072660446166992e+00,-2.260275363922119141e+00
2.105445384979248047e+00,-1.186483025550842285e+00,-2.388390779495239258e+00
-2.698777675628662109e+00,-8.938018083572387695e-01,-2.297475337982177734e+00
-2.680739879608154297e+00,-5.216842889785766602e-01,-2.196712017059326172e+00
-2.637736797332763672e+00,-2.772828042507171631e-01,-2.211250782012939453e+00
2.253790378570556641e+00,-2.675800621509552002e-01,-2.272036075592041016e+00
-2.593828678131103516e+00,2.365154922008514404e-01,-2.334383964538574219e+00
2.343387842178344727e+00,1.557949930429458618e-01,-2.207826375961303711e+00
-2.522891759872436523e+00,6.991288661956787109e-01,-2.340652942657470703e+00
-2.527878999710083008e+00,9.067363739013671875e-01,-2.190978288650512695e+00
2.435164928436279297e+00,7.396751046180725098e-01,-2.221576929092407227e+00
2.477713823318481445e+00,9.573293328285217285e-01,-2.181627988815307617e+00
-2.483860254287719727e+00,1.163024663925170898e+00,-2.325704336166381836e+00
2.480786800384521484e+00,1.205119848251342773e+00,-2.175306320190429688e+00
-2.426799535751342773e+00,1.601548790931701660e+00,-2.252562046051025391e+00
2.501281499862670898e+00,1.582653403282165527e+00,-2.339486837387084961e+00
-2.265554189682006836e+00,1.879702568054199219e+00,-2.341567039489746094e+00
2.595176219940185547e+00,1.906184673309326172e+00,-2.188780784606933594e+00
-2.244678974151611328e+00,2.663866281509399414e+00,-2.335869789123535156e+00
2.545197486877441406e+00,2.646644353866577148e+00,-2.418536663055419922e+00
-2.182200193405151367e+00,2.958006143569946289e+00,-2.360646724700927734e+00
2.617977857589721680e+00,2.960515260696411133e+00,-2.273910045623779297e+00
-2.193284034729003906e+00,3.286893129348754883e+00,-2.252883672714233398e+00
2.622702836990356445e+00,3.356169700622558594e+00,-2.271225452423095703e+00
-2.151406526565551758e+00,3.629251718521118164e+00,-2.335726737976074219e+00
2.641128063201904297e+00,3.668548583984375000e+00,-2.292112588882446289e+00
-1.994173645973205566e+00,4.072331905364990234e+00,-2.333117961883544922e+00
2.540211200714111328e+00,4.075458049774169922e+00,-2.345444440841674805e+00
-1.937085390090942383e+00,4.419524192810058594e+00,-2.260108947753906250e+00
2.300241470336914062e+00,4.389216423034667969e+00,-2.247539758682250977e+00
2.476047277450561523e+00,4.260253906250000000e+00,-2.267686843872070312e+00
-1.833346724510192871e+00,4.601609706878662109e+00,-2.322597503662109375e+00
1.722565889358520508e+00,4.879959106445312500e+00,-2.134460687637329102e+00
1.963327407836914062e+00,4.743033409118652344e+00,-2.265559911727905273e+00
2.181957483291625977e+00,4.574383735656738281e+00,-2.396154165267944336e+00
-1.547928333282470703e+00,5.105563163757324219e+00,-2.324968338012695312e+00
-1.260812520980834961e+00,5.210135459899902344e+00,-2.203062772750854492e+00
-7.347043752670288086e-01,5.146385192871093750e+00,-2.182378530502319336e+00
-1.212334781885147095e-01,5.155158042907714844e+00,-2.130684852600097656e+00
5.811946839094161987e-02,5.172766208648681641e+00,-2.241169214248657227e+00
4.880511164665222168e-01,5.088366508483886719e+00,-2.203291177749633789e+00
8.005996942520141602e-01,5.141845703125000000e+00,-2.152014017105102539e+00
1.939339399337768555e+00,4.943408012390136719e+00,-2.338784694671630859e+00
-1.186749100685119629e+00,5.270557403564453125e+00,-2.311763286590576172e+00
-8.110496997833251953e-01,5.274260997772216797e+00,-2.279886722564697266e+00
-5.955144762992858887e-01,5.404123783111572266e+00,-2.122220754623413086e+00
-8.194287121295928955e-02,5.278982162475585938e+00,-2.356675148010253906e+00
8.759559392929077148e-01,5.368302345275878906e+00,-2.222061634063720703e+00
1.324586510658264160e+00,5.371061801910400391e+00,-2.182529211044311523e+00
-3.484267368912696838e-02,-4.572134971618652344e+00,-1.941588401794433594e+00
1.681411862373352051e-01,-4.601305961608886719e+00,-1.958089828491210938e+00
4.266642332077026367e-01,-4.609726428985595703e+00,-1.939470767974853516e+00
8.001524209976196289e-01,-4.580443382263183594e+00,-2.010596036911010742e+00
-1.870137810707092285e+00,-4.215635299682617188e+00,-1.886239767074584961e+00
-1.578495621681213379e+00,-4.318730831146240234e+00,-1.915956854820251465e+00
-1.229249477386474609e+00,-4.366638183593750000e+00,-1.966727018356323242e+00
-8.212687969207763672e-01,-4.408558368682861328e+00,-1.939277648925781250e+00
-4.476641118526458740e-01,-4.512763977050781250e+00,-1.852049231529235840e+00
-1.825501769781112671e-01,-4.534436225891113281e+00,-1.838626027107238770e+00
8.334887027740478516e-01,-4.530004024505615234e+00,-1.932431817054748535e+00
1.177171945571899414e+00,-4.426130294799804688e+00,-1.933629274368286133e+00
1.448191404342651367e+00,-4.240994453430175781e+00,-2.022011518478393555e+00
-2.158946990966796875e+00,-4.026203155517578125e+00,-1.883975267410278320e+00
1.638480186462402344e+00,-4.096425533294677734e+00,-1.907912373542785645e+00
1.763284683227539062e+00,-4.061370849609375000e+00,-1.998377323150634766e+00
-2.428521156311035156e+00,-3.692893981933593750e+00,-2.038438796997070312e+00
1.897006630897521973e+00,-3.648822069168090820e+00,-1.952883243560791016e+00
-2.604209423065185547e+00,-3.420250654220581055e+00,-1.899728655815124512e+00
2.053395271301269531e+00,-3.309688091278076172e+00,-1.862901210784912109e+00
2.102991342544555664e+00,-3.365307331085205078e+00,-1.902360677719116211e+00
-2.740528583526611328e+00,-2.892304897308349609e+00,-1.892545461654663086e+00
2.045266866683959961e+00,-2.934845209121704102e+00,-1.904529929161071777e+00
-2.802698850631713867e+00,-2.522614717483520508e+00,-1.923271894454956055e+00
-2.774423837661743164e+00,-2.649122953414916992e+00,-1.848785877227783203e+00
2.061946630477905273e+00,-2.715853452682495117e+00,-1.846285223960876465e+00
2.128449678421020508e+00,-2.589445352554321289e+00,-2.054272413253784180e+00
2.176763296127319336e+00,-2.276913404464721680e+00,-1.894147753715515137e+00
2.155016899108886719e+00,-1.809002161026000977e+00,-2.003809690475463867e+00
-2.752954244613647461e+00,-1.718916654586791992e+00,-2.072468280792236328e+00
2.175153493881225586e+00,-1.590036749839782715e+00,-1.851719260215759277e+00
-2.748706102371215820e+00,-1.220066189765930176e+00,-1.890410661697387695e+00
2.235416412353515625e+00,-1.316371798515319824e+00,-1.934268116950988770e+00
-2.696568012237548828e+00,-8.462285399436950684e-01,-1.898589372634887695e+00
2.323744535446166992e+00,-8.277542591094970703e-01,-1.849793195724487305e+00
-2.682360172271728516e+00,-5.925760269165039062e-01,-1.959640741348266602e+00
2.352901697158813477e+00,-5.693108439445495605e-01,-1.910122036933898926e+00
-2.675041675567626953e+00,-1.662853509187698364e-01,-1.909462213516235352e+00
2.397447109222412109e+00,-2.385083436965942383e-01,-1.956859111785888672e+00
-2.625485181808471680e+00,1.990778893232345581e-01,-1.858219861984252930e+00
2.388897180557250977e+00,1.641309857368469238e-01,-1.939189195632934570e+00
-2.605734586715698242e+00,4.546044170856475830e-01,-1.803715825080871582e+00
2.432528018951416016e+00,4.582257270812988281e-01,-1.934624791145324707e+00
2.476108551025390625e+00,6.118174195289611816e-01,-1.904863953590393066e+00
-2.563420295715332031e+00,8.751435279846191406e-01,-1.900936961174011230e+00
2.498642683029174805e+00,8.784879446029663086e-01,-1.912713050842285156e+00
-2.500937461853027344e+00,1.254341006278991699e+00,-1.929360747337341309e+00
2.502598762512207031e+00,1.220836043357849121e+00,-1.912281513214111328e+00
2.571940183639526367e+00,1.525945067405700684e+00,-1.944609642028808594e+00
-2.373919725418090820e+00,1.963436126708984375e+00,-1.996950626373291016e+00
2.658869743347167969e+00,1.841669082641601562e+00,-1.964651465415954590e+00
-2.329729080200195312e+00,2.417195320129394531e+00,-1.843710184097290039e+00
2.621605873107910156e+00,2.279191017150878906e+00,-1.944036960601806641e+00
-2.305518627166748047e+00,2.642886877059936523e+00,-1.923115849494934082e+00
2.622188568115234375e+00,2.719957113265991211e+00,-1.970581889152526855e+00
-2.245810985565185547e+00,2.951985836029052734e+00,-1.770531535148620605e+00
2.638255357742309570e+00,3.021711111068725586e+00,-1.922685861587524414e+00
-2.215505361557006836e+00,3.402585268020629883e+00,-1.921846747398376465e+00
2.615328311920166016e+00,3.297161579132080078e+00,-1.897923827171325684e+00
-2.218852519989013672e+00,3.647352218627929688e+00,-1.948472499847412109e+00
2.591815710067749023e+00,3.747478485107421875e+00,-1.928087353706359863e+00
-2.142170429229736328e+00,4.055899620056152344e+00,-1.952300071716308594e+00
-2.082490444183349609e+00,4.135495662689208984e+00,-2.087180852890014648e+00
2.517886877059936523e+00,4.015199661254882812e+00,-1.998956084251403809e+00
-2.012582063674926758e+00,4.362252235412597656e+00,-1.933824777603149414e+00
2.438340425491333008e+00,4.269200325012207031e+00,-2.046245336532592773e+00
-1.890405893325805664e+00,4.587955474853515625e+00,-2.039713621139526367e+00
-1.604515075683593750e+00,4.763216495513916016e+00,-1.911580443382263184e+00
1.573722839355468750e+00,4.878891468048095703e+00,-1.894570589065551758e+00
1.879145264625549316e+00,4.674581527709960938e+00,-1.918784499168395996e+00
-1.436240792274475098e+00,4.942942142486572266e+00,-1.903011202812194824e+00
-1.275364637374877930e+00,5.144409656524658203e+00,-2.021297216415405273e+00
-7.816182374954223633e-01,5.147464275360107422e+00,-1.784904599189758301e+00
-5.771999359130859375e-01,5.155542373657226562e+00,-1.868776917457580566e+00
-7.158340513706207275e-02,5.095926284790039062e+00,-1.904526829719543457e+00
2.292924523353576660e-01,5.072458267211914062e+00,-1.957722187042236328e+00
4.622135162353515625e-01,5.054366111755371094e+00,-1.902161121368408203e+00
8.833894729614257812e-01,5.139938354492187500e+00,-1.930305600166320801e+00
1.224620699882507324e+00,5.047653198242187500e+00,-1.928697109222412109e+00
1.424827337265014648e+00,4.984137535095214844e+00,-1.893619298934936523e+00
-5.512483716011047363e-01,5.251099586486816406e+00,-2.089476346969604492e+00
-1.569886803627014160e+00,-4.262808799743652344e+00,-1.573337674140930176e+00
-1.182189226150512695e+00,-4.351802825927734375e+00,-1.446646571159362793e+00
-9.315520524978637695e-01,-4.389788627624511719e+00,-1.450435400009155273e+00
-5.937496423721313477e-01,-4.433149337768554688e+00,-1.638191699981689453e+00
-2.014803439378738403e-01,-4.493439197540283203e+00,-1.576744675636291504e+00
1.413983255624771118e-01,-4.526425838470458984e+00,-1.543160319328308105e+00
5.476604104042053223e-01,-4.519807815551757812e+00,-1.525657892227172852e+00
8.694135546684265137e-01,-4.449125289916992188e+00,-1.570899844169616699e+00
1.239173412322998047e+00,-4.313655853271484375e+00,-1.581031084060668945e+00
1.442011833190917969e+00,-4.221312522888183594e+00,-1.629699110984802246e+00
-2.248249053955078125e+00,-3.906496524810791016e+00,-1.626761674880981445e+00
-1.943092584609985352e+00,-4.109780788421630859e+00,-1.579388856887817383e+00
1.572193980216979980e+00,-4.051841735839843750e+00,-1.550642251968383789e+00
-2.465720176696777344e+00,-3.597644805908203125e+00,-1.577773094177246094e+00
-2.385017156600952148e+00,-3.722874164581298828e+00,-1.675374388694763184e+00
1.730483770370483398e+00,-3.813019275665283203e+00,-1.435890793800354004e+00
1.811247348785400391e+00,-3.637096881866455078e+00,-1.556288242340087891e+00
-2.603462219238281250e+00,-3.312361478805541992e+00,-1.593605399131774902e+00
1.887660145759582520e+00,-3.324764490127563477e+00,-1.502827286720275879e+00
-2.705669164657592773e+00,-2.945435523986816406e+00,-1.596468806266784668e+00
1.962246894836425781e+00,-3.017256498336791992e+00,-1.587742924690246582e+00
-2.776684522628784180e+00,-2.494112491607666016e+00,-1.560721755027770996e+00
2.027681827545166016e+00,-2.681199312210083008e+00,-1.526049852371215820e+00
-2.766217231750488281e+00,-2.281016111373901367e+00,-1.575381278991699219e+00
2.094084262847900391e+00,-2.236533164978027344e+00,-1.493984341621398926e+00
2.110225200653076172e+00,-2.188904285430908203e+00,-1.525143146514892578e+00
-2.744349956512451172e+00,-1.938792228698730469e+00,-1.578824043273925781e+00
2.106275558471679688e+00,-1.941918492317199707e+00,-1.452937602996826172e+00
-2.719466686248779297e+00,-1.636149525642395020e+00,-1.570916295051574707e+00
2.155740261077880859e+00,-1.555263280868530273e+00,-1.565295219421386719e+00
-2.695387125015258789e+00,-1.229837536811828613e+00,-1.617744565010070801e+00
2.273976564407348633e+00,-1.212082028388977051e+00,-1.680491805076599121e+00
2.336009740829467773e+00,-9.149925708770751953e-01,-1.662423133850097656e+00
-2.635189294815063477e+00,-4.695351421833038330e-01,-1.632606148719787598e+00
2.287462711334228516e+00,-5.530000329017639160e-01,-1.527888178825378418e+00
-2.623072147369384766e+00,-1.660571098327636719e-01,-1.677920460700988770e+00
2.332180023193359375e+00,-1.360951364040374756e-01,-1.570319414138793945e+00
-2.583937406539916992e+00,3.272189795970916748e-01,-1.632065296173095703e+00
2.366317749023437500e+00,9.717068076133728027e-02,-1.625016570091247559e+00
-2.572153806686401367e+00,4.716858267784118652e-01,-1.551404953002929688e+00
2.474332094192504883e+00,6.081075072288513184e-01,-1.698344707489013672e+00
-2.545385360717773438e+00,9.369585514068603516e-01,-1.612381696701049805e+00
2.434258460998535156e+00,9.358913898468017578e-01,-1.577860474586486816e+00
-2.507522106170654297e+00,1.159070849418640137e+00,-1.452866554260253906e+00
2.438529968261718750e+00,1.129729509353637695e+00,-1.559733152389526367e+00
2.456315040588378906e+00,1.318802952766418457e+00,-1.545543432235717773e+00
-2.421433210372924805e+00,1.640827536582946777e+00,-1.613623619079589844e+00
2.511369705200195312e+00,1.631368398666381836e+00,-1.456606149673461914e+00
-2.393269062042236328e+00,1.978505253791809082e+00,-1.563459038734436035e+00
-2.376323223114013672e+00,2.244843959808349609e+00,-1.559687376022338867e+00
2.593439102172851562e+00,2.313383340835571289e+00,-1.580428481101989746e+00
2.605961322784423828e+00,2.588227748870849609e+00,-1.525233983993530273e+00
-2.273990392684936523e+00,2.982652664184570312e+00,-1.526444077491760254e+00
2.605877876281738281e+00,2.988542079925537109e+00,-1.538103580474853516e+00
-2.233836412429809570e+00,3.212088823318481445e+00,-1.418794035911560059e+00
2.595417261123657227e+00,3.370107889175415039e+00,-1.523602962493896484e+00
-2.211067914962768555e+00,3.609860897064208984e+00,-1.641611814498901367e+00
2.581508636474609375e+00,3.600621223449707031e+00,-1.615927219390869141e+00
-2.117882728576660156e+00,3.945748805999755859e+00,-1.545628905296325684e+00
-2.078787326812744141e+00,4.123132705688476562e+00,-1.601204156875610352e+00
-2.006781101226806641e+00,4.319360256195068359e+00,-1.598258137702941895e+00
2.079955101013183594e+00,4.496894359588623047e+00,-1.665073633193969727e+00
2.217567920684814453e+00,4.380571842193603516e+00,-1.579733252525329590e+00
-1.833688974380493164e+00,4.624471664428710938e+00,-1.553031206130981445e+00
1.619155287742614746e+00,4.833714962005615234e+00,-1.707139372825622559e+00
-1.285518527030944824e+00,4.997297286987304688e+00,-1.593261122703552246e+00
-1.035014390945434570e+00,5.092329978942871094e+00,-1.534612298011779785e+00
-5.163872838020324707e-01,5.123052120208740234e+00,-1.579974651336669922e+00
1.489995121955871582e-01,5.158671379089355469e+00,-1.569943666458129883e+00
5.056104660034179688e-01,5.092187881469726562e+00,-1.478043437004089355e+00
8.169117569923400879e-01,5.032296180725097656e+00,-1.570305228233337402e+00
-1.580151319503784180e+00,-4.258797645568847656e+00,-1.209757566452026367e+00
-1.211471438407897949e+00,-4.331546783447265625e+00,-1.223528861999511719e+00
-8.471321463584899902e-01,-4.387599468231201172e+00,-1.252564311027526855e+00
-5.485169887542724609e-01,-4.428242206573486328e+00,-1.231893658638000488e+00
-2.458278238773345947e-01,-4.479522228240966797e+00,-1.251577854156494141e+00
2.343018501996994019e-01,-4.529457092285156250e+00,-1.259622573852539062e+00
5.306633114814758301e-01,-4.526904106140136719e+00,-1.219301223754882812e+00
8.978866934776306152e-01,-4.437764167785644531e+00,-1.281447887420654297e+00
1.183534622192382812e+00,-4.281511306762695312e+00,-1.209479570388793945e+00
-2.135020494461059570e+00,-4.003671646118164062e+00,-1.146732807159423828e+00
1.550629734992980957e+00,-3.989471197128295898e+00,-1.313361048698425293e+00
-2.491816043853759766e+00,-3.602396965026855469e+00,-1.271663665771484375e+00
-2.434099912643432617e+00,-3.659326076507568359e+00,-1.088463544845581055e+00
1.688787102699279785e+00,-3.794079780578613281e+00,-1.238469481468200684e+00
1.833656311035156250e+00,-3.504112720489501953e+00,-1.065970659255981445e+00
-2.587838172912597656e+00,-3.371075153350830078e+00,-1.080294966697692871e+00
1.894069433212280273e+00,-3.366137027740478516e+00,-1.398299694061279297e+00
-2.681634902954101562e+00,-3.081958532333374023e+00,-1.202261209487915039e+00
1.972634911537170410e+00,-2.989162445068359375e+00,-1.312781691551208496e+00
-2.779726028442382812e+00,-2.617459058761596680e+00,-1.193636417388916016e+00
2.052685499191284180e+00,-2.630431890487670898e+00,-1.276519417762756348e+00
-2.779198884963989258e+00,-2.310591936111450195e+00,-1.137228488922119141e+00
2.104253768920898438e+00,-2.234017848968505859e+00,-1.353236436843872070e+00
-2.764837026596069336e+00,-1.892284870147705078e+00,-1.279364705085754395e+00
2.088534355163574219e+00,-1.927789568901062012e+00,-1.163185596466064453e+00
2.104463577270507812e+00,-1.936168313026428223e+00,-1.241544365882873535e+00
2.132866621017456055e+00,-1.595599174499511719e+00,-1.154840826988220215e+00
-2.696643114089965820e+00,-1.077183485031127930e+00,-1.086280941963195801e+00
2.218729257583618164e+00,-1.275174617767333984e+00,-1.322863221168518066e+00
-2.689332723617553711e+00,-1.008773326873779297e+00,-1.313742876052856445e+00
2.259354591369628906e+00,-8.570513129234313965e-01,-1.217165708541870117e+00
-2.660306215286254883e+00,-5.385391116142272949e-01,-1.232627868652343750e+00
2.266189575195312500e+00,-5.316879153251647949e-01,-1.238416314125061035e+00
-2.583417892456054688e+00,-2.277752608060836792e-01,-1.140489459037780762e+00
2.315378427505493164e+00,-1.594144254922866821e-01,-1.260600566864013672e+00
-2.557733535766601562e+00,2.935229539871215820e-01,-1.177128791809082031e+00
2.358125925064086914e+00,1.251120567321777344e-01,-1.197804927825927734e+00
2.402444839477539062e+00,5.268648862838745117e-01,-1.232515096664428711e+00
-2.551349163055419922e+00,9.926093816757202148e-01,-1.153947353363037109e+00
2.440450429916381836e+00,8.549821972846984863e-01,-1.299683928489685059e+00
-2.492272615432739258e+00,1.233943223953247070e+00,-1.152604103088378906e+00
2.451678752899169922e+00,1.070212721824645996e+00,-1.202717065811157227e+00
-2.459249258041381836e+00,1.555775880813598633e+00,-1.212160944938659668e+00
-2.436306476593017578e+00,1.732450962066650391e+00,-1.368139386177062988e+00
2.448518276214599609e+00,1.620373845100402832e+00,-1.305519700050354004e+00
2.466544628143310547e+00,1.485017299652099609e+00,-1.231179594993591309e+00
-2.415883779525756836e+00,1.909382939338684082e+00,-1.237590432167053223e+00
2.441862583160400391e+00,1.752554655075073242e+00,-1.183350205421447754e+00
2.497103929519653320e+00,1.938161969184875488e+00,-1.092099666595458984e+00
-2.357299566268920898e+00,2.278882503509521484e+00,-1.262493968009948730e+00
-2.322291135787963867e+00,2.638354301452636719e+00,-1.162490725517272949e+00
2.609393358230590820e+00,2.665334939956665039e+00,-1.166555643081665039e+00
-2.305479526519775391e+00,2.990092039108276367e+00,-1.154031991958618164e+00
2.603474378585815430e+00,3.019558191299438477e+00,-1.151165843009948730e+00
-2.248054742813110352e+00,3.276745080947875977e+00,-1.253975868225097656e+00
2.591579914093017578e+00,3.451078176498413086e+00,-1.170559525489807129e+00
-2.146810770034790039e+00,3.665625333786010742e+00,-1.161816477775573730e+00
-2.119520664215087891e+00,3.872314453125000000e+00,-1.226279497146606445e+00
-1.982907891273498535e+00,4.198630809783935547e+00,-1.296001791954040527e+00
2.393243789672851562e+00,4.113250732421875000e+00,-1.289797186851501465e+00
-1.955677747726440430e+00,4.371698379516601562e+00,-1.130324602127075195e+00
2.284309387207031250e+00,4.264741897583007812e+00,-1.248699665069580078e+00
-1.923912048339843750e+00,4.589957714080810547e+00,-1.372393608093261719e+00
-1.610139250755310059e+00,4.807472705841064453e+00,-1.189501881599426270e+00
1.902945160865783691e+00,4.652502536773681641e+00,-1.240574240684509277e+00
-1.418642878532409668e+00,4.928225517272949219e+00,-1.333089351654052734e+00
-1.272169351577758789e+00,5.019464015960693359e+00,-1.139716982841491699e+00
-8.179710507392883301e-01,5.152112960815429688e+00,-1.060456514358520508e+00
-4.687462747097015381e-01,5.155883789062500000e+00,-1.185939788818359375e+00
-2.475818395614624023e-01,5.134646415710449219e+00,-1.215963125228881836e+00
1.152823418378829956e-01,5.116214275360107422e+00,-1.194127082824707031e+00
5.753186345100402832e-01,4.934076309204101562e+00,-1.274747729301452637e+00
8.516517281532287598e-01,5.019583225250244141e+00,-1.211295247077941895e+00
1.200133562088012695e+00,4.997487545013427734e+00,-1.302794218063354492e+00
-1.565587162971496582e+00,-4.277853965759277344e+00,-8.535863161087036133e-01
-1.257971763610839844e+00,-4.342721462249755859e+00,-9.153034090995788574e-01
-8.990043997764587402e-01,-4.389745712280273438e+00,-9.080609679222106934e-01
-5.437160730361938477e-01,-4.450936317443847656e+00,-8.145278096199035645e-01
-1.996482163667678833e-01,-4.498917102813720703e+00,-9.128906130790710449e-01
1.817145645618438721e-01,-4.533226966857910156e+00,-9.166488647460937500e-01
5.798873901367187500e-01,-4.531256675720214844e+00,-7.122488021850585938e-01
9.242398142814636230e-01,-4.434196472167968750e+00,-8.171409368515014648e-01
-2.181214809417724609e+00,-3.951077938079833984e+00,-9.984992146492004395e-01
-2.017472505569458008e+00,-4.051808834075927734e+00,-8.508477210998535156e-01
1.550385117530822754e+00,-3.995994091033935547e+00,-8.807972669601440430e-01
-2.505193710327148438e+00,-3.581005096435546875e+00,-8.759366273880004883e-01
-2.654707908630371094e+00,-3.197097063064575195e+00,-8.515385985374450684e-01
1.884554147720336914e+00,-3.293274879455566406e+00,-7.869402170181274414e-01
-2.738731622695922852e+00,-2.884804725646972656e+00,-8.762018680572509766e-01
1.981484413146972656e+00,-3.037471055984497070e+00,-8.179842829704284668e-01
-2.780689954757690430e+00,-2.639786243438720703e+00,-8.220776319503784180e-01
2.108400821685791016e+00,-2.642955780029296875e+00,-7.343689203262329102e-01
-2.788613319396972656e+00,-2.350598096847534180e+00,-9.047222137451171875e-01
2.150147676467895508e+00,-2.260587215423583984e+00,-7.676606774330139160e-01
2.141443490982055664e+00,-1.752171635627746582e+00,-7.176039218902587891e-01
-2.734875440597534180e+00,-1.624784350395202637e+00,-1.043260216712951660e+00
2.145867824554443359e+00,-1.505377411842346191e+00,-8.537809252738952637e-01
-2.691643238067626953e+00,-1.241151571273803711e+00,-8.838980197906494141e-01
2.170512199401855469e+00,-1.252983331680297852e+00,-8.484877943992614746e-01
2.232663869857788086e+00,-8.771864771842956543e-01,-8.373038172721862793e-01
-2.664851665496826172e+00,-6.843502521514892578e-01,-8.710426688194274902e-01
2.225597143173217773e+00,-5.236901640892028809e-01,-8.526113629341125488e-01
2.347348928451538086e+00,1.437126696109771729e-01,-7.974068522453308105e-01
-2.459747791290283203e+00,6.415351033210754395e-01,-1.003120303153991699e+00
2.397264480590820312e+00,4.487445950508117676e-01,-7.964218854904174805e-01
2.445557832717895508e+00,9.154166579246520996e-01,-8.946744799613952637e-01
-2.483132839202880859e+00,1.070812225341796875e+00,-8.740546703338623047e-01
-2.431474447250366211e+00,1.260329961776733398e+00,-7.935269474983215332e-01
2.422662973403930664e+00,1.213634610176086426e+00,-7.105591893196105957e-01
2.456825256347656250e+00,1.140199422836303711e+00,-9.743001461029052734e-01
-2.460297584533691406e+00,1.543726682662963867e+00,-1.046324491500854492e+00
-2.409395694732666016e+00,1.563693046569824219e+00,-8.122794032096862793e-01
2.446540832519531250e+00,1.669255375862121582e+00,-1.023634791374206543e+00
-2.386686801910400391e+00,1.993796348571777344e+00,-8.833103179931640625e-01
2.547171592712402344e+00,2.067358970642089844e+00,-7.835332155227661133e-01
-2.362591266632080078e+00,2.180899381637573242e+00,-8.362102508544921875e-01
2.589015960693359375e+00,2.269647836685180664e+00,-7.109783887863159180e-01
-2.314784526824951172e+00,2.693115234375000000e+00,-9.392793178558349609e-01
2.610144853591918945e+00,2.554999351501464844e+00,-1.000831127166748047e+00
-2.305236816406250000e+00,2.896022319793701172e+00,-8.578948974609375000e-01
2.595965385437011719e+00,2.938774108886718750e+00,-8.183989524841308594e-01
-2.246130704879760742e+00,3.255946159362792969e+00,-9.608309864997863770e-01
2.593095779418945312e+00,3.437280654907226562e+00,-8.731207251548767090e-01
-2.162146091461181641e+00,3.652404785156250000e+00,-8.719463348388671875e-01
-1.926083445549011230e+00,4.458564758300781250e+00,-9.368469715118408203e-01
2.089402675628662109e+00,4.501854896545410156e+00,-1.022242903709411621e+00
-1.876938462257385254e+00,4.620256900787353516e+00,-8.224719762802124023e-01
-1.618315339088439941e+00,4.823318481445312500e+00,-9.925088882446289062e-01
1.647748351097106934e+00,4.838081359863281250e+00,-1.033343791961669922e+00
1.925562739372253418e+00,4.653085708618164062e+00,-8.413068652153015137e-01
-1.209268093109130859e+00,5.043655395507812500e+00,-7.294123768806457520e-01
-8.692463636398315430e-01,5.134365081787109375e+00,-8.273851275444030762e-01
-5.562489032745361328e-01,5.161886215209960938e+00,-8.999968767166137695e-01
-6.699326634407043457e-02,5.108622074127197266e+00,-9.200749397277832031e-01
3.013328015804290771e-01,5.091377258300781250e+00,-9.986582398414611816e-01
8.991835713386535645e-01,5.128830909729003906e+00,-8.418841361999511719e-01
1.258737683296203613e+00,4.998551845550537109e+00,-8.368253707885742188e-01
5.775973200798034668e-01,-4.551690578460693359e+00,-4.954484105110168457e-01
-1.658444881439208984e+00,-4.236624717712402344e+00,-5.520458817481994629e-01
-1.158446192741394043e+00,-4.361462116241455078e+00,-5.659036636352539062e-01
-8.530704975128173828e-01,-4.386431217193603516e+00,-4.847164452075958252e-01
-6.802003979682922363e-01,-4.424812316894531250e+00,-6.043314337730407715e-01
-1.166020482778549194e-01,-4.546200752258300781e+00,-3.804774880409240723e-01
1.708961725234985352e-01,-4.541684627532958984e+00,-4.701221287250518799e-01
5.785904526710510254e-01,-4.542144298553466797e+00,-5.142182707786560059e-01
7.855448722839355469e-01,-4.509178161621093750e+00,-3.875032067298889160e-01
1.195409417152404785e+00,-4.264007568359375000e+00,-5.024563670158386230e-01
-2.238273382186889648e+00,-3.909718036651611328e+00,-6.094698905944824219e-01
-1.959480047225952148e+00,-4.095093727111816406e+00,-5.760876536369323730e-01
1.594488382339477539e+00,-3.948646545410156250e+00,-5.451611876487731934e-01
-2.526727914810180664e+00,-3.604727983474731445e+00,-4.676550328731536865e-01
-2.441008806228637695e+00,-3.718191862106323242e+00,-5.649423599243164062e-01
1.713365077972412109e+00,-3.796258926391601562e+00,-5.946496129035949707e-01
1.767271757125854492e+00,-3.676575660705566406e+00,-6.870142817497253418e-01
-2.664619684219360352e+00,-3.268611907958984375e+00,-5.250821113586425781e-01
1.929846286773681641e+00,-3.259327411651611328e+00,-4.950286746025085449e-01
-2.704206228256225586e+00,-2.990471839904785156e+00,-5.017095804214477539e-01
2.022848129272460938e+00,-2.978489398956298828e+00,-4.647075533866882324e-01
-2.763193130493164062e+00,-2.663402080535888672e+00,-5.066179037094116211e-01
2.066702365875244141e+00,-2.754928112030029297e+00,-4.410375058650970459e-01
-2.731919765472412109e+00,-2.236433029174804688e+00,-5.518923401832580566e-01
2.066158533096313477e+00,-2.325124740600585938e+00,-6.080669164657592773e-01
-2.691576480865478516e+00,-1.918213605880737305e+00,-4.518501758575439453e-01
2.139628648757934570e+00,-1.972784638404846191e+00,-5.846652388572692871e-01
-2.688497066497802734e+00,-1.572103142738342285e+00,-5.182791948318481445e-01
2.085993766784667969e+00,-1.482396841049194336e+00,-5.616144537925720215e-01
2.110629081726074219e+00,-1.721735000610351562e+00,-5.558918714523315430e-01
-2.660911321640014648e+00,-1.392520070075988770e+00,-6.381956934928894043e-01
2.166145086288452148e+00,-1.272924780845642090e+00,-5.665745735168457031e-01
-2.661054134368896484e+00,-7.709417343139648438e-01,-5.411250591278076172e-01
2.276670455932617188e+00,-8.653809428215026855e-01,-4.682533740997314453e-01
-2.632070541381835938e+00,-5.553991198539733887e-01,-5.324649810791015625e-01
2.277122020721435547e+00,-4.612566232681274414e-01,-4.299153685569763184e-01
-2.557075738906860352e+00,-3.801725059747695923e-02,-6.026043891906738281e-01
2.251137733459472656e+00,-3.205516934394836426e-01,-5.523755550384521484e-01
-2.548168897628784180e+00,2.563502788543701172e-01,-5.579959750175476074e-01
2.337704181671142578e+00,1.734205149114131927e-02,-6.512234807014465332e-01
-2.526640415191650391e+00,4.189022183418273926e-01,-5.534133315086364746e-01
2.329741716384887695e+00,4.106535911560058594e-01,-6.275053024291992188e-01
2.453551769256591797e+00,6.189564466476440430e-01,-6.643592119216918945e-01
-2.514688253402709961e+00,9.137317538261413574e-01,-5.885572433471679688e-01
2.401279449462890625e+00,8.865815997123718262e-01,-4.353975057601928711e-01
-2.486361980438232422e+00,1.219607114791870117e+00,-3.984149098396301270e-01
-2.435206890106201172e+00,1.218286275863647461e+00,-6.398777961730957031e-01
2.438824653625488281e+00,1.340536952018737793e+00,-4.993613362312316895e-01
-2.426777839660644531e+00,1.596128225326538086e+00,-6.238881349563598633e-01
2.473559856414794922e+00,1.613202691078186035e+00,-4.627361595630645752e-01
-2.412821054458618164e+00,1.993019104003906250e+00,-5.080358386039733887e-01
2.506991386413574219e+00,1.956296563148498535e+00,-5.219190120697021484e-01
-2.312535285949707031e+00,2.434114933013916016e+00,-5.435398817062377930e-01
-2.315444469451904297e+00,2.642870426177978516e+00,-5.463444590568542480e-01
2.590712308883666992e+00,2.613579511642456055e+00,-6.037105917930603027e-01
-2.299445152282714844e+00,2.966660737991333008e+00,-5.504924654960632324e-01
2.583204746246337891e+00,2.808297395706176758e+00,-5.189441442489624023e-01
-2.287220239639282227e+00,3.210214853286743164e+00,-4.801827669143676758e-01
-2.193235874176025391e+00,3.721455574035644531e+00,-4.739956855773925781e-01
2.561519145965576172e+00,3.661295652389526367e+00,-3.663432300090789795e-01
2.437378406524658203e+00,3.977648019790649414e+00,-6.680683493614196777e-01
-2.002521991729736328e+00,4.339454650878906250e+00,-4.521641731262207031e-01
2.202547550201416016e+00,4.379999160766601562e+00,-5.259283781051635742e-01
-1.838633298873901367e+00,4.689372539520263672e+00,-5.090406537055969238e-01
1.883438825607299805e+00,4.707965850830078125e+00,-4.997304975986480713e-01
-1.219448804855346680e+00,5.030865669250488281e+00,-5.972205400466918945e-01
-8.286794424057006836e-01,5.131578922271728516e+00,-5.307904481887817383e-01
-3.742304742336273193e-01,5.139009952545166016e+00,-5.263380408287048340e-01
-1.448435783386230469e-01,5.102519989013671875e+00,-5.597450733184814453e-01
1.206739172339439392e-01,5.118905067443847656e+00,-5.228232145309448242e-01
4.730140268802642822e-01,5.121695041656494141e+00,-5.604338049888610840e-01
8.946617245674133301e-01,5.123314380645751953e+00,-4.099690020084381104e-01
1.172052025794982910e+00,5.083329677581787109e+00,-5.006548166275024414e-01
5.013815760612487793e-01,-4.552783966064453125e+00,-1.054996252059936523e-01
-1.613116860389709473e+00,-4.251497268676757812e+00,-1.720883101224899292e-01
-1.174102544784545898e+00,-4.362809181213378906e+00,-1.403892785310745239e-01
-8.880672454833984375e-01,-4.380504608154296875e+00,-1.863175183534622192e-01
-5.743449926376342773e-01,-4.435552597045898438e+00,-3.062394559383392334e-01
1.750193834304809570e-01,-4.530500888824462891e+00,-1.589979678392410278e-01
6.683508157730102539e-01,-4.532416343688964844e+00,-2.035145908594131470e-01
9.251449108123779297e-01,-4.407032966613769531e+00,-1.800243109464645386e-01
1.080218315124511719e+00,-4.344305038452148438e+00,-1.984001845121383667e-01
-2.207175493240356445e+00,-3.993403196334838867e+00,-1.995583772659301758e-01
-2.045185804367065430e+00,-4.075162887573242188e+00,-3.490646183490753174e-01
1.366054534912109375e+00,-4.157364368438720703e+00,-1.249043494462966919e-01
1.470222949981689453e+00,-4.068134307861328125e+00,-2.488592714071273804e-01
-2.514688491821289062e+00,-3.616426944732666016e+00,-2.824069857597351074e-01
-2.443315744400024414e+00,-3.722676038742065430e+00,-2.358179539442062378e-01
1.641286373138427734e+00,-3.826159477233886719e+00,-8.739602565765380859e-02
1.855237245559692383e+00,-3.601425647735595703e+00,-1.708775460720062256e-01
-2.730251073837280273e+00,-2.908748149871826172e+00,-1.586820781230926514e-01
1.996770858764648438e+00,-3.110700130462646484e+00,-2.070941627025604248e-01
-2.746351957321166992e+00,-2.560501575469970703e+00,-1.739928722381591797e-01
2.065926074981689453e+00,-2.613563537597656250e+00,-1.842606067657470703e-01
-2.693940162658691406e+00,-2.315839052200317383e+00,-3.364812135696411133e-01
2.095607042312622070e+00,-2.243757247924804688e+00,-1.397040784358978271e-01
2.119780540466308594e+00,-2.145025730133056641e+00,-1.245494857430458069e-01
-2.711092948913574219e+00,-1.942892074584960938e+00,-1.104272603988647461e-01
2.143998861312866211e+00,-1.852428078651428223e+00,-1.035786569118499756e-01
-2.705963134765625000e+00,-1.612182497978210449e+00,-1.786850243806838989e-01
2.116534948348999023e+00,-1.622284770011901855e+00,-1.172708272933959961e-01
2.206447124481201172e+00,-1.199093699455261230e+00,-1.373635679483413696e-01
-2.660949230194091797e+00,-7.214763760566711426e-01,-9.348303824663162231e-02
2.273589134216308594e+00,-9.541380405426025391e-01,-2.815800011157989502e-01
-2.648795127868652344e+00,-4.974041581153869629e-01,-3.102219291031360626e-02
2.301607370376586914e+00,-5.627911686897277832e-01,-1.787974834442138672e-01
-2.632275342941284180e+00,-1.441836208105087280e-01,-1.399231255054473877e-01
2.331843852996826172e+00,-2.015907317399978638e-01,-1.197087541222572327e-01
-2.563113927841186523e+00,2.028051614761352539e-01,-2.100285738706588745e-01
2.366220474243164062e+00,1.224457621574401855e-01,-2.473238110542297363e-01
-2.575697898864746094e+00,5.382936000823974609e-01,-1.700899004936218262e-01
2.399836778640747070e+00,4.521137475967407227e-01,-1.777808666229248047e-01
-2.594415664672851562e+00,8.527097702026367188e-01,-8.611287176609039307e-02
2.396307468414306641e+00,8.494629859924316406e-01,-2.412766814231872559e-01
-2.517925262451171875e+00,1.352683305740356445e+00,-1.644443273544311523e-01
2.435571432113647461e+00,1.218713164329528809e+00,-5.945638939738273621e-02
2.470017433166503906e+00,1.591681241989135742e+00,-2.098054885864257812e-01
-2.411255359649658203e+00,1.960379838943481445e+00,-2.636077105998992920e-01
2.485974311828613281e+00,1.978113651275634766e+00,-1.972710043191909790e-01
2.546582937240600586e+00,2.246700763702392578e+00,-1.971442252397537231e-01
-2.346733093261718750e+00,2.560319185256958008e+00,-1.274182349443435669e-01
2.589232206344604492e+00,2.620043277740478516e+00,-3.322039842605590820e-01
-2.345521688461303711e+00,2.955448865890502930e+00,-1.459234952926635742e-01
2.573421955108642578e+00,3.183015346527099609e+00,-7.055434584617614746e-02
-2.207918882369995117e+00,3.653010845184326172e+00,-1.354244053363800049e-01
-2.139568328857421875e+00,3.986731767654418945e+00,-1.004670932888984680e-01
-2.082174539566040039e+00,4.162407875061035156e+00,-1.299023330211639404e-01
2.413915157318115234e+00,4.071797370910644531e+00,-3.375840485095977783e-01
2.468863010406494141e+00,3.916044473648071289e+00,-2.044199854135513306e-01
-2.000354766845703125e+00,4.394927501678466797e+00,-1.678017079830169678e-01
2.134205579757690430e+00,4.504208087921142578e+00,-3.225823342800140381e-01
-1.827116727828979492e+00,4.586965084075927734e+00,-2.129258960485458374e-01
-1.676760435104370117e+00,4.743061542510986328e+00,-2.646653056144714355e-01
1.884662747383117676e+00,4.721131801605224609e+00,-1.587692648172378540e-01
-1.525263071060180664e+00,4.946468353271484375e+00,-1.270751953125000000e-01
-1.211080312728881836e+00,5.082964897155761719e+00,-1.988232582807540894e-01
-4.723953306674957275e-01,5.159750461578369141e+00,-2.215761393308639526e-01
-1.275281608104705811e-01,5.046381950378417969e+00,-1.282446235418319702e-01
5.282971262931823730e-01,5.138744831085205078e+00,-1.576694399118423462e-01
8.095011711120605469e-01,5.103482246398925781e+00,-1.001584753394126892e-01
1.184272646903991699e+00,5.022755146026611328e+00,-1.644971817731857300e-01
2.263125628232955933e-01,-4.560945034027099609e+00,2.424804419279098511e-01
5.361266136169433594e-01,-4.590965270996093750e+00,1.599461436271667480e-01
-1.147625327110290527e+00,-4.372737407684326172e+00,1.826403141021728516e-01
-8.317616581916809082e-01,-4.405412673950195312e+00,1.364718675613403320e-01
-6.113258004188537598e-01,-4.440968036651611328e+00,1.784541159868240356e-01
-1.855058521032333374e-01,-4.503120422363281250e+00,6.377746909856796265e-02
1.671144813299179077e-01,-4.534911155700683594e+00,1.013984531164169312e-01
9.178923964500427246e-01,-4.505891323089599609e+00,3.059148192405700684e-01
1.203480720520019531e+00,-4.275611877441406250e+00,1.681480258703231812e-01
-2.046268224716186523e+00,-4.047583103179931641e+00,1.072845607995986938e-01
1.367305040359497070e+00,-4.087321758270263672e+00,2.313516438007354736e-01
1.615907907485961914e+00,-3.894099235534667969e+00,2.187917977571487427e-01
-2.510546207427978516e+00,-3.651894330978393555e+00,2.850594231858849525e-03
-2.392085552215576172e+00,-3.752156257629394531e+00,1.709515154361724854e-01
1.740103483200073242e+00,-3.751497745513916016e+00,3.213278949260711670e-01
1.798869609832763672e+00,-3.612189769744873047e+00,8.758188039064407349e-02
1.923339009284973145e+00,-3.323360204696655273e+00,2.093854695558547974e-01
2.021460294723510742e+00,-3.058491468429565430e+00,1.949426382780075073e-01
-2.753429889678955078e+00,-2.696075916290283203e+00,1.739300042390823364e-01
-2.771785974502563477e+00,-2.197238922119140625e+00,7.013482600450515747e-02
2.182334184646606445e+00,-2.272756576538085938e+00,1.659081131219863892e-01
2.167297840118408203e+00,-1.847468614578247070e+00,1.743476688861846924e-01
-2.747071504592895508e+00,-1.675058484077453613e+00,1.475241780281066895e-01
2.133117198944091797e+00,-1.535963416099548340e+00,2.465035915374755859e-01
-2.765610218048095703e+00,-1.208297014236450195e+00,2.990997135639190674e-01
-2.692596435546875000e+00,-9.368549585342407227e-01,1.918499171733856201e-01
2.225469589233398438e+00,-9.046398401260375977e-01,1.753257513046264648e-01
-2.672209501266479492e+00,-3.562468290328979492e-01,2.757495343685150146e-01
2.283377170562744141e+00,-5.172905325889587402e-01,2.156309634447097778e-01
-2.701701641082763672e+00,-8.154384791851043701e-02,1.096400097012519836e-01
2.327775955200195312e+00,-3.073902130126953125e-01,1.763062477111816406e-01
-2.681697368621826172e+00,1.996814608573913574e-01,2.055003643035888672e-01
2.347736358642578125e+00,1.051886454224586487e-01,3.470070958137512207e-01
-2.618304014205932617e+00,4.948957860469818115e-01,9.084317833185195923e-02
-2.589420318603515625e+00,8.156254291534423828e-01,1.651621460914611816e-01
2.419356584548950195e+00,8.573726415634155273e-01,2.199209332466125488e-01
-2.592890739440917969e+00,1.253026485443115234e+00,9.432420134544372559e-02
2.432040691375732422e+00,1.202003955841064453e+00,1.313608288764953613e-01
-2.523300170898437500e+00,1.514011859893798828e+00,1.944241225719451904e-01
2.472695589065551758e+00,1.544605612754821777e+00,2.774175107479095459e-01
-2.508321046829223633e+00,2.022545576095581055e+00,1.771856546401977539e-01
2.498341560363769531e+00,1.958951354026794434e+00,1.744214594364166260e-01
-2.387689113616943359e+00,2.187632322311401367e+00,1.927750110626220703e-01
2.560178518295288086e+00,2.339148759841918945e+00,7.353454083204269409e-02
-2.329548597335815430e+00,2.648199796676635742e+00,1.654869914054870605e-01
2.586749076843261719e+00,2.720325231552124023e+00,8.166237920522689819e-02
2.617291927337646484e+00,3.027495145797729492e+00,1.799001842737197876e-01
-2.289919853210449219e+00,3.309582471847534180e+00,1.402402073144912720e-01
2.581886053085327148e+00,3.316010475158691406e+00,2.782887816429138184e-01
-2.266597509384155273e+00,3.668539762496948242e+00,2.430766373872756958e-01
2.494789838790893555e+00,3.723216772079467773e+00,6.131046637892723083e-02
-2.152361869812011719e+00,3.875449419021606445e+00,1.541280299425125122e-01
2.364540576934814453e+00,4.107719898223876953e+00,2.534491121768951416e-01
-2.017258644104003906e+00,4.343383312225341797e+00,2.724287211894989014e-01
2.208831071853637695e+00,4.371157646179199219e+00,1.257210224866867065e-01
-1.981522202491760254e+00,4.692317008972167969e+00,3.327146470546722412e-01
1.890236735343933105e+00,4.733587741851806641e+00,2.287991046905517578e-01
-1.527835369110107422e+00,4.972078800201416016e+00,2.269203066825866699e-01
-5.270394682884216309e-01,5.157341003417968750e+00,1.714416146278381348e-01
-1.673536002635955811e-01,5.067500114440917969e+00,1.244910657405853271e-01
1.971787214279174805e-01,5.004711151123046875e+00,1.305980831384658813e-01
5.387156605720520020e-01,5.141453266143798828e+00,2.046500891447067261e-01
9.358798265457153320e-01,5.074365615844726562e+00,1.915945559740066528e-01
1.186830520629882812e+00,5.003536224365234375e+00,1.776359230279922485e-01
1.436656355857849121e+00,4.944633483886718750e+00,1.503200232982635498e-01
5.462048053741455078e-01,-4.581168651580810547e+00,3.840018212795257568e-01
-1.420556306838989258e+00,-4.283555507659912109e+00,5.323083400726318359e-01
-1.162185549736022949e+00,-4.360101699829101562e+00,5.444954037666320801e-01
-8.244515657424926758e-01,-4.417181015014648438e+00,5.569077730178833008e-01
-5.383463501930236816e-01,-4.477679729461669922e+00,4.253745377063751221e-01
-2.034868597984313965e-01,-4.531628131866455078e+00,5.274279713630676270e-01
1.670191138982772827e-01,-4.529731273651123047e+00,6.822691559791564941e-01
9.153488278388977051e-01,-4.467838764190673828e+00,4.874010384082794189e-01
1.323528766632080078e+00,-4.225615978240966797e+00,4.728125333786010742e-01
-2.194880962371826172e+00,-3.915187358856201172e+00,4.740470051765441895e-01
-1.787065625190734863e+00,-4.198156833648681641e+00,4.539315402507781982e-01
1.397516012191772461e+00,-4.197942733764648438e+00,6.777462363243103027e-01
1.516429781913757324e+00,-4.016444683074951172e+00,4.761976301670074463e-01
-2.467827081680297852e+00,-3.612406730651855469e+00,5.773077607154846191e-01
1.857888340950012207e+00,-3.558631896972656250e+00,5.064759850502014160e-01
-2.609003067016601562e+00,-3.337292194366455078e+00,5.460159778594970703e-01
1.972738385200500488e+00,-3.296904563903808594e+00,4.768947362899780273e-01
-2.692733287811279297e+00,-3.052526950836181641e+00,5.327689647674560547e-01
2.053040742874145508e+00,-2.990401983261108398e+00,5.169591903686523438e-01
-2.770879507064819336e+00,-2.633289813995361328e+00,6.188484430313110352e-01
2.056735992431640625e+00,-2.677576065063476562e+00,5.481194853782653809e-01
-2.804599285125732422e+00,-2.165974855422973633e+00,5.660759806632995605e-01
-2.790986061096191406e+00,-2.386090755462646484e+00,4.916362464427947998e-01
2.140202522277832031e+00,-2.204649686813354492e+00,5.242421627044677734e-01
-2.809982538223266602e+00,-1.941889524459838867e+00,4.853730499744415283e-01
2.129483461380004883e+00,-1.848707795143127441e+00,5.631262660026550293e-01
-2.778740644454956055e+00,-1.476476788520812988e+00,5.407992601394653320e-01
2.129096031188964844e+00,-1.598584175109863281e+00,4.989336729049682617e-01
-2.755594253540039062e+00,-1.153834700584411621e+00,4.669835269451141357e-01
2.165781259536743164e+00,-1.179861664772033691e+00,5.433117747306823730e-01
-2.714283227920532227e+00,-8.505242466926574707e-01,4.210486710071563721e-01
2.265653610229492188e+00,-9.149559736251831055e-01,4.828783571720123291e-01
-2.704708576202392578e+00,-5.321127772331237793e-01,5.941562652587890625e-01
2.256989955902099609e+00,-4.820460081100463867e-01,5.170610547065734863e-01
-2.682543277740478516e+00,-2.195810675621032715e-01,5.512698888778686523e-01
2.302270650863647461e+00,-1.522702574729919434e-01,5.436342358589172363e-01
-2.659811735153198242e+00,1.573687195777893066e-01,5.583199262619018555e-01
2.343771934509277344e+00,2.319414019584655762e-01,4.706141352653503418e-01
-2.597555160522460938e+00,5.232002139091491699e-01,5.340667366981506348e-01
2.338359832763671875e+00,6.024996638298034668e-01,5.143294930458068848e-01
-2.604423761367797852e+00,8.571238517761230469e-01,5.094082355499267578e-01
-2.543779611587524414e+00,1.280034184455871582e+00,4.978350102901458740e-01
2.413912773132324219e+00,1.228992462158203125e+00,5.332210063934326172e-01
-2.515273332595825195e+00,1.535841464996337891e+00,5.379467010498046875e-01
2.441808938980102539e+00,1.518767833709716797e+00,5.298005342483520508e-01
-2.496037960052490234e+00,1.923753261566162109e+00,4.212879240512847900e-01
-2.431690216064453125e+00,2.000902891159057617e+00,5.524549484252929688e-01
2.483602046966552734e+00,1.976207137107849121e+00,5.446227192878723145e-01
-2.352438926696777344e+00,2.295598030090332031e+00,5.563897490501403809e-01
2.573275327682495117e+00,2.386912345886230469e+00,6.305366158485412598e-01
-2.345391035079956055e+00,2.668470144271850586e+00,5.279787182807922363e-01
-2.362331390380859375e+00,2.918342590332031250e+00,4.800608754158020020e-01
2.614127635955810547e+00,2.854790210723876953e+00,4.991229772567749023e-01
-2.300689220428466797e+00,3.426623344421386719e+00,5.135607719421386719e-01
2.538162231445312500e+00,3.353121757507324219e+00,4.934827089309692383e-01
-2.282680749893188477e+00,3.719324827194213867e+00,3.962449133396148682e-01
2.496564626693725586e+00,3.628489255905151367e+00,4.838064014911651611e-01
-2.146891117095947266e+00,4.080110549926757812e+00,5.156483650207519531e-01
-2.070747852325439453e+00,4.197906494140625000e+00,3.589666187763214111e-01
2.365443468093872070e+00,4.083129405975341797e+00,5.738285183906555176e-01
-2.023086071014404297e+00,4.449220657348632812e+00,4.966288805007934570e-01
2.153445720672607422e+00,4.453598976135253906e+00,4.693399071693420410e-01
-1.943445086479187012e+00,4.622961997985839844e+00,6.456772089004516602e-01
-1.647744178771972656e+00,4.825257301330566406e+00,5.847207903861999512e-01
1.953294157981872559e+00,4.714205265045166016e+00,5.426654219627380371e-01
-1.198858976364135742e+00,5.125848770141601562e+00,4.531875252723693848e-01
-9.003510475158691406e-01,5.181518077850341797e+00,5.174544453620910645e-01
-5.185394883155822754e-01,5.181871891021728516e+00,4.860536456108093262e-01
-1.613097786903381348e-01,5.156368732452392578e+00,5.855434536933898926e-01
1.980392783880233765e-01,5.140041351318359375e+00,5.567074418067932129e-01
5.433974266052246094e-01,5.144213676452636719e+00,5.459620356559753418e-01
9.776210784912109375e-01,5.085747718811035156e+00,5.155538320541381836e-01
1.193136692047119141e+00,5.022716999053955078e+00,5.030478239059448242e-01
1.431905269622802734e+00,4.963750839233398438e+00,4.891241788864135742e-01
-1.774058222770690918e+00,-4.207629203796386719e+00,9.209923148155212402e-01
-1.536348342895507812e+00,-4.283737659454345703e+00,8.901968598365783691e-01
-1.173527598381042480e+00,-4.368453979492187500e+00,9.004335403442382812e-01
-7.226447463035583496e-01,-4.423297405242919922e+00,1.036464691162109375e+00
-5.517469048500061035e-01,-4.454268932342529297e+00,8.564469814300537109e-01
-1.182495132088661194e-01,-4.511118412017822266e+00,8.584330677986145020e-01
2.637340128421783447e-01,-4.525055408477783203e+00,8.638690114021301270e-01
5.548206567764282227e-01,-4.500994682312011719e+00,9.680820703506469727e-01
8.434418439865112305e-01,-4.451455116271972656e+00,9.458520412445068359e-01
1.153711795806884766e+00,-4.328865051269531250e+00,9.247546792030334473e-01
-2.258752346038818359e+00,-3.921918630599975586e+00,9.424913525581359863e-01
-2.040429115295410156e+00,-4.064204216003417969e+00,8.903723955154418945e-01
1.394744873046875000e+00,-4.186109066009521484e+00,9.515755176544189453e-01
1.608167171478271484e+00,-3.972301721572875977e+00,8.695037961006164551e-01
-2.540574073791503906e+00,-3.646784782409667969e+00,1.003243565559387207e+00
-2.430249929428100586e+00,-3.789886951446533203e+00,9.222898483276367188e-01
1.717314958572387695e+00,-3.807279825210571289e+00,9.894847869873046875e-01
1.862897038459777832e+00,-3.564236402511596680e+00,8.666950464248657227e-01
1.994807958602905273e+00,-3.231071710586547852e+00,8.671172857284545898e-01
-2.727613210678100586e+00,-2.958690643310546875e+00,7.182655334472656250e-01
2.042584419250488281e+00,-3.017114877700805664e+00,8.278986811637878418e-01
-2.769590377807617188e+00,-2.737880468368530273e+00,8.215276598930358887e-01
-2.780135869979858398e+00,-2.193185329437255859e+00,1.042101025581359863e+00
2.108177661895751953e+00,-2.350330352783203125e+00,8.458487391471862793e-01
-2.782332420349121094e+00,-1.980633497238159180e+00,8.341449499130249023e-01
2.097536802291870117e+00,-1.995267271995544434e+00,7.350160479545593262e-01
2.107693672180175781e+00,-1.920374870300292969e+00,8.756612539291381836e-01
-2.739976882934570312e+00,-1.696037888526916504e+00,9.691729545593261719e-01
2.094780206680297852e+00,-1.497904300689697266e+00,8.344076871871948242e-01
2.103903293609619141e+00,-1.612973690032958984e+00,8.814818859100341797e-01
-2.678909063339233398e+00,-1.315530776977539062e+00,8.968731164932250977e-01
2.079805612564086914e+00,-1.319619417190551758e+00,9.609642028808593750e-01
2.123821258544921875e+00,-1.215551257133483887e+00,8.805131912231445312e-01
-2.681425094604492188e+00,-8.447113633155822754e-01,8.522180318832397461e-01
2.245117902755737305e+00,-8.931434154510498047e-01,8.982118368148803711e-01
-2.694173574447631836e+00,-5.443572402000427246e-01,8.399947881698608398e-01
2.303787469863891602e+00,-5.144624710083007812e-01,8.715547323226928711e-01
-2.685476541519165039e+00,-2.133017629384994507e-01,9.391577243804931641e-01
2.327419519424438477e+00,-1.723951846361160278e-01,9.135100841522216797e-01
-2.620071649551391602e+00,1.268227994441986084e-01,1.004695177078247070e+00
2.327438354492187500e+00,1.801275163888931274e-01,8.707684278488159180e-01
-2.580552816390991211e+00,5.531078577041625977e-01,7.515776157379150391e-01
2.374570369720458984e+00,4.643180370330810547e-01,8.019250631332397461e-01
-2.593534231185913086e+00,8.729087710380554199e-01,9.054287672042846680e-01
2.393395662307739258e+00,8.924528956413269043e-01,9.263317584991455078e-01
-2.547973871231079102e+00,1.182168483734130859e+00,8.180634975433349609e-01
2.404027938842773438e+00,1.312451124191284180e+00,8.715507388114929199e-01
-2.487958192825317383e+00,1.570398211479187012e+00,8.842634558677673340e-01
2.417621135711669922e+00,1.496020555496215820e+00,8.418012261390686035e-01
2.452040672302246094e+00,1.723563194274902344e+00,8.963213562965393066e-01
-2.476576566696166992e+00,1.760460138320922852e+00,7.411894202232360840e-01
2.485599517822265625e+00,1.913543224334716797e+00,8.455443382263183594e-01
-2.394978046417236328e+00,2.203506708145141602e+00,7.747554779052734375e-01
2.552201986312866211e+00,2.312371730804443359e+00,9.421995878219604492e-01
-2.372559070587158203e+00,2.691411972045898438e+00,8.947858810424804688e-01
-2.430079221725463867e+00,3.138397693634033203e+00,8.729708790779113770e-01
2.562070846557617188e+00,2.976190090179443359e+00,9.758599400520324707e-01
-2.450441122055053711e+00,3.163658380508422852e+00,7.037668824195861816e-01
-2.371789932250976562e+00,3.355700969696044922e+00,8.388007879257202148e-01
2.529077053070068359e+00,3.381295680999755859e+00,7.740449309349060059e-01
-2.286892890930175781e+00,3.613409996032714844e+00,8.779498338699340820e-01
2.551885128021240234e+00,3.513846397399902344e+00,9.659008979797363281e-01
-2.195739746093750000e+00,4.023567676544189453e+00,8.535107970237731934e-01
2.454579114913940430e+00,3.857848405838012695e+00,7.102931141853332520e-01
-2.092502832412719727e+00,4.335787773132324219e+00,9.353680014610290527e-01
2.146934032440185547e+00,4.467178821563720703e+00,9.174602627754211426e-01
-1.909864425659179688e+00,4.623703956604003906e+00,1.040938377380371094e+00
1.706768751144409180e+00,4.839389324188232422e+00,9.703189730644226074e-01
1.995469927787780762e+00,4.631806850433349609e+00,9.049146175384521484e-01
-1.149976491928100586e+00,5.178532600402832031e+00,7.671678066253662109e-01
-7.160083651542663574e-01,5.232560634613037109e+00,7.240959405899047852e-01
-5.424938797950744629e-01,5.172398567199707031e+00,8.700266480445861816e-01
-1.964559257030487061e-01,5.130709648132324219e+00,9.226784706115722656e-01
1.573525667190551758e-01,5.137596607208251953e+00,1.048182606697082520e+00
4.946734905242919922e-01,5.196164131164550781e+00,8.730452060699462891e-01
8.004045486450195312e-01,5.183154106140136719e+00,9.939312338829040527e-01
1.227035045623779297e+00,5.059816360473632812e+00,8.823180198669433594e-01
1.561753034591674805e+00,4.917406082153320312e+00,8.560440540313720703e-01
2.217675745487213135e-01,-4.551443576812744141e+00,1.309807300567626953e+00
5.561047196388244629e-01,-4.574462413787841797e+00,1.298435688018798828e+00
-1.592474937438964844e+00,-4.256442546844482422e+00,1.139542102813720703e+00
-1.216040849685668945e+00,-4.347863674163818359e+00,1.164929270744323730e+00
-8.357154130935668945e-01,-4.398914337158203125e+00,1.261515259742736816e+00
-5.662236213684082031e-01,-4.446309089660644531e+00,1.193344354629516602e+00
-1.302256435155868530e-01,-4.507539749145507812e+00,1.140027046203613281e+00
1.285629570484161377e-01,-4.531948089599609375e+00,1.159624934196472168e+00
6.809129118919372559e-01,-4.502997398376464844e+00,1.089596748352050781e+00
9.193601012229919434e-01,-4.435949802398681641e+00,1.201720118522644043e+00
1.111356854438781738e+00,-4.344245433807373047e+00,1.169548630714416504e+00
-2.119547605514526367e+00,-4.008528709411621094e+00,1.178508639335632324e+00
-1.989482998847961426e+00,-4.104005336761474609e+00,1.368188619613647461e+00
1.511546492576599121e+00,-4.112032413482666016e+00,1.261428833007812500e+00
-2.508227109909057617e+00,-3.681077003479003906e+00,1.253471136093139648e+00
-2.423153400421142578e+00,-3.773102045059204102e+00,1.369136929512023926e+00
1.866807699203491211e+00,-3.597883939743041992e+00,1.193397641181945801e+00
-2.646055936813354492e+00,-3.378997087478637695e+00,1.172137618064880371e+00
1.929260730743408203e+00,-3.285512208938598633e+00,1.240445256233215332e+00
-2.735813140869140625e+00,-3.063296556472778320e+00,1.229170680046081543e+00
2.043101310729980469e+00,-2.942675113677978516e+00,1.075529336929321289e+00
-2.790831804275512695e+00,-2.596072673797607422e+00,1.131922006607055664e+00
2.079933404922485352e+00,-2.686563730239868164e+00,1.109252333641052246e+00
2.113770723342895508e+00,-2.508765697479248047e+00,1.154249548912048340e+00
2.089315414428710938e+00,-2.278261423110961914e+00,1.216903924942016602e+00
-2.765000581741333008e+00,-1.989340066909790039e+00,1.207805752754211426e+00
2.127631187438964844e+00,-1.834756970405578613e+00,1.166589260101318359e+00
2.154907226562500000e+00,-1.598295092582702637e+00,1.341604948043823242e+00
-2.694191694259643555e+00,-1.183237791061401367e+00,1.237863421440124512e+00
2.203037261962890625e+00,-1.145631790161132812e+00,1.301924824714660645e+00
-2.683909416198730469e+00,-9.675087928771972656e-01,1.100179791450500488e+00
2.235289096832275391e+00,-8.813674449920654297e-01,1.201797127723693848e+00
-2.720926284790039062e+00,-4.617457091808319092e-01,1.272148370742797852e+00
2.272815704345703125e+00,-5.428045988082885742e-01,1.333392500877380371e+00
-2.618517398834228516e+00,-1.454071551561355591e-01,1.330509901046752930e+00
2.295526027679443359e+00,-1.568468809127807617e-01,1.222895622253417969e+00
-2.602563142776489258e+00,2.828943133354187012e-01,1.333117246627807617e+00
2.303915739059448242e+00,1.598456501960754395e-01,1.263400077819824219e+00
-2.587839603424072266e+00,5.465242862701416016e-01,1.208008170127868652e+00
2.371206521987915039e+00,5.434966087341308594e-01,1.315054416656494141e+00
-2.565893173217773438e+00,7.589935064315795898e-01,1.284978151321411133e+00
-2.536276578903198242e+00,1.271937489509582520e+00,1.290338873863220215e+00
2.384585618972778320e+00,1.213655352592468262e+00,1.319669485092163086e+00
-2.490103721618652344e+00,1.618087887763977051e+00,1.224187135696411133e+00
-2.450034856796264648e+00,1.814138889312744141e+00,1.381993293762207031e+00
-2.426997423171997070e+00,1.978918552398681641e+00,1.287431120872497559e+00
2.506628513336181641e+00,2.002315759658813477e+00,1.141379117965698242e+00
-2.409775257110595703e+00,2.233880043029785156e+00,1.122287988662719727e+00
2.518922805786132812e+00,2.243294477462768555e+00,1.258324384689331055e+00
-2.332767486572265625e+00,2.777327775955200195e+00,1.137561202049255371e+00
-2.332591533660888672e+00,3.034046173095703125e+00,1.181512355804443359e+00
2.563323020935058594e+00,2.914437532424926758e+00,1.356654763221740723e+00
-2.314791440963745117e+00,3.255904436111450195e+00,1.243451476097106934e+00
2.548264503479003906e+00,3.473460435867309570e+00,1.243779778480529785e+00
-2.286507844924926758e+00,3.625915765762329102e+00,1.245782017707824707e+00
2.502261877059936523e+00,3.732460737228393555e+00,1.231610417366027832e+00
-2.219928503036499023e+00,3.940028667449951172e+00,1.151389122009277344e+00
2.410926580429077148e+00,4.046891689300537109e+00,1.160200715065002441e+00
-2.116888046264648438e+00,4.259653091430664062e+00,1.292717337608337402e+00
-2.034476041793823242e+00,4.423613548278808594e+00,1.333025217056274414e+00
2.211440563201904297e+00,4.395190238952636719e+00,1.341718077659606934e+00
-1.913185000419616699e+00,4.602676391601562500e+00,1.303521633148193359e+00
1.858481168746948242e+00,4.736855506896972656e+00,1.057537198066711426e+00
-1.269401550292968750e+00,5.103092670440673828e+00,1.237734913825988770e+00
-8.361626863479614258e-01,5.185029506683349609e+00,1.111820816993713379e+00
-4.147391319274902344e-01,5.116173267364501953e+00,1.249144077301025391e+00
-2.097834944725036621e-01,5.123627185821533203e+00,1.248909831047058105e+00
1.873300224542617798e-01,5.130544662475585938e+00,1.111701488494873047e+00
4.580044746398925781e-01,5.172155857086181641e+00,1.121178388595581055e+00
7.681383490562438965e-01,5.134152412414550781e+00,1.187957048416137695e+00
1.367978692054748535e+00,5.005192756652832031e+00,1.203888654708862305e+00
1.479642868041992188e+00,4.953468799591064453e+00,1.051801919937133789e+00
5.439721941947937012e-01,-4.567690849304199219e+00,1.450384378433227539e+00
-1.459690928459167480e+00,-4.343859672546386719e+00,1.715454459190368652e+00
-1.269653439521789551e+00,-4.364649295806884766e+00,1.701737880706787109e+00
-8.388537168502807617e-01,-4.423612117767333984e+00,1.548774242401123047e+00
-5.007880926132202148e-01,-4.469775199890136719e+00,1.566519737243652344e+00
-9.164848923683166504e-02,-4.516951560974121094e+00,1.498092412948608398e+00
1.025193184614181519e-01,-4.523721218109130859e+00,1.578559517860412598e+00
5.652927160263061523e-01,-4.513214111328125000e+00,1.669112205505371094e+00
9.218395948410034180e-01,-4.424538612365722656e+00,1.597719430923461914e+00
1.226956725120544434e+00,-4.300930500030517578e+00,1.543297767639160156e+00
-2.260854721069335938e+00,-3.930674314498901367e+00,1.549660205841064453e+00
1.657789111137390137e+00,-3.981659412384033203e+00,1.455455422401428223e+00
-2.584231138229370117e+00,-3.513254880905151367e+00,1.548460721969604492e+00
1.830286502838134766e+00,-3.635811567306518555e+00,1.621211647987365723e+00
-2.656332969665527344e+00,-3.344831943511962891e+00,1.489702939987182617e+00
1.923312187194824219e+00,-3.310069561004638672e+00,1.536303758621215820e+00
-2.734908103942871094e+00,-2.967383861541748047e+00,1.651661872863769531e+00
-2.776928901672363281e+00,-2.641667604446411133e+00,1.509621739387512207e+00
2.098168611526489258e+00,-2.595257759094238281e+00,1.729693412780761719e+00
2.126888990402221680e+00,-2.561554431915283203e+00,1.436127305030822754e+00
-2.769096374511718750e+00,-2.184184074401855469e+00,1.556473135948181152e+00
2.105801105499267578e+00,-2.298566341400146484e+00,1.491132736206054688e+00
-2.747704744338989258e+00,-1.900356650352478027e+00,1.574321985244750977e+00
2.148097515106201172e+00,-1.879440784454345703e+00,1.552594900131225586e+00
-2.720003843307495117e+00,-1.627916336059570312e+00,1.438487052917480469e+00
2.210354328155517578e+00,-1.587790846824645996e+00,1.696260094642639160e+00
-2.685491800308227539e+00,-1.231577873229980469e+00,1.564589977264404297e+00
-2.711287736892700195e+00,-9.016641378402709961e-01,1.717048525810241699e+00
2.254625320434570312e+00,-8.476148843765258789e-01,1.580173015594482422e+00
2.305077552795410156e+00,-5.029407143592834473e-01,1.588479518890380859e+00
-2.645041227340698242e+00,-2.433797419071197510e-01,1.552016735076904297e+00
2.365886926651000977e+00,-6.455006450414657593e-02,1.578387975692749023e+00
-2.633345127105712891e+00,2.004117518663406372e-01,1.691686511039733887e+00
2.394465208053588867e+00,5.469174981117248535e-01,1.711587786674499512e+00
-2.574479103088378906e+00,8.270649909973144531e-01,1.580377340316772461e+00
2.386552572250366211e+00,9.683243036270141602e-01,1.551703453063964844e+00
-2.571795463562011719e+00,1.140022754669189453e+00,1.721202135086059570e+00
2.419268131256103516e+00,1.257301092147827148e+00,1.731276512145996094e+00
-2.505137205123901367e+00,1.510178923606872559e+00,1.423039317131042480e+00
2.431738376617431641e+00,1.455677032470703125e+00,1.537355661392211914e+00
2.478278160095214844e+00,1.723124504089355469e+00,1.561516761779785156e+00
-2.445606708526611328e+00,1.891258239746093750e+00,1.568369984626770020e+00
2.473323583602905273e+00,1.846593618392944336e+00,1.553645730018615723e+00
-2.405318975448608398e+00,2.251248121261596680e+00,1.517602682113647461e+00
2.492823123931884766e+00,2.216980695724487305e+00,1.574528336524963379e+00
-2.378685235977172852e+00,2.615470409393310547e+00,1.515993118286132812e+00
2.571251869201660156e+00,2.581903696060180664e+00,1.477113366127014160e+00
-2.360902786254882812e+00,3.020054817199707031e+00,1.558840751647949219e+00
2.523966550827026367e+00,2.805004596710205078e+00,1.578064322471618652e+00
-2.342212677001953125e+00,3.290681362152099609e+00,1.520310878753662109e+00
2.559763431549072266e+00,3.311184883117675781e+00,1.587401747703552246e+00
-2.272899866104125977e+00,3.733564615249633789e+00,1.579436540603637695e+00
2.508144855499267578e+00,3.609071731567382812e+00,1.631274461746215820e+00
-2.171520709991455078e+00,4.093937873840332031e+00,1.423465967178344727e+00
2.418373107910156250e+00,4.099559783935546875e+00,1.480633497238159180e+00
2.463934659957885742e+00,3.882584333419799805e+00,1.618876934051513672e+00
-2.126304149627685547e+00,4.324992656707763672e+00,1.597367644309997559e+00
-2.051606655120849609e+00,4.461681842803955078e+00,1.514087677001953125e+00
2.329019069671630859e+00,4.257916450500488281e+00,1.557639718055725098e+00
-1.862326502799987793e+00,4.766586303710937500e+00,1.560697674751281738e+00
-1.656447410583496094e+00,4.960586547851562500e+00,1.585011243820190430e+00
-1.076567888259887695e+00,5.137058734893798828e+00,1.442063689231872559e+00
-2.090338468551635742e-01,5.145982265472412109e+00,1.574363470077514648e+00
1.932729929685592651e-01,5.153748989105224609e+00,1.652850866317749023e+00
4.598277211189270020e-01,5.141001701354980469e+00,1.507738828659057617e+00
9.351174831390380859e-01,5.166248321533203125e+00,1.694380521774291992e+00
1.339845299720764160e+00,5.045991897583007812e+00,1.582658290863037109e+00
1.558489799499511719e+00,4.945972919464111328e+00,1.590792536735534668e+00
-1.818800926208496094e+00,-4.243201255798339844e+00,2.096209526062011719e+00
-1.539427757263183594e+00,-4.279186725616455078e+00,1.948106408119201660e+00
-1.253119826316833496e+00,-4.362682342529296875e+00,1.937158465385437012e+00
-8.541535139083862305e-01,-4.394569873809814453e+00,1.893614053726196289e+00
-5.575377345085144043e-01,-4.430221557617187500e+00,1.885181427001953125e+00
-1.330333203077316284e-01,-4.479179859161376953e+00,1.915976881980895996e+00
8.534002304077148438e-02,-4.505815982818603516e+00,2.035697460174560547e+00
5.414010882377624512e-01,-4.496227264404296875e+00,2.029760360717773438e+00
9.235737919807434082e-01,-4.409058094024658203e+00,1.929689288139343262e+00
1.206019520759582520e+00,-4.296275615692138672e+00,1.929191589355468750e+00
-2.274065017700195312e+00,-4.022117137908935547e+00,1.892571568489074707e+00
-1.735969543457031250e+00,-4.065555572509765625e+00,1.936654567718505859e+00
1.621024847030639648e+00,-3.966518878936767578e+00,2.074593305587768555e+00
-2.409535408020019531e+00,-3.752933502197265625e+00,1.886337041854858398e+00
1.838856339454650879e+00,-3.588446855545043945e+00,1.893203616142272949e+00
-2.663351058959960938e+00,-3.279861927032470703e+00,1.999160289764404297e+00
1.924588441848754883e+00,-3.326425075531005859e+00,1.934892058372497559e+00
-2.743573427200317383e+00,-2.981821060180664062e+00,2.008312463760375977e+00
2.044625759124755859e+00,-2.980195045471191406e+00,1.952988266944885254e+00
-2.772797107696533203e+00,-2.623653411865234375e+00,1.868128299713134766e+00
2.087302207946777344e+00,-2.754753828048706055e+00,1.849417567253112793e+00
-2.781049966812133789e+00,-2.277230501174926758e+00,1.907816529273986816e+00
2.073051691055297852e+00,-2.297369003295898438e+00,1.956185579299926758e+00
2.144742250442504883e+00,-2.155769109725952148e+00,1.824077129364013672e+00
-2.747111558914184570e+00,-1.882797479629516602e+00,1.906726241111755371e+00
2.153285026550292969e+00,-2.043763160705566406e+00,1.921950817108154297e+00
-2.717259645462036133e+00,-1.529263019561767578e+00,1.909901618957519531e+00
2.191415548324584961e+00,-1.553388476371765137e+00,1.884935736656188965e+00
-2.712496280670166016e+00,-1.261260628700256348e+00,1.898066639900207520e+00
2.231674194335937500e+00,-1.162673711776733398e+00,1.965183258056640625e+00
-2.696568727493286133e+00,-9.223358631134033203e-01,1.971273660659790039e+00
2.272514581680297852e+00,-7.762511372566223145e-01,1.888700366020202637e+00
2.275400638580322266e+00,-6.009644269943237305e-01,1.932081222534179688e+00
-2.642329931259155273e+00,-9.069014340639114380e-02,1.963914155960083008e+00
2.301118612289428711e+00,-2.118106633424758911e-01,1.984678387641906738e+00
-2.596752166748046875e+00,3.338636755943298340e-01,2.082720518112182617e+00
2.332910060882568359e+00,1.938679814338684082e-01,1.881838798522949219e+00
-2.585858106613159180e+00,5.697674751281738281e-01,1.927614569664001465e+00
2.354460000991821289e+00,4.868666827678680420e-01,1.939504981040954590e+00
-2.583368778228759766e+00,8.442660570144653320e-01,1.909988284111022949e+00
2.395362854003906250e+00,8.335170745849609375e-01,1.914642333984375000e+00
-2.556887388229370117e+00,1.249885916709899902e+00,1.967860221862792969e+00
2.407588243484497070e+00,1.062024950981140137e+00,1.861208319664001465e+00
2.441526651382446289e+00,1.554623723030090332e+00,1.843822240829467773e+00
-2.519852876663208008e+00,1.986330866813659668e+00,1.944722533226013184e+00
2.498506546020507812e+00,1.943710327148437500e+00,2.039060115814208984e+00
2.485410451889038086e+00,2.285436391830444336e+00,2.024366140365600586e+00
-2.373588800430297852e+00,2.602585554122924805e+00,1.942445755004882812e+00
2.513030290603637695e+00,2.576370716094970703e+00,1.942730307579040527e+00
-2.368541479110717773e+00,2.972015380859375000e+00,2.008827209472656250e+00
2.517980813980102539e+00,2.963801622390747070e+00,2.029516935348510742e+00
-2.316858053207397461e+00,3.333305358886718750e+00,1.898194909095764160e+00
2.552951097488403320e+00,3.288762331008911133e+00,1.956608414649963379e+00
-2.270729780197143555e+00,3.648310899734497070e+00,1.800453305244445801e+00
-2.200832366943359375e+00,4.046899795532226562e+00,1.975514411926269531e+00
2.461500167846679688e+00,3.889106512069702148e+00,1.863419651985168457e+00
-2.103300809860229492e+00,4.357093811035156250e+00,1.883994579315185547e+00
-2.030725002288818359e+00,4.528525829315185547e+00,1.886655569076538086e+00
2.278304576873779297e+00,4.371145248413085938e+00,1.833422422409057617e+00
-2.013675928115844727e+00,4.627666473388671875e+00,2.091087818145751953e+00
1.738582253456115723e+00,4.859034538269042969e+00,1.919815063476562500e+00
1.893156290054321289e+00,4.765437126159667969e+00,1.883585929870605469e+00
-1.762800455093383789e+00,4.964801788330078125e+00,1.904751062393188477e+00
-1.505513191223144531e+00,5.117378711700439453e+00,1.944780707359313965e+00
-1.212413549423217773e+00,5.195557117462158203e+00,1.907633066177368164e+00
-9.255509376525878906e-01,5.194743633270263672e+00,2.013321638107299805e+00
-4.709258973598480225e-01,5.204279422760009766e+00,1.848442077636718750e+00
-2.308912724256515503e-01,5.165163993835449219e+00,2.054424047470092773e+00
2.259460836648941040e-01,5.161770343780517578e+00,1.915212988853454590e+00
5.628482699394226074e-01,5.174185276031494141e+00,1.996337652206420898e+00
7.168753147125244141e-01,5.165580749511718750e+00,2.026083707809448242e+00
1.186229467391967773e+00,5.109733104705810547e+00,1.855517148971557617e+00
1.543604850769042969e+00,4.978301048278808594e+00,1.891083240509033203e+00
-1.090973377227783203e+00,-4.363234996795654297e+00,2.108641386032104492e+00
-8.584701418876647949e-01,-4.382893085479736328e+00,2.253643274307250977e+00
-4.149506092071533203e-01,-4.471992492675781250e+00,2.283103466033935547e+00
-2.202622294425964355e-01,-4.519112586975097656e+00,2.300267219543457031e+00
1.465592682361602783e-01,-4.512886524200439453e+00,2.243279218673706055e+00
4.287154078483581543e-01,-4.501601219177246094e+00,2.285169124603271484e+00
8.698302507400512695e-01,-4.440249443054199219e+00,2.272774219512939453e+00
1.153678297996520996e+00,-4.362767696380615234e+00,2.414899349212646484e+00
-2.491315603256225586e+00,-3.632253170013427734e+00,2.408021211624145508e+00
-2.423803567886352539e+00,-3.762216806411743164e+00,2.113375902175903320e+00
1.801071763038635254e+00,-3.663517713546752930e+00,2.272558689117431641e+00
-2.587662458419799805e+00,-3.485957860946655273e+00,2.116968631744384766e+00
1.909440040588378906e+00,-3.298779964447021484e+00,2.267910718917846680e+00
2.021885156631469727e+00,-2.932419538497924805e+00,2.296585083007812500e+00
-2.784938812255859375e+00,-2.651066541671752930e+00,2.247000694274902344e+00
2.129311800003051758e+00,-2.528256177902221680e+00,2.221249341964721680e+00
-2.777448892593383789e+00,-2.275898218154907227e+00,2.260246038436889648e+00
2.082713127136230469e+00,-2.304102897644042969e+00,2.262162446975708008e+00
-2.717385768890380859e+00,-1.852939486503601074e+00,2.278951406478881836e+00
2.122046470642089844e+00,-1.990143656730651855e+00,2.266388893127441406e+00
-2.688946247100830078e+00,-1.515044093132019043e+00,2.340474843978881836e+00
2.136028051376342773e+00,-1.591514110565185547e+00,2.284022331237792969e+00
-2.686294555664062500e+00,-1.199561953544616699e+00,2.268198966979980469e+00
2.169280290603637695e+00,-1.272584915161132812e+00,2.331485509872436523e+00
-2.676056385040283203e+00,-8.468331694602966309e-01,2.292593002319335938e+00
2.237372875213623047e+00,-8.070838451385498047e-01,2.286191463470458984e+00
-2.661458015441894531e+00,-3.984650671482086182e-01,2.159676790237426758e+00
-2.684372186660766602e+00,-2.981170117855072021e-01,2.327903032302856445e+00
2.295963525772094727e+00,-3.376374244689941406e-01,2.322527885437011719e+00
2.336306095123291016e+00,1.256375461816787720e-01,2.335834503173828125e+00
-2.606157302856445312e+00,4.782264232635498047e-01,2.235303878784179688e+00
2.384362220764160156e+00,6.954095363616943359e-01,2.156406641006469727e+00
-2.569736480712890625e+00,8.426353931427001953e-01,2.322089672088623047e+00
2.379614830017089844e+00,7.890048623085021973e-01,2.357973575592041016e+00
-2.507259845733642578e+00,1.629201650619506836e+00,2.310888767242431641e+00
2.411386489868164062e+00,1.425524234771728516e+00,2.192650794982910156e+00
2.461477756500244141e+00,1.650584459304809570e+00,2.251824855804443359e+00
-2.470254898071289062e+00,1.935802698135375977e+00,2.264078855514526367e+00
2.427931547164916992e+00,2.043993711471557617e+00,2.400917053222656250e+00
-2.410962104797363281e+00,2.229106903076171875e+00,2.311996459960937500e+00
2.467999219894409180e+00,2.279179811477661133e+00,2.292905807495117188e+00
-2.439662694931030273e+00,2.598672151565551758e+00,2.154282093048095703e+00
2.524299621582031250e+00,2.599903106689453125e+00,2.242537260055541992e+00
2.530174732208251953e+00,3.024961471557617188e+00,2.173149108886718750e+00
-2.324989557266235352e+00,3.266175746917724609e+00,2.111279726028442383e+00
-2.287961006164550781e+00,3.625911474227905273e+00,2.213241815567016602e+00
2.496921539306640625e+00,3.685959577560424805e+00,2.321346044540405273e+00
-2.227434158325195312e+00,4.031847000122070312e+00,2.335432291030883789e+00
2.307865619659423828e+00,4.172461509704589844e+00,2.231181621551513672e+00
-2.084293842315673828e+00,4.410137653350830078e+00,2.180203437805175781e+00
2.208976984024047852e+00,4.381293773651123047e+00,2.253497600555419922e+00
1.830446720123291016e+00,4.814718246459960938e+00,2.270452976226806641e+00
-1.645137310028076172e+00,4.964174270629882812e+00,2.392396926879882812e+00
-1.297862291336059570e+00,5.119893074035644531e+00,2.272648811340332031e+00
-5.846934914588928223e-01,5.153036117553710938e+00,2.317524909973144531e+00
-2.586984932422637939e-01,5.190046310424804688e+00,2.325597286224365234e+00
1.587689667940139771e-01,5.190232753753662109e+00,2.253302335739135742e+00
5.281574726104736328e-01,5.173472404479980469e+00,2.212660312652587891e+00
1.252552270889282227e+00,5.078286170959472656e+00,2.292590141296386719e+00
1.583307623863220215e+00,4.944226741790771484e+00,2.116823434829711914e+00
8.456767201423645020e-01,5.259311676025390625e+00,2.369782447814941406e+00
-1.829873323440551758e+00,-4.247745037078857422e+00,2.487753152847290039e+00
-1.541127562522888184e+00,-4.294309139251708984e+00,2.637342214584350586e+00
-1.256855964660644531e+00,-4.326569557189941406e+00,2.716297149658203125e+00
-8.301913142204284668e-01,-4.406292915344238281e+00,2.604673385620117188e+00
-5.636033415794372559e-01,-4.450567722320556641e+00,2.572989225387573242e+00
-2.215386480093002319e-01,-4.488250732421875000e+00,2.572884082794189453e+00
1.403838396072387695e-01,-4.468323707580566406e+00,2.640730857849121094e+00
4.180007576942443848e-01,-4.528641700744628906e+00,2.552778482437133789e+00
8.538318872451782227e-01,-4.403136730194091797e+00,2.584210872650146484e+00
1.121560811996459961e+00,-4.364041328430175781e+00,2.675503730773925781e+00
1.729030013084411621e+00,-3.949087142944335938e+00,2.483268022537231445e+00
1.760420680046081543e+00,-3.569435834884643555e+00,2.474504470825195312e+00
-2.549529314041137695e+00,-3.468991279602050781e+00,2.643103837966918945e+00
1.984024047851562500e+00,-3.205499887466430664e+00,2.536687850952148438e+00
-2.753583192825317383e+00,-3.112794160842895508e+00,2.471787691116333008e+00
1.963805437088012695e+00,-2.952432155609130859e+00,2.551962852478027344e+00
1.977656126022338867e+00,-2.716398477554321289e+00,2.556072711944580078e+00
-2.736493110656738281e+00,-1.819618701934814453e+00,2.530729532241821289e+00
2.137724876403808594e+00,-1.763050556182861328e+00,2.491368293762207031e+00
2.213599681854248047e+00,-1.738606333732604980e+00,2.593590259552001953e+00
2.214395284652709961e+00,-1.094750523567199707e+00,2.610306739807128906e+00
2.231678009033203125e+00,-8.806603550910949707e-01,2.519311666488647461e+00
2.278247594833374023e+00,-4.944388866424560547e-01,2.526057720184326172e+00
-2.658676147460937500e+00,-2.519130408763885498e-01,2.518175840377807617e+00
2.331270217895507812e+00,-1.857042312622070312e-01,2.567980289459228516e+00
-2.633740901947021484e+00,4.403815045952796936e-02,2.515473842620849609e+00
2.360444307327270508e+00,2.486558109521865845e-01,2.582405805587768555e+00
-2.626273155212402344e+00,6.837047934532165527e-01,2.460172414779663086e+00
2.419365644454956055e+00,6.925709247589111328e-01,2.754288196563720703e+00
-2.567001104354858398e+00,9.174438714981079102e-01,2.491275548934936523e+00
2.358420848846435547e+00,8.494869470596313477e-01,2.611087322235107422e+00
2.453091859817504883e+00,9.533256292343139648e-01,2.769544601440429688e+00
-2.482068538665771484e+00,1.354647874832153320e+00,2.497779369354248047e+00
2.422223091125488281e+00,1.234296083450317383e+00,2.588446617126464844e+00
2.452434062957763672e+00,1.164888739585876465e+00,2.786024570465087891e+00
2.408707618713378906e+00,1.484086513519287109e+00,2.607570171356201172e+00
-2.411046981811523438e+00,1.961530685424804688e+00,2.629403352737426758e+00
2.404428243637084961e+00,1.941599965095520020e+00,2.747749805450439453e+00
-2.327305078506469727e+00,2.390282869338989258e+00,2.796334266662597656e+00
2.372282028198242188e+00,2.273783206939697266e+00,2.713598251342773438e+00
-2.404090881347656250e+00,2.567023992538452148e+00,2.516686201095581055e+00
2.519373416900634766e+00,2.582574844360351562e+00,2.517382621765136719e+00
-2.281393289566040039e+00,2.851318836212158203e+00,2.486702203750610352e+00
2.505296468734741211e+00,2.926072597503662109e+00,2.590157508850097656e+00
-2.306113243103027344e+00,3.463920354843139648e+00,2.480332612991333008e+00
2.536614418029785156e+00,3.300674676895141602e+00,2.492188930511474609e+00
-2.279333114624023438e+00,3.688314199447631836e+00,2.481691122055053711e+00
2.441888093948364258e+00,3.753501176834106445e+00,2.658433198928833008e+00
2.323219537734985352e+00,3.976577043533325195e+00,2.635474205017089844e+00
2.453249216079711914e+00,3.902753591537475586e+00,2.464615345001220703e+00
2.172551631927490234e+00,4.434230327606201172e+00,2.615826606750488281e+00
-1.828997015953063965e+00,4.814927101135253906e+00,2.468747615814208984e+00
1.456408977508544922e+00,4.862214565277099609e+00,2.694946765899658203e+00
1.900979638099670410e+00,4.688974380493164062e+00,2.759447813034057617e+00
-1.274658918380737305e+00,5.112503528594970703e+00,2.514370441436767578e+00
5.930463671684265137e-01,5.199703693389892578e+00,2.581878662109375000e+00
8.932973146438598633e-01,5.145499229431152344e+00,2.571910858154296875e+00
1.254056215286254883e+00,5.034078598022460938e+00,2.542323112487792969e+00
1.492800712585449219e+00,5.002780914306640625e+00,2.474766969680786133e+00
-7.853786349296569824e-01,5.286177158355712891e+00,2.501095056533813477e+00
-4.272582828998565674e-01,5.287366390228271484e+00,2.554569005966186523e+00
3.586855903267860413e-02,5.283584594726562500e+00,2.580206155776977539e+00
-1.120794415473937988e+00,-4.290387153625488281e+00,2.824777603149414062e+00
-1.799630522727966309e-01,-4.293004989624023438e+00,2.826561212539672852e+00
2.367245554924011230e-01,-4.381245613098144531e+00,2.849128007888793945e+00
-2.131293296813964844e+00,-3.949222326278686523e+00,2.982511758804321289e+00
-1.878943204879760742e+00,-4.072637081146240234e+00,2.857477426528930664e+00
-1.519909381866455078e+00,-4.096142768859863281e+00,2.857318162918090820e+00
-1.312964320182800293e+00,-4.189154624938964844e+00,2.855279445648193359e+00
1.851727008819580078e+00,-3.070340871810913086e+00,2.845474243164062500e+00
2.418218374252319336e+00,1.347594022750854492e+00,2.891489505767822266e+00
2.412447214126586914e+00,1.403560161590576172e+00,3.051342248916625977e+00
-2.290297269821166992e+00,2.029284477233886719e+00,2.856292247772216797e+00
2.170376062393188477e+00,1.999878168106079102e+00,2.883105278015136719e+00
-2.200876712799072266e+00,2.281378269195556641e+00,2.909149169921875000e+00
2.019345521926879883e+00,4.498445510864257812e+00,2.960157632827758789e+00
1.910282611846923828e+00,4.627670764923095703e+00,2.919684410095214844e+00
2.751346230506896973e-01,5.190020561218261719e+00,2.889365196228027344e+00
8.262236714363098145e-01,5.019627571105957031e+00,2.873094797134399414e+00
